clean_name,C2_EAV_pct,burden_C2_neg10,burden_C2_nochange,burden_C2_plus10,burden_C2_plus20,burden_C2_plus30,burden_C2_plus40,C2_av,C2_eav_original,C2_DistrictRev,C2_current_nonTIF_EAV_post_exemps,C2_current_TIF_increment_EAV,C2_current_Exempt_EAV,C2_current_GHE,C2_Total_EAV,C2_exe_neg10,C2_exe_0,C2_exe_plus10,C2_exe_plus20,C2_exe_plus30,C2_exe_plus40,C2_PC_permuni,agency_num,MuniLevy,current_nonTIF_EAV_post_exemps,current_TIF_increment_EAV,current_Exempt_EAV,Total_EAV,cur_muni_comp_rate,tr_neg10,tr_nochange,tr_plus10,tr_plus20,tr_plus30,tr_plus40,tax_rate_current,taxrate_noexemps,taxrate_noTIFs,taxrate_noTIFs_orExemps,C2_neg10_taxableEAV,C2_nochange,C2_plus10_taxableEAV,C2_plus20_taxableEAV,C2_plus30_taxableEAV,C2_plus40_taxableEAV,burden_C2_noexemps
Alsip,0.37981300375738763,0.3655095276059194,0.32140240230495293,0.27129983158763177,0.219394219099389,0.1636107645936085,0.11417515953871589,90145642,270680457,26425669.63,205466034.1733957,187943.37446975862,65022693.59940674,44440053,270676671.1472722,0,44929996,88394423,127979995,165045374,193991257,5852,030010000,82505440.33,639279708.8630517,3196718.2760156062,70191265.44183755,712667692.5809048,0.12906000172715407,0.12067142845949472,0.12906000172715407,0.13858882688845117,0.14846056598705024,0.159069817713429,0.16847179510833646,0.12906000172715407,0.11629149509722433,0.1284178482584876,0.11576986187097804,249906087.17339572,205466034.17339572,161511664.17339572,121926092.17339572,84860713.17339572,55914830.17339572,0.38125411407819226
Arlington Heights,0.6840836504892623,0.6798129082671782,0.6573385491927143,0.6326756190418581,0.6042404636602275,0.5732120032164785,0.5390841585567346,796346019,2391188050,209178270.8,2055918583.1053326,2609659.6690487973,332659817.6005157,221426314,2391188060.374897,0,215426634,429921386,639738635,836789034,1022881740,27767,030020000,319606289.91,3127640369.837174,34173673.47607394,333647437.58868927,3495461480.901937,0.10218767253174918,0.09540605014214966,0.10218767253174918,0.10945357472337149,0.11792764675659374,0.12717463194032488,0.13734535517419363,0.10218767253174918,0.09233739223427627,0.1010832027221583,0.09143464794454886,2277344897.1053324,2055918583.1053324,1847423511.1053324,1637606262.1053324,1440555863.1053324,1254463157.1053324,0.6900837299866774
Barrington,0.653647553431553,0.6719894382801652,0.6583263709720394,0.6432248157918973,0.6269171078962817,0.60917694070283,0.5901834966804975,82393703,247403569,18644697.19,226343003.74689212,1378280.6993615744,19682271.63700582,14321424,247403556.08325952,0,14445134,28874435,43266736,57559278,71489928,2160,030030000,28298165.78,343815793.69620216,14998829.057611395,19682271.63700582,378496894.3908194,0.08230618342391927,0.07901487022776993,0.08230618342391927,0.0859440157441347,0.08987239968496966,0.09414585051917419,0.09872120476000763,0.08230618342391927,0.07784956366703054,0.07886569828960306,0.0747645917294649,240664427.74689215,226343003.74689215,211789992.74689215,197397691.74689215,183105149.74689215,169174499.74689215,0.6768269183451466
Barrington Hills,0.9687812484435866,0.967218351064978,0.9663053235304636,0.9653157099411258,0.9642790923504413,0.9631800533804913,0.962011805043888,67840811,203705599,17634943.42,196058570.1595108,0,7374911.451533616,5650990,203433481.6110444,0,5720000,11440000,17160000,22872684,28582684,1032,030040000,18247263.55,202895053.33903906,0,7374911.451533616,210269964.79057267,0.08993449199330009,0.08749752936014672,0.08993449199330009,0.09257587053590825,0.09534270750179573,0.0982761534285624,0.10139432613959691,0.08993449199330009,0.08678017123450865,0.08993449199330009,0.08678017123450865,201709560.1595108,196058570.1595108,190269560.1595108,184549560.1595108,178836876.1595108,173126876.1595108,0.96748711502217
Bartlett,0.832961665202147,0.8368499407717972,0.8196770067110987,0.798327952741568,0.7721470968647246,0.7405819070325317,0.7001011679324298,122238370,367045264,39305780.6,315228873.39083165,0,51777030.01310489,40480000,367005903.40393656,0,40626093,81191412,120702402,157735319,193818743,5439,030050000,48906288.83,384576938.0010637,4296879.8383838385,51777030.01310489,440650847.8525525,0.12716906292978164,0.11505820622525072,0.12716906292978164,0.14222504186083693,0.16068854919194986,0.18294924672667567,0.2114974510580963,0.12716906292978164,0.11207939520424388,0.12576390229025833,0.11098648526001402,355708873.39083165,315228873.39083165,274517461.39083165,235006471.39083165,197973554.39083165,161890130.39083165,0.8410738306658866
Bedford Park,0.018836826752028003,0.020853828003988894,0.01721137008608284,0.013194430736950074,0.00958836178026639,0.006431128634942314,0.004397552996054143,3472961,10428255,1163001.16,8004137.370956643,0,2424117.872020402,1730000,10428255.242977044,0,1817080,3623053,5309396,6775795,7715379,235,030060000,61689669.73,465049402.2802292,85270381.95180146,3290180.8262972175,553609965.0583279,0.1326518632805963,0.13216022264188265,0.1326518632805963,0.1331940495382805,0.13368077857813956,0.13410692601899385,0.13438140782455174,0.1326518632805963,0.13171995696116154,0.11209785927665258,0.11143164614730232,9734137.37095664,8004137.370956642,6111084.370956641,4424741.370956641,2958342.3709566407,2018758.3709566407,0.02226644003439931
Bellwood,0.7060529183860478,0.7163661642288017,0.6660649406237367,0.5911804115182978,0.4805715254658512,0.30793283761640483,0.09723908322397586,88055589,264404518,29212619.82,168396772.0685444,14519534.162212411,81488183.66090347,44837119,264404489.89166027,0,45839506,91147419,135123019,175668582,204140051,5890,030070000,43823561.59,252823353.69708726,40171041.94271801,81488183.66090347,374482579.3007088,0.17333668329748483,0.14722667471739465,0.17333668329748483,0.212207222766074,0.2696213124617525,0.3592333993643591,0.4685988449875103,0.17333668329748483,0.13108599821690398,0.14957133051744376,0.11702429969328365,213233891.0685444,168396772.0685444,122086472.06854439,78110872.06854439,37565309.06854439,9093840.068544388,0.7474613580621466
Berkeley,0.7082865201254195,0.7198612407313535,0.681673372867558,0.6305305284304352,0.5610014133999253,0.4604542197294176,0.30445321166104194,32125998,96464723,10597765.6,73059103.0021165,128085.97674018085,23277520.47710721,14610000,96464709.45596388,0,14736095,29445573,44070577,58553276,72735480,1778,030090000,15594888.9,107176113.82528082,5740857.981495263,23277520.47710721,136194492.2838833,0.14550713161164705,0.12805145357025716,0.14550713161164705,0.1688845306798383,0.2006662957892223,0.24662642760222728,0.31793450326349,0.14550713161164705,0.11954353731419597,0.13810934397608562,0.11450454888802751,87669103.00211649,73059103.00211649,58223530.00211649,43598526.00211649,29115827.002116486,14933623.002116486,0.7384740486103897
Berwyn,0.8002686590908215,0.8141245243078181,0.7895801554538817,0.7568906160771183,0.7138272191547866,0.6546364611403832,0.573897654260519,266025190,798793788,87681479.67,629961142.3968612,2993622.194736187,165838982.95543912,105396898,798793747.5470365,0,106589652,212709477,316644243,417194564,509299318,14081,030100000,111162471.85,797843180.3858277,34464866.7088704,165848982.95506424,998157030.0497622,0.139328723466989,0.12306942950799991,0.139328723466989,0.16098357040601616,0.1895108273201904,0.22872206454247615,0.282209335521759,0.139328723466989,0.11535060269103581,0.1335592900225224,0.11136771920993041,735358040.3968612,629961142.3968612,522648563.3968612,418713797.3968612,318163476.3968612,226058722.3968612,0.8257825015339445
Blue Island,0.6320973086080109,0.6518313864105343,0.5988805785940524,0.520135688526004,0.4384308482418157,0.3760305434466583,0.3479462719166724,66584109,199932064,22328698.93,145977892.7775391,1578709.5806458346,52375463.32655868,37108062,199932065.6847436,0,39744024,77128893,106783115,124199725,130955218,6107,030110000,37498994.62,243751255.2506555,20093100.541020773,52455146.321828164,316299502.1135044,0.1538412369669188,0.13350571692872654,0.1538412369669188,0.18407990046625866,0.21546663358001855,0.23945780497294383,0.25028680170647466,0.1538412369669188,0.1265975158569412,0.14212543795937063,0.1185553387515085,183085954.7775391,145977892.7775391,105957061.7775391,76302839.7775391,58886229.777539104,52130736.777539104,0.6696457438161052
Bridgeview,0.4015546431239947,0.38679102756823114,0.3454325443268595,0.29967497623438727,0.24867009708643592,0.19339543424461494,0.13834675741535085,78980751,237155501,22506646.44,173182044.51730123,10150083.784236185,53838049.57860368,33813935,237170177.8801411,0,33370826,66570843,98381704,128313224,154305703,4316,030120000,65534363.03,501348374.2673382,35172637.94121815,54072335.57342801,590593347.7819843,0.13071621729255786,0.12245698528306219,0.13071621729255786,0.13985394047404975,0.15003954442960832,0.16107781829455942,0.1720709630647679,0.13071621729255786,0.11799049237610905,0.12214687130375707,0.11096359834752458,206995979.51730123,173182044.51730123,140425136.51730123,108614275.51730123,78682755.51730123,52690276.51730123,0.40873537855833536
Broadview,0.3809526954379768,0.359372131554243,0.31688520700077516,0.2671552598560027,0.21295242860034738,0.1524701353996967,0.09321264307973638,42579999,127854968,11427104.56,92783929.56058021,743087.2129642749,34364465.38358643,19418705,127891482.15713091,0,19788441,39287742,58084091,76219892,91642126,2613,030130000,35666753.81,292799813.65729463,8454734.897336807,34364465.38358643,335619013.9382179,0.12181276130095454,0.11423650961956379,0.12181276130095454,0.13068058592301934,0.1403460134810909,0.15113119222423893,0.16169796495590874,0.12181276130095454,0.10901787296144036,0.11839407564507515,0.10627155294772925,112202634.5605802,92783929.5605802,72914892.5605802,54118543.560580194,35982742.560580194,20560508.560580194,0.3886377672920664
Brookfield,0.8974455471774028,0.900770065563017,0.8885138156976935,0.8690499705681752,0.8448583450114525,0.8136043258510104,0.771341428598816,152321360,457375308,47437410.1,377685030.09310955,941744.3947164153,78748508.45724927,52502561,457375282.9450753,0,58034594,115683871,172114861,223333527,270325382,8023,030140000,53101216.84,425075022.3805327,5817760.980437139,78748508.45724927,509641291.81821907,0.12492198798842409,0.1111886710932349,0.12492198798842409,0.14673152647693385,0.17383861580939078,0.20885922603642798,0.2562154538590481,0.12492198798842409,0.1053964604465789,0.12323533577380842,0.10419331732433557,430187591.09310955,377685030.09310955,314503720.09310955,258072730.09310955,206854064.09310955,159862209.09310955,0.9059393033735033
Buffalo Grove,0.8277760108864418,0.8174714534204184,0.7947103695305084,0.7657108291162948,0.7296046699370885,0.6856366895138748,0.6360916103545899,116539439,349932819,33143192.12,281527297.87323594,0,68405458.82807945,44174717,349932756.7013154,0,44330006,88022792,129471265,167088262,198584251,5962,030150000,41682124.78,354251446.3974517,81630.8009802562,68405458.82807945,422738536.02651143,0.11766253943035374,0.1046169368611966,0.11766253943035374,0.1342837372942986,0.1549781209725494,0.18017853766377753,0.2085754898957398,0.11766253943035374,0.09861929206564904,0.11763543248506086,0.09860024868276018,325702014.87323594,281527297.87323594,237679222.87323594,196230749.87323594,158613752.87323594,127117763.87323594,0.8279357378878979
Burbank,0.7843034055661239,0.7826671095494228,0.7522016407031142,0.705480551318103,0.646623377157167,0.5670076337070172,0.46260841759154775,163539734,491060748,46418400.66,377723172.430629,805127.5124094719,112532454.82473773,70391750,491060754.76777625,0,75236290,150051389,220421039,285167894,340997417,9319,030160000,61709566.75,502156804.7598985,11421432.419236716,112532454.82473773,626110692.0038729,0.12288903817504941,0.10778049518591182,0.12288903817504941,0.14605912595652543,0.1752477837945424,0.2147311046847278,0.26650513293520633,0.12288903817504941,0.1003914836444336,0.12015611698997249,0.09856015483859248,448114922.4306291,377723172.4306291,298063533.4306291,227693883.43062907,162947028.43062907,107117505.43062907,0.797566607210035
Burnham,0.5517790442501717,0.5294172835452199,0.43745558340398366,0.3152346020061138,0.19745210056065993,0.17502880718750616,0.17208644075426374,10593946,31810414,4845224.48,20094326.905087683,0,11716084.603677705,8976572,31810411.50876539,0,9334270,17175243,22713388,23588545,23699864,1389,030170000,11116023.19,45934553.512215376,0,11716084.603677705,57650638.11589308,0.2419969791813458,0.20243662985066951,0.2419969791813458,0.2945743533731234,0.3452423694609826,0.3548884864599487,0.35615424213627,0.2419969791813458,0.19281700174166058,0.2419969791813458,0.19281700174166058,29070898.905087683,20094326.905087683,11895655.905087683,6357510.905087683,5482353.905087683,5371034.905087683,0.5517790010375604
Burr Ridge,0.733682907803293,0.7288728905457343,0.7205120641088862,0.7123900718708618,0.7033735633800255,0.693782849852667,0.683672468601457,111631375,335195474,22865897.35,313685534.21233046,0,21502230.624984127,13425470,335187764.8373146,0,12860000,25720000,38580000,51427773,64128171,2007,030180000,31665218.47,435364721.6168268,0,21502230.624984127,456866952.24181086,0.0727326237008914,0.07055684161884603,0.0727326237008914,0.07484625269624073,0.07719266638693893,0.07968850849112258,0.08231958647548068,0.0727326237008914,0.06930949659331062,0.07273262370089141,0.06930949659331062,327111004.21233046,313685534.21233046,301391004.21233046,288531004.21233046,275683231.21233046,262982833.21233046,0.733666033825765
Calumet City,0.6238207497911993,0.6124741949297472,0.5294792985970153,0.40954158859487483,0.31606941068929223,0.26670244519948927,0.2556547689351805,97175238,291788081,48335132.25,188439208.82438973,997043.1965209126,102351810.12921476,76220720,291788062.1501254,0,78712617,148512468,187272314,203755653,207145010,11456,030190000,92759713.84,355895328.3418359,9193251.683557285,102654888.1065424,467743468.1319356,0.2606376270016804,0.21466389456246293,0.2606376270016804,0.3270752566952573,0.3788527163635502,0.40619877935115095,0.4123184678512029,0.2606376270016804,0.20228910708723327,0.2540745422208173,0.19831322115616468,264659928.8243897,188439208.8243897,116147460.8243897,77387614.8243897,60904275.824389696,57514918.824389696,0.6341530513405406
Calumet Park,0.5523383514854324,0.5371470944567294,0.43168073341516616,0.2658905128086511,0.17064465565912112,0.15994825430028983,0.15766225282452082,18373997,55171568,6482242.83,31427532.386308543,226839.47444972364,23517174.13019404,16588938,55171545.990952305,0,17006425,33030599,39503286,40138516,40272183,2405,030200000,15016289.42,72802721.90439251,3567370.260835838,23517174.13019404,99887266.29542239,0.20626,0.1679831142643558,0.20626,0.2664302122607792,0.30099777252266513,0.30487981537074654,0.3057094734381662,0.20626,0.15590018301730674,0.1966252625112974,0.15033236944925946,48016470.38630854,31427532.386308543,14985871.386308543,8513184.386308543,7877954.386308543,7744287.386308543,0.5704398445028744
Chicago,0.5268407596899017,0.556311029995623,0.5380460726831929,0.5188961516184996,0.4991036312928291,0.4791223485036392,0.459671345977411,21348848397,64104190395,3507345976.9499993,52261936653.14451,5003818013.100883,6838594534.054864,3999077904,64104349200.30025,0,3996612882,7865883434,11551625390,14988357133,18089707915,732978,030210000,6537491409.419998,97132828035.55908,17704424134.74995,6839344061.029853,121676596231.33885,0.06730465427225805,0.06464296117283819,0.06730465427225805,0.07009546321829704,0.07297987654872697,0.07589184784528329,0.07872660749228738,0.06730465427225805,0.06287731878244063,0.056928316255117226,0.05372842117468939,56261014557.1445,52261936653.1445,48395131123.1445,44709389167.1445,41272657424.1445,38171306642.1445,0.5684264356071708
Chicago Heights,0.5190074904032076,0.5132290147994082,0.435395553224733,0.3388275980692107,0.2523741462283634,0.21057644379756849,0.19915363292366686,76290725,229078213,31783806.59,153007474.48409867,54562.83483640882,75908863.69835615,56202004,228970901.01729125,0,57993340,107534258,142238025,156291044,159877968,9118,030220000,74483456.52,351421766.6001807,14028839.653733373,75926863.69749892,441377469.951413,0.211948899012682,0.1827215061459066,0.211948899012682,0.24821240168848216,0.2806822574313046,0.29638936882090494,0.3006932245354904,0.211948899012682,0.174292021172776,0.20381265004182014,0.16875228481462629,209209478.48409867,153007474.48409867,101675220.48409867,66971453.48409867,52918434.48409867,49331510.48409867,0.5356664838799128
Chicago Ridge,0.44547581558803284,0.44477320054339764,0.3974933960613007,0.34051671837881914,0.28751653499302265,0.2378845671879655,0.19271603129278428,56234056,168853911,15951389.5,127804678.66018644,382512.2317147877,40666727.52054073,27379284,168853918.41244197,0,28018306,55157872,77009180,94716164,108938390,4062,030230000,40095738.88,321526545.9164425,16848427.799055845,40666727.52054073,379041701.2360391,0.1247042876839786,0.11491851222320448,0.1247042876839786,0.13649708125428178,0.14746683672756528,0.1577394530790261,0.16708824703035327,0.1247042876839786,0.11070260499185147,0.11849498927102102,0.1057818671382317,155183962.66018647,127804678.66018645,100026090.66018647,78174782.66018647,60467798.66018647,46245572.66018647,0.46514228324021856
Cicero,0.6317740302574646,0.7049862043352633,0.6614408233700465,0.6020794960313759,0.521386186273642,0.4148986256542424,0.30228080458582296,227688958,683681595,71071771.89,494377934.6828047,18887776.919866443,170415862.75826567,110371248,683681574.3609368,0,111238172,221901638,329130718,425354088,495153045,14520,020060000,107449932.6,747425797.1619365,164291939.4129104,170443862.75740442,1082161599.3322513,0.14376,0.12525973132151494,0.14376,0.16897953811356642,0.20326254497552557,0.24850640114327577,0.29636128394437483,0.14376,0.11706447798856573,0.11785438441032123,0.09929194740074132,604749182.6828046,494377934.68280464,382847544.6828046,275618464.6828046,179395094.68280458,109596137.68280458,0.7242790850059146
Country Club Hills,0.6290947198680921,0.7411415437775081,0.685176241171729,0.6061961041358278,0.500215569777873,0.41466387737759103,0.36605963147370557,64945021,195010368,33227509.77,134229128.30941063,30236.97229551451,60648611.26141695,42354638,194907976.5431231,0,42548524,81644667,114855162,132891673,140970205,5964,030240000,48239067.65,195904528.27124244,53432561.89063275,60648611.26141695,309985701.42329216,0.246237634605413,0.202464687528886,0.246237634605413,0.30801150515734943,0.39090358481375,0.45781736048157173,0.4958328984056995,0.246237634605413,0.18802758655720575,0.19346928135995378,0.15561707339568062,176583766.30941063,134229128.30941063,94939099.30941063,61728604.30941063,43692093.30941063,35613561.30941063,0.7595999017038709
Countryside,0.4446849422181287,0.4399721378243981,0.41507881285294806,0.38703119861817703,0.35978090819764424,0.33500434659043715,0.31010696270369986,55339400,166167597,10991440.32,141363763.8646012,0,24803813.63770316,15138429,166167577.50230438,0,15441556,30721932,44554698,56147769,66958574,2225,030250000,26921653.27,340570897.59164083,8300179.067460317,24803813.63770316,373674890.2968043,0.07904860180472678,0.07568441774625276,0.07904860180472678,0.08283906920090883,0.08652178304997019,0.08987018723777407,0.0932349198343851,0.07904860180472678,0.07368231145340927,0.07716791408393667,0.07204565778721855,156502192.86460122,141363763.86460122,125780260.86460122,111947494.86460122,100354423.86460122,89543618.86460122,0.45478675013718106
Crestwood,0.46409745446726247,0.4565154920647061,0.3989678631714011,0.32873158776197625,0.26022208685617193,0.2015858258548555,0.1458190046821774,64913362,194915361,15171534.24,138504102.44325274,0,56407173.99489376,36759110,194911276.4381465,0,36809705,73082802,101868426,122582193,139643809,5474,030260000,37957431.69,347156037.4369046,16424787.045252886,56407173.99489376,419987998.47705126,0.109338244468523,0.09886932553563334,0.109338244468523,0.12211544984691727,0.13457852477994953,0.1452454849094216,0.15539044381092795,0.109338244468523,0.0940557281109226,0.10439888226795838,0.09037741989685462,175263212.44325274,138504102.44325274,102180410.44325274,73394786.44325274,52681019.44325274,35619403.44325274,0.48297582861089466
Deer Park,0.9245327486688801,0.9245324522925967,0.9137960427283774,0.8994981172187505,0.879514140932313,0.8496104008168782,0.8032794727921777,197774,593855,55424.38,513854.8117930651,0,79999.9976589199,80000,593854.8094519849,0,80000,160000,240000,320000,395914,10,030270000,60652.9,562329.8720563693,0,79999.9976589199,642329.8697152892,0.10786000000000001,0.09442640399990186,0.10786000000000001,0.12574983121284175,0.15075415526566244,0.18817027293515312,0.24614039466631937,0.10786000000000001,0.0944264043440549,0.10786000000000001,0.0944264043440549,593854.811793065,513854.81179306505,433854.81179306505,353854.81179306505,273854.81179306505,197940.81179306505,0.9245324520175425
Des Plaines,0.5399523551695978,0.5320263924400332,0.4962889188002025,0.45541307741195197,0.4080774679445639,0.35520676751987584,0.2990474605337179,448971750,1348127434,109481489.19,1087733442.706126,436225.8474162352,259975201.07596958,167374923,1348144869.6295118,0,166117387,331883066,493998850,646931118,784108359,21677,030290000,221086974.34,2191734293.2736917,45043082.230093144,259975201.07596958,2496752576.5797544,0.10087307344622175,0.09371629461446292,0.10087307344622175,0.10905886070488559,0.11853827973821741,0.12912615490345986,0.1403726057157194,0.10087307344622175,0.09017666034639449,0.09884174292947015,0.08854981323093782,1255108365.7061262,1087733442.7061262,923225299.7061262,761109515.7061262,608177247.7061262,471000006.7061262,0.5497016048957251
Dixmoor,0.2668229095309737,0.2935560220646946,0.19911659258268283,0.11041695978691866,0.10105672342873098,0.09756978225960858,0.09687773121573867,4093606,12291863,1157711.49,6523420.803516088,260859.24381585623,5507577.640873898,4379692,12291857.688205842,0,5607678,7646347,7953465,8066246,8088526,1046,030300000,5814239.16,32761814.165774498,7798103.003324506,5507577.640873898,46067494.809972905,0.17747,0.15654290200427468,0.17747,0.19712520035310438,0.19919936137467487,0.199972042446043,0.20012539597742862,0.17747,0.1519292281773319,0.14334938446150572,0.126211316330171,10903112.803516088,6523420.803516088,3256765.803516088,2949647.803516088,2836866.803516088,2814586.803516088,0.31437652589764664
Dolton,0.7241148147376427,0.7250621732109528,0.6578679476739975,0.5545000045386229,0.4315218331055287,0.36107169241590786,0.3535274909883343,73886917,221860235,36114134.81,145706759.10132113,0,76164051.88937193,54130050,221870810.99069306,0,55842309,105520112,142316168,157013912,158397943,8275,030310000,55052531.75,221483292.53080624,7835182.047201364,77069725.86280668,306388200.4408143,0.2485629101903599,0.1997455248156086,0.2485629101903599,0.3236609215910518,0.4130059916407066,0.4641888371942904,0.46966978716419605,0.2485629101903599,0.18439784010965388,0.24007019866719326,0.17968228433991085,199836809.10132113,145706759.10132113,94316697.10132113,57520641.10132113,42822897.10132113,41438866.10132113,0.7431538029140877
East Hazelcrest,0.529451508919849,0.5314541269969172,0.4618672465244353,0.37916206844777534,0.32620362214555715,0.28887562951482126,0.27340219280416195,4601052,13815586,2017535.91,9483575.773244334,0,4332009.6946029095,3049511,13815585.467847245,0,3076879,5784839,7183694,8044499,8375395,477,030330000,4368216.03,20533120.381686565,1229017.8621791857,4332009.6946029095,26094147.93846866,0.21274,0.1852302213141576,0.21274,0.24543583475525727,0.26637189522280785,0.28112876906290446,0.28724588218148955,0.21274,0.17567637959655716,0.2007254976992576,0.16740213324077405,12533086.773244336,9483575.773244336,6748247.773244336,5349392.773244336,4488587.773244336,4157691.7732443362,0.5556208805447315
Elgin,0.6537528157229084,0.6534040465029635,0.6124805709754287,0.5626155784112532,0.49890050196975366,0.4243790755473989,0.35651415818451915,113716844,341457515,31311611.29,272795861.6287564,74728.17061445677,68588476.54257192,52588948,341459066.3419428,0,51788425,103367219,153542969,198135237,229758647,6979,030340000,51284180.59,445395126.892442,8320097.272450373,68588476.54257192,522303700.7074643,0.11514311112430417,0.10298357553115872,0.11514311112430417,0.12995942728806845,0.14889099968809885,0.1710334478881523,0.19119805677247306,0.11514311112430417,0.09977785331528417,0.11303165038024368,0.0981884304486742,325384809.6287564,272795861.6287564,222017590.6287564,171841840.6287564,127249572.6287564,95626162.6287564,0.6641930518596623
Elk Grove Village,0.30927240406572026,0.34562192175463485,0.31590852914083284,0.28336236639389834,0.24835988137334955,0.21172006528816212,0.1748086917384156,264974151,795638011,64092684.39,652146263.33001,97602.05516495404,143394165.03066853,93736160,795638030.4158435,0,93780000,187488872,279256002,366585446,446720572,11994,030350000,195805552.93,2064351554.874549,364866645.57090586,143394165.03066853,2572612365.4761233,0.09485087579566803,0.09073104470240789,0.09485087579566803,0.09936347706587244,0.10421665314049024,0.1092968489808323,0.1144146968961373,0.09485087579566803,0.08869026499048373,0.08060434953685693,0.07611156486599625,745882423.33001,652146263.33001,558393551.33001,466626421.33001006,379296977.33001006,299161851.33001006,0.3603406049836358
Elmwood Park,0.856201040870481,0.8542008114530849,0.8365999768769371,0.8140711002691794,0.786774036923159,0.7523966667513153,0.707117634182134,164361147,493527215,50339860.01,402429131.10560393,265993.7644895675,90867046.80620256,58069718,493562171.67629606,0,58636673,116355711,170475067,221655005,270731225,7904,030370000,60171959.6,481029335.6783116,4518724.998001439,90867046.80620256,576415107.4825156,0.12509,0.1116157767101285,0.12509,0.1423368590946401,0.16323397764267164,0.18955138661609147,0.22421450401242843,0.12509,0.10521479317388294,0.12392585713592869,0.1043899766312513,460498849.10560393,402429131.10560393,344143138.10560393,290023782.10560393,238843844.10560393,189767624.10560393,0.8625621581461288
Evanston,0.6689378817241257,0.6704400091028594,0.6548318958915238,0.6393973239132295,0.6219127958417321,0.603333380957949,0.5841015802527316,779040360,2339224565,187174324.22,2110361811.1377733,2434273.239155344,226428406.06264654,152651438,2339224490.439575,0,145631082,290609969,433281365,571101374,700789465,22043,030380000,286739428.05,3222753540.8375483,46731502.81661894,227438406.05519077,3496923449.7093577,0.08897342735537898,0.08494938543786092,0.08897342735537898,0.0929528077760921,0.09746068313209062,0.1022508743638126,0.10720932221449192,0.08897342735537898,0.08310825381997633,0.08770170966419938,0.0819976279646133,2263013249.1377735,2110361811.1377733,1972403280.1377735,1829731884.1377735,1691911875.1377735,1562223784.1377735,0.6772928153475478
Evergreen Park,0.6877844373332455,0.6925528975151235,0.6541801284240778,0.5892700979502414,0.5148769436774652,0.4238833062999173,0.3207723170552116,124753061,374596038,37378959.39,293582778.7464656,522891.53314483195,80490335.01128164,56012630,374596005.2908921,0,63976209,126935895,184879820,235407787,276302041,8064,030390000,57980172.83,448779725.93528277,15371570.452403395,80490335.01128164,544641631.3989679,0.1291951696551487,0.11485945091734585,0.1291951696551487,0.15344496872300545,0.18123757689110745,0.21523197508736738,0.25375330611462543,0.1291951696551487,0.10954742598949635,0.12491653751963579,0.10645563887775523,349595408.7464657,293582778.7464657,222659513.74646568,164715588.74646568,114187621.74646568,73293367.74646568,0.7067717246064179
Flossmoor,0.8476248016409941,0.8408941288190157,0.8209304281096047,0.7945337685581549,0.7616160481189015,0.7183681526039174,0.6662232060044552,77826717,233690270,34475522.22,192274995.91751787,0,41484187.45442236,29388086,233759183.37194023,0,30066416,59478279,87665388,114682844,137948354,3817,030400000,41964925.75,234215944.9008104,0,41484187.45442236,275700132.3552328,0.17917194223378768,0.1591968286926184,0.17917194223378768,0.2055836922055369,0.2385202310197352,0.2817928504555293,0.3339676072345391,0.17917194223378768,0.1522122074861003,0.17917194223378766,0.1522122074861003,221663081.91751787,192274995.91751787,162184802.91751787,133997693.91751787,106980237.91751787,83714727.91751787,0.8478747593445017
Ford Heights,0.4157196138809339,0.4088849190302636,0.3312130029436788,0.31563311401625094,0.3125901589812039,0.30951391551533386,0.30652144918081,2635716,7914322,1327967.89,5019349.348524848,368166.45802782645,2353515.2337103905,1993959,7741031.040263065,0,2185434,2346393,2416393,2486393,2553926,797,030410000,3698656.65,15154445.338543562,1525808.3980113738,2357390.2324561984,19037643.969011135,0.24406413876414854,0.21563645140087023,0.24406413876414854,0.25014778047890257,0.2515085840359015,0.25288427411424214,0.25423197828176153,0.24406413876414854,0.2112089640748518,0.22173863230235868,0.19428121757190933,7013308.348524848,5019349.348524848,4666915.348524848,4596915.348524848,4526915.348524848,4459382.348524848,0.4210218027883366
Forest Park,0.6445187937626454,0.6584919077986064,0.6324994600118072,0.6019868998671594,0.5701815603286017,0.5375759202367474,0.5043591259596873,100535937,301879256,28763466.74,253740014.34020507,2710196.595519492,45429043.69780356,30533387,301879254.6335281,0,30717096,61287987,88697695,112883137,134249812,5154,030420000,45152753.08,401170325.640228,21443922.208502382,45765043.68077617,468379291.52950656,0.11255257478962506,0.10459199621854832,0.11255257478962506,0.1218975058414645,0.13163837005145432,0.14162433835811297,0.15179748183774025,0.11255257478962506,0.10102747775052405,0.10684153056799418,0.09640211234051858,284273401.3402051,253740014.34020507,222985414.34020507,195575706.34020507,171390264.34020507,150023589.34020507,0.6693787929393774
Forestview,0.18948956935749836,0.17567675205103686,0.15033223115247185,0.12337979575548418,0.09466141837518119,0.06400015890884635,0.03332861543497914,4862794,14601509,1464539.51,11050298.367257828,0,3551209.8302683346,2260000,14601508.197526162,0,2260000,4520000,6780000,9039822,11156974,268,030430000,9139937.28,73505849.5609651,0,3551209.8302683346,77057059.39123344,0.12434299221886301,0.12063399714993672,0.12434299221886301,0.12828729443641415,0.1324900300303286,0.13697709295895333,0.14146566088084184,0.12434299221886301,0.11861258854422134,0.12434299221886301,0.11861258854422134,13310298.367257828,11050298.367257828,8790298.367257828,6530298.367257828,4270476.367257828,2153324.367257828,0.18948955894347733
Frankfort,3.0038082921909406,1,1,1,1,1,1,31486,94543,2647.31,31474.378789680184,0,0,0,31474.378789680184,0,0,0,0,0,0,1,030440000,2647.31,31474.378789680184,0,0,31474.378789680184,0.08410999999999999,0.08410999999999999,0.08410999999999999,0.08410999999999999,0.08410999999999999,0.08410999999999999,0.08410999999999999,0.08410999999999999,0.08410999999999999,0.08410999999999999,0.08410999999999999,31474.378789680184,31474.378789680184,31474.378789680184,31474.378789680184,31474.378789680184,31474.378789680184,1
Franklin Park,0.29454135063449155,0.288337660033215,0.25104765039237903,0.20159970482110298,0.15415442613352265,0.10662020313171576,0.062003605278821816,90629417,272132968,26556986.9,204880169.33789912,4583558.828584671,62669184.76874102,42762420,272132912.93522483,0,46902619,93306620,136248315,174696615,207239579,5970,030450000,105413878,816100724.3751469,45151188.56880974,62669184.76874102,923921097.7126976,0.1291677299768492,0.12273652524313673,0.1291677299768492,0.13769574766022616,0.14587837630062556,0.15407634468215667,0.1617711261551937,0.1291677299768492,0.1199561761311285,0.12239610317923263,0.1140940262766675,247642589.33789915,204880169.33789915,154335969.33789915,111394274.33789915,72945974.33789915,40403010.33789915,0.3044589389357803
Glencoe,0.9411766949653563,0.9406135419031839,0.9390453617758278,0.9372799111378494,0.9354699758248752,0.9335549595544886,0.9315404934186532,293040618,879913100,80787918.47,847223545.3520728,0,32689534.10446716,23824290,879913079.45654,0,24610000,49220000,73813071,98375215,122729862,3442,030460000,85958759.89,902217911.7629517,0,32689534.10446716,934907445.8674189,0.09527494274862586,0.09282380406244566,0.09527494274862586,0.09803442444451115,0.10086343776238448,0.10385669751815177,0.10700540205241395,0.09527494274862586,0.09194360390428422,0.09527494274862586,0.09194360390428422,871047835.3520728,847223545.3520728,821827835.3520728,797234764.3520728,772672620.3520728,748317973.3520728,0.941176672991566
Glenview,0.7054658601486856,0.7049865414463841,0.6919360200414378,0.6787640019550466,0.6638476704702957,0.647637386485365,0.6304104796466945,777634621,2335003434,177361150.34,2124951598.4464786,0,210051643.0408963,135852970,2335003241.487375,0,130900000,261777754,392462747,521938576,647085984,16799,030470000,256929623.13,3071023240.4424067,28799578.064516123,210051643.0408963,3309874461.547819,0.08366254600306676,0.08011834765974803,0.08366254600306676,0.0872397398355108,0.09129064597912365,0.0956929575697045,0.10037135874492359,0.08366254600306676,0.07830654046433545,0.08288526092396277,0.07762518672984663,2260804568.4464784,2124951598.4464784,1999026814.4464784,1868341821.4464784,1738865992.4464784,1613718584.4464784,0.7116580158659636
Glenwood,0.7019610462459936,0.7769777992191518,0.7239574591076998,0.6442270190650804,0.5257722895318455,0.38194441584861266,0.31937924152965874,36501913,109604336,13810285.74,73661807.96411623,805675.7027085139,35029316.71166915,24224163,109496800.37849389,0,24363704,47044669,66768324,80547378,84725001,3364,030480000,18917354.58,101748807.25023085,19352072.97160352,35039316.71096027,156140196.93279463,0.18592212617762238,0.1501580296323053,0.18592212617762238,0.2397080813994924,0.31963280645487024,0.41672227725818023,0.4590702945133367,0.18592212617762238,0.13829676167915822,0.1562115365746881,0.12115621058261088,97885970.96411623,73661807.96411623,50841301.96411623,31117646.96411623,17338592.96411623,13160969.96411623,0.7945947464461368
Golf,0.8859906430563036,0.8848199152433281,0.8808031795914487,0.8762846005907244,0.8715243140935526,0.8663830380452733,0.8608131270453204,12616576,37883787,3386512.84,36022900.11700883,0,1860889.9814498117,1426250,37883790.09845864,0,1460000,2920000,4380000,5840000,7300000,188,030490000,3844800.88,40897786.1929582,0,1860889.9814498117,42758676.17440801,0.09401,0.09084201852751679,0.09401,0.09757378308080772,0.10132819978475387,0.1053831012464045,0.10977606518043233,0.09401,0.08991861357721818,0.09401,0.08991861357721818,37449150.11700883,36022900.11700883,34529150.11700883,33069150.117008828,31609150.117008828,30149150.117008828,0.8859907155201616
Hanover Park,0.7610144848032813,0.7779179348705008,0.7481679491123492,0.7087345431319301,0.6556111511406457,0.584391428710838,0.496126171001566,87931498,264031985,25210259.47,207819116.6956664,4472816.975974447,51736710.0826736,37210000,264028643.75431445,0,37424618,74816395,111862720,146669520,176153146,5035,030500000,33846815.99,277770675.6113113,17439998.71519758,51736710.0826736,346947384.4091825,0.12185165304260685,0.10745680167302468,0.12185165304260685,0.14093193169211807,0.16663625767664592,0.20109668825614868,0.24380478486337806,0.12185165304260685,0.10271944563158807,0.11465308992372257,0.09755604887362913,245029116.6956664,207819116.6956664,170212721.6956664,133166396.6956664,98359596.6956664,68875970.6956664,0.7877086767924248
Harvey,0.47774552818646154,0.47870752413340995,0.37786749369791456,0.3115355681324184,0.29878479971882677,0.29405840290273466,0.29215941870450357,40769727,122419202,20336044.48,75999714.3730228,570801.9151288492,45848693.732166134,38906659,122419210.02031778,0,41565154,58284863,61589767,62784485,63260009,9383,030510000,54832588.97,201127949.98391852,9266889.247389624,45848693.732166134,256243532.9634743,0.2726254057398995,0.2284361792747711,0.2726254057398995,0.30169279562487894,0.30728032461112836,0.30935148443097743,0.31018364049466496,0.2726254057398995,0.22201528106047766,0.2606175568295049,0.21398623542166037,114906373.3730228,75999714.3730228,56621510.373022795,53316606.373022795,52121888.373022795,51646364.373022795,0.4933600451922142
Harwood Heights,0.6284112743821244,0.6074361376075997,0.5790086609476023,0.5452284400888193,0.50620865683109,0.46101922877148205,0.4093513666754452,64732347,194371763,14229043.01,158075198.44978714,0,36296537.376931906,19770000,194371735.82671905,0,20029062,40049062,60020067,79535219,98189128,2597,030520000,24535395.08,273010075.8615289,0,36296537.376931906,309306613.2384608,0.08986992513948236,0.08380145065473676,0.08986992513948236,0.09708106142225553,0.10541069834121004,0.1150573825840598,0.12608703205176539,0.08986992513948236,0.07932386192171187,0.08986992513948236,0.07932386192171187,177845198.44978714,158075198.44978714,137796136.44978714,117825131.44978714,98309979.44978714,79656070.44978714,0.6284111865298775
Hazelcrest,0.7572472875147213,0.7436284766209066,0.6790426207697077,0.593681218051515,0.4868419298260589,0.4139918159216697,0.3795042138943517,47440490,142449552,22497161.26,92778170.74083236,106888.63452363505,49539877.17626652,34449445,142424936.5516225,0,34512493,63168122,85642795,96268610,100431146,5356,030530000,33129544.96,136630850.4106363,1934244.0334106418,49549877.17574997,188114971.61979693,0.24247485000957708,0.1936377798663875,0.24247485000957708,0.30703315709796725,0.38785430152759026,0.44301682662113334,0.46919620525848577,0.24247485000957708,0.1779429342096011,0.23909011928958643,0.17611328154655767,127227615.74083236,92778170.74083236,64059493.74083236,41584820.74083236,30959005.74083236,26796469.74083236,0.7644080553453875
Hickory Hills,0.73646488394061,0.7241830672769272,0.6920367241421403,0.6511407970790596,0.5997317225069144,0.5361314148304379,0.45717335673875964,88863913,266831632,25369387.65,211441613.26152632,0,55390016.895588554,35610000,266831630.15711486,0,35790000,71427164,106068823,138299790,167805128,4681,030540000,36842047.48,305535249.62657535,1388861.1688419653,55390016.895588554,362314127.6910059,0.12058198693940644,0.10799519418877462,0.12058198693940644,0.13659464990793316,0.15672370049475223,0.1816261874819564,0.2125419500937492,0.12058198693940644,0.10207666488690555,0.12003634183225623,0.10168537372470382,247051613.26152632,211441613.26152632,175624449.26152632,140982790.26152632,108751823.26152632,79246485.26152632,0.7392988380344635
Hillside,0.43402464295855947,0.4594955452660198,0.41720169344376157,0.3624954554376941,0.3035547906167666,0.23945607051967407,0.16546112094122023,44340810,133142174,14097292.02,101828770.00856586,348434.8358647722,30964948.946533952,19098638,133142153.79096457,0,20203338,40043524,58927242,76141203,92724616,2784,030550000,32604671.36,244075639.21427917,31721196.36005423,30964948.946533952,306761784.52086735,0.13358429159485133,0.12389003859010486,0.13358429159485133,0.1461236108887633,0.15963351108521046,0.17432569879403062,0.19128621980076188,0.13358429159485133,0.11854494486805132,0.11821988926052168,0.10628661393049785,120927408.00856586,101828770.00856586,80883884.00856586,62000166.00856586,44786205.00856586,28202792.008565858,0.48281499048226595
Hinsdale,0.9689109718700721,0.9686616751763064,0.96790716878206,0.9670732792606063,0.9662173177251377,0.9653172686825526,0.9643697461877097,69314085,208129414,15145707.07,201411509.99346635,0,6717875.134597691,5010000,208129385.12806404,0,5140000,10280000,15418901,20548901,25669443,796,030560000,15644671.81,208089697.5346377,0,6717875.134597691,214807572.66923538,0.07518234682135505,0.07341480063554329,0.07518234682135505,0.07713586007753608,0.07914108038945875,0.0812495824040162,0.083469298213586,0.07518234682135505,0.07283110001941111,0.07518234682135505,0.07283110001941111,206421509.99346635,201411509.99346635,196141509.99346635,191002608.99346635,185872608.99346635,180752066.99346635,0.9689108374617009
Hodgkins,0.04368187302025535,0.04324278886308098,0.03777648681188468,0.03207622919884266,0.026545238685689605,0.0214504759552293,0.01670043442675752,3554681,10673639,899608.95,8595537.454614945,52882.57213835276,2025218.8886279194,1300000,10673638.915381217,0,1320000,2640000,3925208,5096197,6177024,166,030570000,22775069.01,227536708.14912155,14787462.354290083,2025218.8886279194,244349389.39203954,0.1000940428261528,0.09952541790261472,0.1000940428261528,0.10068700467110865,0.10126235872731987,0.10179233475881608,0.10228645161800771,0.1000940428261528,0.09921100290404357,0.09398595675654797,0.09320698147298899,9895537.454614945,8595537.454614945,7255537.454614945,5970329.454614945,4799340.454614945,3718513.4546149448,0.04626532143327223
Hoffman Estates,0.6259039651097561,0.6236558515843638,0.5936902600501958,0.559682931134639,0.5206781937425652,0.4767568924224196,0.4271785749766975,384977967,1155973151,108713897.49,973679348.8350728,128776.66119623544,181989293.9372748,130585129,1155797419.433544,0,128876752,257251998,380402991,497099473,607325025,16737,030580000,177316159.13,1640046021.2245178,24082493.912695106,182757293.92982674,1846885809.0670395,0.10811657528830156,0.10014291181283926,0.10811657528830156,0.11716572074444317,0.1275446465052964,0.13923184032330904,0.1524243320697534,0.10811657528830156,0.097276627519731,0.10655196249394219,0.0960081875444004,1104264477.835073,973679348.8350729,847012479.835073,723861486.835073,607165004.835073,496939452.835073,0.6340062217159685
Hometown,0.8856014770702604,0.874055442836879,0.840243189735227,0.7771348875961663,0.6446065038726015,0.5157932488718455,0.48268371604290417,19054242,57214154,4883044.46,38871552.778220035,0,18342589.247570515,12420000,57214142.02579055,0,12760000,25520000,37886409,43418719,44395624,1646,030590000,5811465.68,46262264.607546575,0,18342589.247570515,64604853.85511709,0.12561999999999998,0.09903274385993348,0.12561999999999998,0.1752433299949459,0.27945306938422315,0.38074152817591117,0.4067762212013811,0.12561999999999998,0.08995401015893943,0.12561999999999998,0.08995401015893943,51291552.778220035,38871552.778220035,25771552.778220035,13405143.778220035,7872833.778220035,6895928.778220035,0.8856012917249073
Homewood,0.6756728533745644,0.6703450506113473,0.6206963836138403,0.5552989268652888,0.4752845166884049,0.3800771815705123,0.2980103343037396,105973149,318205654,38721155.51,237621896.6875086,404105.6472089258,80179645.72794187,57657424,318205648.06265944,0,58341837,113956326,163749565,206250955,233634750,7722,030600000,62854932.64,382831128.0049968,7935561.332561265,80179645.72794187,470946335.0654999,0.164184487733661,0.14269368035536822,0.164184487733661,0.19249227988614565,0.2271271327551152,0.2683383600398666,0.30386162608933664,0.164184487733661,0.13575263515629182,0.16085028318701877,0.13346516993546206,295279320.68750864,237621896.68750864,181322994.68750864,131529755.68750864,89028365.68750864,61644570.68750864,0.6863804482414835
Indian Head Park,0.908722826294664,0.9028903534156376,0.8937767617355687,0.882663665182742,0.8691978728516073,0.8532142504129269,0.8341162231070276,54209925,162776138,11489824.41,137418070.97464532,0,25376397.18853642,14429191,162794468.16318175,0,14501068,28991068,43320168,56916158,69725742,2117,030610000,12849067.31,153749881.24305427,0,25376397.18853642,179126278.43159068,0.08357123404659841,0.07640110709750132,0.08357123404659841,0.09231447336196137,0.10290869832549228,0.11548382852826561,0.13050921973161475,0.08357123404659841,0.07173189451879966,0.08357123404659841,0.07173189451879966,151847261.97464532,137418070.97464532,122856193.97464532,108527093.97464532,94931103.97464532,82121519.97464532,0.9088251572499112
Inverness,0.9618075261511849,0.9609621839851372,0.958872842685269,0.9565194588770003,0.9538996008604724,0.9509466469320038,0.9475934721335416,153457526,460786898,40644543.69,427022401.8106378,0,33746430.11716892,23834910,460768831.9278067,0,23970000,47938818,71877292,95794012,119684248,3042,030630000,42636144.8,445337882.98225844,0,33746430.11716892,479084313.0994274,0.09573886801293874,0.09087514331124537,0.09573886801293874,0.10121725058335036,0.10731595171500305,0.11419005838477442,0.12199582908265101,0.09573886801293874,0.08899507588584193,0.09573886801293872,0.08899507588584193,450857311.8106378,427022401.8106378,402918493.8106378,378980019.8106378,355063299.8106378,331173063.8106378,0.9617698165629155
Justice,0.7526448296489939,0.7297269192826474,0.6955500403365018,0.6506811873752099,0.593055293432691,0.5193069574353221,0.43295040600699913,56201421,168755996,14034282.15,123385623.81882921,9545076.983848315,35845742.496125154,22431886,168776443.29880267,0,22703240,45217418,67110777,87471870,104582205,2972,030640000,20218646.12,177392878.53270224,10978684.866573034,35845742.496125154,224217305.8954004,0.11397665051290494,0.10118188387351323,0.11397665051290494,0.1307741615999043,0.15234751434936653,0.17995661085629638,0.2122858333417403,0.11397665051290494,0.0948169990147642,0.10733385525470344,0.09017433350765619,145817509.8188292,123385623.81882921,100600091.81882921,78706732.81882921,58345639.81882921,41235304.81882921,0.7467285501411499
Kenilworth,0.9679445719324118,0.9702947728338567,0.9696661573769958,0.9689853962146754,0.9682866842432336,0.967556689094227,0.9667934337548575,98352535,295323174,28197267.42,286548916.59885335,254455.71036306315,8519768.154681088,6253580,295323140.4638975,0,6370000,12740000,19107871,25467871,31818616,923,030650000,29078701.83,295512960.2274509,1070665.5140852232,8519768.154681088,305103393.8962172,0.09840076661144964,0.09636158405130824,0.09840076661144964,0.10060910602575239,0.10287567655178066,0.10524372741752953,0.10771967190790124,0.09840076661144964,0.09564332756127368,0.09804554030012846,0.09530769703561966,292802496.59885335,286548916.59885335,280062496.59885335,273694625.59885335,267334625.59885335,260983880.59885335,0.9705161885817409
La Grange,0.8169634508943051,0.8126956430617653,0.8025499643291198,0.7906285405059782,0.7776118265781314,0.763462628681467,0.7481737296810621,226297984,679504939,57264543.54,618531017.331044,0,61037423.49109798,41746746,679568440.8221419,0,42896196,85630124,128172213,169104592,208163674,5993,030660000,71548863.53,770707176.9021834,0,61037423.49109798,831744600.3932815,0.0928353409366017,0.08806513392712638,0.0928353409366017,0.09844045233255921,0.10456053770636035,0.11121308454563152,0.11840148614011745,0.0928353409366017,0.08602263663168826,0.09283534093660169,0.08602263663168826,660277763.331044,618531017.331044,574647639.331044,532105550.33104396,491173171.33104396,452114089.33104396,0.8170397986362824
La Grange Park,0.8944270915140654,0.9040283764551564,0.8954644039023174,0.8858156634502322,0.8740140687268763,0.8597988459925967,0.8423607184941658,139997491,420370451,36491889.54,363371434.33262867,579454.2094455853,56450600.98167149,36210530,420401489.5237457,0,35260000,70500456,105300418,139439095,172908691,4342,030670000,40669683.11,405791042.892496,7746860.486100334,56450600.98167149,469988504.3602678,0.1002232154266017,0.09201253028095381,0.1002232154266017,0.10947391881400154,0.12078866531653348,0.13441747104031326,0.1511362278480772,0.1002232154266017,0.08798359829533489,0.09834572061648887,0.08653335716233777,399581964.3326286,363371434.3326286,329081508.3326286,294281546.3326286,260142869.3326286,226673273.3326286,0.9082306643678021
Lansing,0.6360917949957259,0.6493314214480828,0.5807039812829048,0.47587120226367924,0.3592137939370768,0.2686306731591532,0.22281766462967814,108113851,324633457,44360131.98,216872316.3329992,7890393.5563837,99852114.15506853,73107221,324614824.0444514,0,78015814,147814200,202207853,232474525,245096132,10603,030680000,76739825.71,373464490.2104507,36068029.89726094,100823783.10821229,510356303.21592396,0.20548091645006566,0.1718382633762548,0.20548091645006566,0.25687184940577173,0.3140648849209249,0.35848476858361944,0.3809646042213115,0.20548091645006566,0.16179996434033767,0.18738396083860825,0.15036519628823422,289979537.33299917,216872316.33299917,142165337.33299917,87771684.33299917,57505012.33299917,44883405.33299917,0.6677888708314491
Lemont,0.7991023965806217,0.7965353082389529,0.7825221919892017,0.7661838612098195,0.7474408605167373,0.725644849745522,0.7001816163449234,214554556,644242907,44289183.97,565057208.0887982,6369094.15667262,72740257.04985978,49732630,644166559.2953305,0,50120000,100190505,150034432,199432676,248045727,6455,030690000,56597990.02,722097358.8651855,11370586.884409288,72740257.04985978,806208202.7994546,0.07837999865966379,0.07332960734424883,0.07837999865966379,0.0842684079475003,0.09102347129230337,0.09887885346053381,0.10805591947046227,0.07837999865966379,0.0712069847812152,0.07716491272451939,0.070202696801484707,614789838.0887982,565057208.0887982,514599333.08879817,464755406.08879817,415357162.08879817,366744111.08879817,0.8024248631016322
Lincolnwood,0.6315965957451624,0.6318340757777294,0.6135143019968883,0.5874797753096761,0.5612014530516773,0.5317222781245038,0.500441586434774,159720457,479592636,40912064.28,423432666.94266194,31914.09646036017,56128008.87724053,34360000,479592589.9163628,0,38988462,77931858,116667204,154944040,190618121,5013,030700000,66684776.78,690175706.6859863,13020073.173256053,56138008.87686233,759333788.7361046,0.09662000000000001,0.09203667369034702,0.09662000000000001,0.10313240207205403,0.10970624503528516,0.11708087232767546,0.1249064927389972,0.09662000000000001,0.0893522059013859,0.09483102528480503,0.08782010990317635,457792666.94266194,423432666.94266194,379860808.94266194,341125462.94266194,302848626.94266194,267174545.94266194,0.6425725078068965
Lynwood,0.7057704156555406,0.7010169420503404,0.6630560033733242,0.6162442325915118,0.5573388886089419,0.4908051084706109,0.43258461618004407,43412566,130354895,14647378.47,102366657.7881448,0,27715022.628470585,19672263,130081680.4166154,0,19734890,38552959,56618580,71984892,82471932,2697,030710000,21147269,154386141.24199212,2567559.8376639443,27745022.62488247,184698723.70453852,0.13697647230429041,0.12147431123904252,0.13697647230429041,0.15609669311088686,0.1801610211683607,0.2073596852579522,0.23120241200568925,0.13697647230429041,0.11611010741389215,0.13473571412799934,0.11449602128182089,122038920.78814481,102366657.78814481,83485961.78814481,65420340.78814481,50054028.78814481,39566988.78814481,0.7142197834506576
Lyons,0.6197492086488473,0.628959512658266,0.5869336950686964,0.5324100758131338,0.4671165901159552,0.3863866862507991,0.3164365848319556,50044955,150269936,13254524.68,115239794.63917024,1569619.496032784,33460511.3062671,22238644,150269925.44147012,0,22738416,45133239,66385528,86409059,99934392,3453,030720000,22610760.57,196342100.66212374,12666331.763885256,33460511.3062671,242468943.73227608,0.11516002168536353,0.10344351514105742,0.11516002168536353,0.13036082867657858,0.1485641997553466,0.1710711371859241,0.19057274043973363,0.11516002168536353,0.09839209561773864,0.10818109254039035,0.09325219230948538,137478438.63917023,115239794.63917024,92345199.63917023,71092910.63917023,51069379.63917023,37544046.63917023,0.6470783977246131
Markham,0.5522361161847648,0.5826690918223988,0.4855703902634766,0.35631969077745373,0.30464465482577724,0.27873670660117833,0.2682023414959993,31693972,95167437,15511749.71,58489391.15710249,48861.92780494375,36631109.96877336,28053708,95169363.05368079,0,31702184,52252090,59412637,62619282,63862143,5365,030730000,31939203.26,120455020.17815669,15224107.982530748,36651934.96767789,172331063.12836534,0.26515460470440283,0.21503720964801962,0.26515460470440283,0.3318819512468111,0.35864142292193835,0.37212407492067,0.37768112774937734,0.26515460470440283,0.2032959217518564,0.23540248004964903,0.18533630954396912,86543099.1571025,58489391.15710249,34291009.157102495,27130462.157102495,23923817.157102495,22680956.157102495,0.6054506055290818
Matteson,0.5480681368717923,0.525737519274735,0.47498897688962866,0.41229634677425425,0.33991695682099954,0.26209366951614016,0.20009220023381014,98214783,294909557,38853577.31,214411178.8360812,13349152.47912674,66907552.56252971,48313484,294667883.87773764,0,48534463,96473349,140693734,178559449,203452710,6378,030740000,82090659.27,451402430.93663013,19757237.82235822,66929552.561657675,538089221.320646,0.1818569277521774,0.16427136719617563,0.1818569277521774,0.20358142224777778,0.22866339991536253,0.25563342787884524,0.27712433699298245,0.1818569277521774,0.1583746746939284,0.17423108282214136,0.15255956822276204,262724662.83608118,214411178.83608118,166251313.83608118,122030928.83608118,84165213.83608118,59271952.83608118,0.542738515767357
Maywood,0.7698740848719005,0.7785607484287086,0.739609603542379,0.6814592720161582,0.5974439428903547,0.47263520734444153,0.33538258620447553,92470987,277662630,35374087.21,187506197.4321575,8654360.671411877,81519140.1240895,44629393,277679698.22765887,0,45729114,90931528,134191723,172999096,198843305,6561,030750000,47801940.05,253520501.26727912,25610154.095399976,81529140.12348846,360659795.48616755,0.1885525620652029,0.16032317212706332,0.1885525620652029,0.2306950289272588,0.2915851731203306,0.38204631613592316,0.4815511483052109,0.1885525620652029,0.14267121687275203,0.17125292092296396,0.13254025163953534,232135590.43215752,187506197.43215752,141204062.43215752,97943867.43215752,59136494.43215752,33292285.432157516,0.8029417266036807
Mc Cook,0.03317088013991375,0.04608798362971963,0.04175929820411037,0.037391148064024195,0.033001421452149,0.02880369192047139,0.02460488084408892,1832688,5503012,639987.36,4601246.3872312885,0,901765.9319570318,500000,5503012.31918832,0,500000,1000000,1497919,1969850,2437839,75,030760000,14222399.24,110184954.85104652,54812163.322225645,901765.9319570318,165898884.1052292,0.12907750662716652,0.12849442147886939,0.12907750662716652,0.12966590777481005,0.1302572153291373,0.13082266037903834,0.13138825111581484,0.12907750662716652,0.12802969733693004,0.0861978645291508,0.0857293243213063,5101246.3872312885,4601246.3872312885,4101246.3872312885,3603327.3872312885,3131396.3872312885,2663407.3872312885,0.049537985102088726
Melrose Park,0.3465470997126676,0.35236426037589413,0.32107658005297557,0.28370725859441237,0.24467741300193632,0.20327840155784577,0.16399526025412367,93050173,279401824,23344414.77,218370590.3326274,6888232.06797333,54142964.76904012,32861964,279401787.16964084,0,34308506,68348452,101661326,133428051,160661297,5186,030770000,79217249.88,680119958.5986549,71972854.26000743,54152064.76882411,806244877.6274863,0.11647540831358963,0.11110553621176751,0.11647540831358963,0.12288935183642684,0.12958823686773333,0.1366938909452953,0.14343682414582726,0.11647540831358963,0.10788542578089533,0.10532908774769394,0.0982545775833148,251232554.33262742,218370590.33262742,182884102.33262742,149571228.33262742,117804503.33262742,90571257.33262742,0.37113432955252806
Merrionette Park,0.3873403684517546,0.36897161662945105,0.3160519107027931,0.25658819194524185,0.1884107075163199,0.13309899602062822,0.11554891564726558,7192396,21596606,1761301.61,15785101.3622513,0,5811497.8648957815,4188490,21596599.22714708,0,4199669,8183442,12043442,14728931,15510825,611,030780000,5572823.8,49944647.78634164,0,5811497.8648957815,55756145.65123742,0.11158,0.10294662433933549,0.11158,0.12128097269485077,0.1324035181505972,0.14142712807840768,0.14429026637604075,0.11158,0.09994994695040078,0.11158,0.09994994695040078,19973591.362251297,15785101.362251299,11790149.362251297,7930149.362251297,5244660.362251297,4462766.362251297,0.3873402469789943
Midlothian,0.7703433562088124,0.7843566451801877,0.7452572121159555,0.6900717313675129,0.6086931694537397,0.4998084460874509,0.44454173285244963,68260997,204967226,23093862.97,153687291.8931784,278485.7510364707,51001426.36271918,37390920,204967204.00693405,0,37646822,74110306,109360788,138585271,149035108,5056,030800000,30988553.84,206220469.11404595,8472929.830840444,51379157.335381866,266072556.28026828,0.15026904930015664,0.1272048648985487,0.15026904930015664,0.18282215824632736,0.23082618314442557,0.29505569087443645,0.3276567176777872,0.15026904930015664,0.12029735550134307,0.14433864288466092,0.11646655436105224,191078211.8931784,153687291.8931784,116967905.8931784,81717423.8931784,52492940.8931784,42043103.8931784,0.7946002138170112
Morton Grove,0.6973920018025445,0.6955671762527476,0.6701617856420304,0.6347163557876953,0.5947654663467913,0.5474135442619592,0.4949426227394119,247476476,743097520,62619088.66,590222511.430047,27991272.234404527,124913820.54512316,73520000,743127604.2095747,0,79658372,158998014,237411941,312419810,379105473,9868,030810000,92225884.28,880716453.9598454,59897497.76583583,124923820.5448937,1065537772.2705749,0.1047168857415316,0.09664786690827029,0.1047168857415316,0.11597407693902007,0.12866253296757132,0.1437017818117298,0.1603674676415061,0.1047168857415316,0.0917086224747907,0.09804860337314726,0.08655336927519153,663742511.430047,590222511.430047,504744497.43004704,426330570.43004704,351322701.43004704,284637038.43004704,0.7111253895707018
Mt Prospect,0.6499236857999768,0.6397227314973145,0.6121496018976693,0.579961919723734,0.5429815325297432,0.5015189296996253,0.45581407527508155,451488543,1355684542,117669902.59,1132963271.953592,1168519.3926538301,221597993.98978782,141647026,1355729785.3360338,0,142044215,283474151,421758026,552404184,673349445,17862,030820000,190531575.47,1850794754.160414,13520677.718125537,221597993.98978782,2085913425.8683274,0.10294581559716591,0.0956271733343496,0.10294581559716591,0.11148928289742085,0.12130486163450889,0.13231013966441998,0.1444414241455126,0.10294581559716591,0.09193796670060088,0.10219921597602973,0.09134203419333436,1274610297.953592,1132963271.953592,991136146.9535921,852852271.9535921,722206113.9535921,601260852.9535921,0.6536218905187969
Niles,0.495438644280701,0.49090054820950074,0.4606893324235101,0.4238300550280714,0.38397569408308235,0.34003711343041854,0.29411427179980715,258010214,774727446,58623272.43,625983386.4525751,197011.29479209118,148576684.77181643,82472723,774757082.5191836,0,84091541,168070098,250589183,330004259,402431777,10678,030830000,124183334.83,1358797224.9314225,52930651.10593911,151992384.67177725,1563720260.7091386,0.091392102185274507,0.08604861519739894,0.091392102185274507,0.09739820890827669,0.1041424471392563,0.11157811135355493,0.11935028434007691,0.091392102185274507,0.08219763628280186,0.08796549033130624,0.0794153135636188,708456109.4525752,625983386.4525752,540386011.4525752,457866926.4525752,378451850.4525752,306024332.4525752,0.5126855958638911
Norridge,0.7049804715827399,0.6843668722130226,0.6582493538262458,0.6268028745698692,0.5895736428649545,0.544681422870525,0.49082499527500645,139207235,417997581,28952390.58,336603847.57647324,0,81558579.07718042,42313404,418162426.6536536,0,42720000,85402003,127878483,169860031,210456950,5422,030840000,44264197.37,511362214.9719946,0,81558579.07718042,592920794.049175,0.0865613376858988,0.0799460836873854,0.0865613376858988,0.09452635352542954,0.10395607116744751,0.11532673178774011,0.12896791862336543,0.0865613376858988,0.07465448642425056,0.08656133768589878,0.07465448642425056,378917251.57647324,336603847.57647324,293515248.57647324,251038768.57647324,209057220.57647324,168460301.57647324,0.7052584946430004
North Lake,0.33575544902488985,0.3170522288809605,0.2735527327901543,0.22501103023207952,0.17351714173818092,0.11674064026081424,0.07163634266389557,50888086,152801578,15465542.78,113646411.59987885,0,39171751.23452004,26554162,152818162.8343989,0,26850588,52523510,76803113,100290478,116900900,3479,030850000,56252418.7,415446083.980665,0,39651751.19601046,455097835.1766755,0.1354024526143277,0.1272102836018314,0.1354024526143277,0.14436403507417173,0.15396135454520163,0.1645434138042339,0.17295167352417679,0.1354024526143277,0.12360511158696681,0.1354024526143277,0.12360511158696681,140200573.59987885,113646411.59987885,87677063.59987885,63397460.59987885,39910095.59987885,23299673.599878848,0.33579189137446175
North Riverside,0.549662426936416,0.530499128330216,0.4969244122052619,0.4568528960651829,0.41104033190917927,0.35766232234038015,0.29571550726126766,52845146,158678132,12762815.2,128415176.51917222,0,30262939.745364666,18480000,158678116.2645369,0,18790000,37545330,56163665,74506763,92308678,2429,030860000,26167676.75,258419939.46179578,0,30262939.745364666,288682879.2071604,0.10126028511769918,0.0945022841133932,0.10126028511769918,0.10932597792388334,0.11854724292055137,0.12929129927924957,0.14176010577519044,0.10126028511769918,0.09064505945716972,0.10126028511769919,0.09064505945716972,146895176.51917222,128415176.51917222,109349846.51917222,90731511.51917222,72388413.51917222,54586498.51917222,0.5496623724286351
Northbrook,0.6571768993795475,0.6534682899426931,0.639816428699535,0.6250610166928486,0.6090558340086432,0.591769880233949,0.5733199169816221,619351831,1859727781,143856691.42,1699135780.03703,0,160631497.82590967,104621654,1859767277.8629396,0,104591984,209133000,313576616,417179099,518496651,13547,030870000,224429595.3,2655661380.078384,13581061.298076924,160631497.82590967,2829873939.2023706,0.08450986898539595,0.0813067328709404,0.08450986898539595,0.08797193120830166,0.09172722711712365,0.09578303033855481,0.10011194509613222,0.08450986898539595,0.07968972157008268,0.08407988417277949,0.0793072766213953,1803757434.03703,1699135780.03703,1594624434.03703,1490180818.03703,1386578335.03703,1285260783.03703,0.66036004012724
Northfield,0.7203856793451674,0.7163009571799782,0.707535746072012,0.6974556223149748,0.687071009416572,0.6760135086513706,0.6643128551501424,142455919,427752432,32652929.22,401663687.14275444,0,26088687.472271215,17539560,427752374.61502564,0,18230000,36453890,54665251,72773283,90635505,2538,030880000,46112951.14,567693843.5586456,0,26088687.472271215,593782531.0309169,0.08122855596061489,0.07879412019136235,0.08122855596061489,0.08402819347423053,0.08691239931688693,0.08998349196368902,0.09323321282678736,0.08122855596061489,0.07765966280607707,0.08122855596061487,0.07765966280607707,419203247.14275444,401663687.14275444,382749357.14275444,364537996.14275444,346429964.14275444,328567742.14275444,0.7203855827020845
Oak Brook,0.979061755723023,0.9786975484880739,0.9775128098428296,0.9761885319103077,0.9746985195057104,0.9730095830706044,0.971079037237148,314660,944829,55631,878819.1099172528,0,65999.24034387515,50000,944818.3502611279,0,50000,100000,150000,200000,250000,10,030890000,56975.29,899035.9011853305,0,65999.24034387515,965035.1415292056,0.06337376507977173,0.06003491535866956,0.06337376507977173,0.06710586669003911,0.0713050438853623,0.07606483201918364,0.08150552768947777,0.06337376507977173,0.05903960130375803,0.06337376507977173,0.05903960130375803,928819.1099172528,878819.1099172528,828819.1099172528,778819.1099172528,728819.1099172528,678819.1099172528,0.9790507201260652
Oak Forest,0.8174700568138984,0.8188977930912715,0.7898924467643677,0.7496212278280935,0.6928521761465124,0.6116583598928506,0.4982677811404237,161751479,485691198,53468726.88,374822378.5464857,2143915.6531697675,108672269.35591404,76044915,485638563.5555695,0,76296233,152397747,226010905,293880372,351894516,9681,030900000,68137329.34,474523310.2074449,10933855.822503757,108682269.35559757,594139435.3855462,0.1435911110672577,0.12375594642219544,0.1435911110672577,0.17113031822435146,0.20995221534597774,0.2654792303780695,0.3430300406304157,0.1435911110672577,0.11683243735605346,0.14035703684678227,0.1146823881430874,450867293.5464857,374822378.5464857,298469546.5464857,224856388.54648572,156986921.54648572,98972777.54648572,0.8290295306582124
Oak Lawn,0.7395900813192814,0.7351704063574256,0.6994632001391441,0.6451394923000177,0.5838064189317707,0.5133440424658814,0.4279980826408084,369471716,1109412649,102976473.11,852083945.1085758,5007525.774031448,252376357.25977504,164250564,1109467828.1423824,0,177039616,350737858,502777504,630143951,742391950,23938,030910000,147203490.06,1218196961.5257401,29463900.50902811,252376357.25977504,1500037219.2945433,0.12083718373064554,0.10648034543229336,0.12083718373064554,0.14267918067786006,0.1673394414472412,0.19567033182422214,0.22998548202488103,0.12083718373064554,0.1000993885715057,0.1179835759373992,0.09813322507372767,1016334509.1085759,852083945.1085759,665596651.1085759,513557005.10857594,386190558.10857594,273942559.10857594,0.751040623585146
Oak Park,0.7792109137273601,0.7730093974078931,0.7573224127756869,0.7404191206008403,0.7208723937493948,0.6995334353351255,0.6761300488548134,535507093,1607967235,177226641.94,1421840660.636287,0,186126555.78372014,129748311,1607967216.420007,0,126242137,252003899,374917047,490841235,600416287,17111,030920000,234720509.14,1877457522.252712,0,186126555.78372014,2063584078.036432,0.1250204099735716,0.11693893334279093,0.1250204099735716,0.133728492750285,0.14379839591917679,0.15479160447986293,0.16684834612627655,0.1250204099735716,0.1137440977754317,0.1250204099735716,0.1137440977754317,1551588971.6362867,1421840660.6362867,1299585072.6362867,1176671924.6362867,1060747736.6362867,951172684.6362867,0.7792109047236111
Olympia Fields,0.7535204315359426,0.7789291795761556,0.750788501529216,0.7212848663092094,0.6795489450316934,0.6249610869728411,0.5585937459743154,41038610,123226640,17766342.78,97443744.3800091,0,25811448.194838647,16521120,123255192.57484774,0,15130000,30260000,45374444,60065819,73032954,1852,030930000,23807287.83,129788541.22237407,7934580.904683255,25811448.194838647,163534570.32189596,0.183431353845095,0.16271849467148738,0.183431353845095,0.20514741343691248,0.23586700940613517,0.27604623375445725,0.3248957101436289,0.183431353845095,0.15300314556040967,0.1728634049410849,0.14557954188608888,113964864.3800091,97443744.3800091,83704864.3800091,68590420.3800091,53899045.3800091,40931910.3800091,0.7921285408597404
Orland Hills,0.7143955046856935,0.7050716193911817,0.6715619606204123,0.6290462481880185,0.5742384961800246,0.5016256245822233,0.4163190364388915,41030664,123202786,11098388.66,100676052.5091106,0,22526118.123426683,17057000,123202170.63253729,0,17140000,34255802,51352172,68204817,82642410,2087,030940000,15912484.11,149913274.44470286,0,22544118.122744057,172457392.56744692,0.1061445970608126,0.09529559202676705,0.1061445970608126,0.11990917726326544,0.13765350618633074,0.16116281345950964,0.18878736832203644,0.1061445970608126,0.0922690751211302,0.1061445970608126,0.0922690751211302,117733052.5091106,100676052.5091106,83477250.5091106,66380880.5091106,49528235.5091106,35090642.5091106,0.7143919364567325
Orland Park,0.6895653445501457,0.6802254384428253,0.6551799279709947,0.6257013713960126,0.5910341456662336,0.5507255101105887,0.5056530574763191,602166635,1808125901,149149202.48,1521051164.2707987,0,286464003.0541261,181831539,1807515167.3249247,0,182362035,364671541,545968108,721588550,884047393,22726,030950000,228659583.49,2321577782.428855,14082303.684483655,286464003.0541261,2622124089.1674647,0.09849318218869857,0.09133927142185819,0.09849318218869857,0.1069133325190289,0.11681555590088778,0.1283291715735451,0.1412035070577775,0.09849318218869857,0.08767481593384621,0.09789934111110389,0.08720395210685868,1702882703.2707987,1521051164.2707987,1338211162.2707987,1156914595.2707987,981294153.2707987,818835310.2707987,0.6930545274949237
Palatine,0.7521018288639707,0.7620545746159546,0.7402318745989691,0.7139626799239427,0.6835173292511023,0.6498134515294277,0.612520943182348,565091796,1696801018,152336368.94,1406199269.3230503,49556078.49482248,241018700.75291505,174224894,1696774048.570788,0,174818738,348687817,514651587,664722119,800346837,25343,030960000,205823269.47,1899674031.3092818,115386103.11757061,241018700.75291505,2256078835.1797676,0.10834662477759079,0.09924460009028908,0.10834662477759079,0.11930323684949383,0.13200168081939948,0.14605922305027388,0.161613546363261,0.10834662477759079,0.09614797415214464,0.10214249488318258,0.09123053071574057,1580424163.3230503,1406199269.3230503,1231736346.3230503,1065772576.3230503,915702044.3230503,780077326.3230503,0.7694789380114111
Palos Heights,0.7578183198752004,0.7579321698966328,0.7335641663749776,0.7035621513679611,0.6661505261880749,0.6183362461822851,0.5585007293996284,129450041,388699690,34961301.57,317075266.6508636,0,71624359.02109765,43511808,388699625.67196125,0,43639308,87258078,130793135,174008969,214903481,5079,030970000,47565953.1,432239306.6413546,9055697.469349695,71624359.02109765,512919363.13180196,0.11004541319854393,0.09998074967382396,0.11004541319854393,0.12243708024015755,0.13788912246486745,0.15763775059959986,0.18235148402917667,0.11004541319854393,0.0944024273658687,0.10778720052780723,0.09273573298065811,360587074.6508636,317075266.6508636,273328996.6508636,229793939.6508636,186578105.6508636,145683593.6508636,0.7714380935980376
Palos Hills,0.813631632564663,0.7990238374782216,0.7700276373642055,0.7309474115997642,0.6794913662383232,0.6155839306922094,0.54822091305124,122236660,367040093,31260873.49,281506542.9760453,0,85533560.60974747,52744687,367040103.5857928,0,53214067,105845610,156012517,199620696,232230764,7150,030980000,40531891.69,365579791.3171513,0,85533560.60974747,451113351.9268988,0.11087016474287929,0.09689103504784838,0.11087016474287929,0.12971082463362624,0.15451789345204295,0.18532780393904227,0.21780365789745743,0.11087016474287929,0.08984857468055621,0.11087016474287929,0.08984857468055621,334251229.9760453,281506542.9760453,228405619.9760453,178238712.9760453,134630533.9760453,102020465.97604531,0.8136316560305895
Palos Park,0.84049798166078,0.8342055482056733,0.82339688112606,0.8106621208420614,0.7962228417650586,0.7794535654943922,0.7602909008092336,75098433,225498026,18600195.63,200056926.91404706,0,25315609.769381724,15890000,225372536.68342876,0,16140000,32274531,48368002,64406257,79980097,2111,030990000,22482523.04,242965368.82730654,0,25325609.759492345,268290978.58679888,0.09253385841988038,0.08685025402141941,0.09253385841988038,0.09922955335115234,0.10682189537937938,0.11563946995072263,0.12571638027709878,0.09253385841988038,0.08379902730395512,0.09253385841988038,0.08379902730395512,215946926.91404703,200056926.91404703,183672395.91404703,167578924.91404703,151540669.91404703,135966829.91404703,0.8400302457822489
Park Forest,0.7824301582032027,0.7992394584479164,0.7253285314490248,0.6158874706641326,0.5361194651965422,0.5161161129885088,0.5092910563444958,38637812,116017680,26998492.97,66265792.26966179,699293.5166010514,49058932.98023638,33634496,116024018.76649922,0,33572059,59664633,70898578,73134845,73856134,5277,031000000,37786877.97,91359693.43061596,7860013.904376124,49058932.98023638,148278640.31522846,0.4136055688354255,0.30230907646291366,0.4136055688354255,0.5784040185567769,0.6985202120964313,0.7286416437553718,0.7389189450363278,0.4136055688354255,0.26910160664468386,0.3808404497951346,0.2548369602639203,99900288.26966178,66265792.269661784,40235655.269661784,29001710.269661784,26765443.269661784,26044154.269661784,0.8212922188290629
Park Ridge,0.8502208045815487,0.8573375266577321,0.8474827797623947,0.8355246177152643,0.8220120923922107,0.8064299457714723,0.788747479178816,535249461,1607193595,142215913.96,1404961321.773826,21418005.232500743,180913621.9288795,114516802,1607292948.9352062,0,117559122,235047318,351754474,466108375,575442351,15265,031010000,167681272.14,1657805155.837773,51606166.45887584,180913621.9288795,1890324944.2255285,0.10114655003305387,0.09461106736192028,0.10114655003305387,0.10907697804583259,0.11803823052953179,0.12837201690684408,0.14009869596076072,0.10114655003305387,0.09119462647989557,0.09809299257168533,0.08870499892212949,1519478123.773826,1404961321.773826,1284430805.773826,1167723649.773826,1053369748.7738259,944035772.7738259,0.8624891217073137
Phoenix,0.7624583712209081,0.7670348250110397,0.6007385534426742,0.3996996501382673,0.3347307800708423,0.30721965410008195,0.29542902613554134,3512607,10547285,972606.99,3247002.0364558985,2751549.1086332374,4548726.816991068,3858234,10547277.962080205,0,4363883,5668359,6019429,6148245,6200373,996,031020000,1611281.8,5405016.904355792,3879516.4251852836,4548726.816991068,13833260.146532144,0.2981085588652833,0.17394344778487417,0.2981085588652833,0.44821425591341757,0.49672326271561845,0.517264444907441,0.5260679172710598,0.2981085588652833,0.1618769625889036,0.17354472678484573,0.1164788186538899,7105236.0364558995,3247002.0364558995,1436877.0364558995,1085807.0364558995,956991.0364558995,904863.0364558995,0.7831956569997074
Posen,0.6693514826123372,0.7902938129839341,0.7433568294360642,0.6485990551708533,0.5538106467803424,0.4595884622625371,0.4296444638358325,19301810,57957590,5653898.09,40971378.7655215,897089.3168489832,16089110.471373597,12336364,57957578.55374408,0,14198364,27198977,35750551,41277969,42652177,2117,031030000,7632636.52,55116704.57995762,15381861.984661581,16089110.471373597,86587677.03599279,0.13848136564346583,0.11315477087528517,0.13848136564346583,0.1896114462014159,0.24075805654076407,0.2915991397352446,0.3077565375177148,0.13848136564346583,0.10719119659676314,0.10826654912201518,0.08814922378420273,53307742.7655215,40971378.7655215,26108765.765521497,17557191.765521497,12029773.765521497,10655565.765521497,0.8013459181074051
Prospect Heights,0.763035869571936,0.7549433644967417,0.7307871735037168,0.7024640129615516,0.673535793744261,0.6436056132940831,0.6101624994349567,121229211,364014970,34703960.3,303809202.36364686,0,60205732.67954816,40980004,364014935.043195,0,41010000,80554211,113885521,142675985,169616010,5663,031040000,47307965.51,415728701.02118963,1126979.15815284,60205732.67954816,477061412.85889065,0.11379528378433684,0.10358454960433713,0.11379528378433684,0.1257673808553116,0.13799523403025135,0.15064661257848494,0.1647828953171668,0.11379528378433684,0.09940017397385184,0.11348763555206166,0.09916535740440016,344789206.36364686,303809202.36364686,264234995.36364686,230903685.36364686,202113221.36364686,175173196.36364686,0.7648426112242247
Richton Park,0.7005482227175501,0.7715502962861283,0.7279662597884501,0.6679449925646359,0.5956340097853171,0.5156758258093005,0.45229418370376256,47275174,141953173,19667403.94,105089847.0840659,259391.93542681928,36362540.47505304,27541422,141711779.49454576,0,27749350,53635661,74784761,90818117,100201345,3988,031050000,27056970.3,144360876.16836172,21908134.47142298,36362540.47505304,202631551.11483777,0.187425921885128,0.15739737390538144,0.187425921885128,0.2287794000727551,0.27860025170422487,0.33368987526456473,0.37735858596561817,0.187425921885128,0.1497148006745915,0.16273008539527467,0.13352792371739755,132631269.08406588,105089847.08406588,78995608.08406588,57846508.084065884,41813152.084065884,32429924.084065884,0.7827009370801045
River Forest,0.8827395562651901,0.8839127672864932,0.8777029971015318,0.8706422980325667,0.8630346092889264,0.8547931348680539,0.8458852494773107,191151423,573970412,54120345.1,522548470.5995945,4405931.833542532,47040555.34853613,31847113,573994957.7816732,0,32257497,64343450,95607441,125779277,154761926,4237,031060000,61661342.48,595359104.7600657,7815239.548131699,47040555.34853613,650214899.6567335,0.10357,0.09831111480401204,0.10357,0.10954951368587358,0.11599225802551183,0.12297173818888431,0.13051558364751112,0.10357,0.09598595128393397,0.10222805903775903,0.09483225086437228,554395583.5995945,522548470.5995945,490052133.5995945,458788142.5995945,428616306.5995945,399633657.5995945,0.8866583550991262
River Grove,0.6159551837463711,0.6378239571717413,0.599153918541777,0.5496629793819162,0.49356040268918866,0.43063479774071173,0.357475966363177,54892906,164826981,16610492.14,128980848.32433997,2209732.7902890914,33636355.981281966,22984852,164826937.09591103,0,23549839,46642680,67869355,86700351,103956780,3123,031070000,27917026.99,215271642.78296638,18687737.66171538,33636355.981281966,267595736.42596373,0.12968278882019554,0.11717215522468882,0.12968278882019554,0.14569422889273692,0.16384468349876524,0.18420254232634833,0.2078710817451475,0.12968278882019554,0.11215801472270659,0.11932424738404881,0.10432538037736584,151965700.32433996,128980848.32433996,105323020.32433996,84096345.32433996,65265349.324339956,48008920.324339956,0.6533225332772202
Riverdale,0.5525510923372008,0.5354912122708493,0.4285843324750096,0.30213024559127427,0.2851771042418149,0.2807797131461382,0.2798639400726396,22700036,68161309,12818877.99,41196712.550145134,0,26964597.17887371,22134221,68161309.72901885,0,23133617,39556008,41426277,41899810,42000759,3935,031080000,29466293.34,96122768.44615474,0,27234709.161370758,123357477.6075255,0.3065485297222394,0.24915061656672657,0.3065485297222394,0.37445578639990235,0.38362218499999245,0.38605243314129134,0.3866144149023134,0.3065485297222394,0.23886912987755832,0.3065485297222394,0.23886912987755832,63330933.55014514,41196712.55014514,23774925.55014514,21904656.55014514,21431123.55014514,21330174.55014514,0.5525510982470075
Riverside,0.9374725919054286,0.9351044346252141,0.9297630377059932,0.9233632547699697,0.9158553404012516,0.90698557509486,0.8962166950043249,112250934,337055887,36391137.41,296935351.8511753,0,40170092.01279891,26286300,337105443.8639742,0,26490000,52955981,79072245,104493127,129516629,3349,031090000,39140544.67,319366698.62011796,0,40170092.01279891,359536790.63291687,0.1225567500904567,0.1132365257245071,0.1225567500904567,0.13372375635476838,0.14682434548810652,0.16230123364659657,0.1810918946163182,0.1225567500904567,0.1088638094618864,0.1225567500904567,0.1088638094618864,323221651.8511753,296935351.8511753,270265670.8511753,244149406.8511753,218728524.8511753,193705022.8511753,0.9376104272125942
Robbins,0.6110601887862279,0.623401841282775,0.5602522169667538,0.4973168690676911,0.4781407704003788,0.4708292655718938,0.4682425843904195,11630686,34923445,3746321.49,25050314.618161112,0,9873129.767238563,7514152,34923444.38539968,0,8565429,13122007,14567733,15096685,15285960,2370,031100000,6690817.32,44712566.696809046,2556521.3408935135,9883129.764883738,57152217.802586295,0.1496406449974051,0.12808647799710896,0.1496406449974051,0.1711437948919857,0.1777629549822655,0.18034531652124822,0.1813192345169473,0.1496406449974051,0.12255210123923652,0.14154741709134097,0.11707012566181155,32564466.618161112,25050314.618161112,19442459.618161112,17996733.618161112,17467781.618161112,17278506.618161112,0.6396739422475141
Rolling Meadows,0.507945282723975,0.5115214800333913,0.4763262730286967,0.435322104644645,0.39046178794392755,0.34505197789197095,0.2946811805841919,169933514,510259232,46562629.61,416215763.8631632,3147547.375102004,90895931.32483989,62958162,510259242.5631051,0,63284131,126409562,186049253,238098768,287994258,8652,031110000,96495893.87,873803918.5129894,39855659.101275235,90895931.32483989,1004555508.9391046,0.11043197658602118,0.10301003411363208,0.11043197658602118,0.11907890907412935,0.12853902362329134,0.13811501497469278,0.14873717610750953,0.11043197658602118,0.10002685694024045,0.10561471278172199,0.0960582994282793,479173925.86316323,416215763.86316323,352764363.86316323,293124672.86316323,241075157.86316323,191179667.86316323,0.5256678492001953
Roselle,0.7870264589169922,0.7920067436820317,0.77123827901329145,0.7448775482587486,0.7123499339002316,0.6714111728098999,0.626133470374136,30650100,92033057,8151764.7,77779099.29929495,120808.48230394616,14133124.568669012,10070000,92033032.35026792,0,10250000,20490369,30716156,40708678,49211688,1325,031120000,10575003.08,100849635.47038168,1954931.1367255857,14133124.568669012,116937691.17577627,0.10485911060239529,0.09533932414359396,0.10485911060239529,0.11694226319378179,0.1318521733699252,0.15061755972293983,0.17137181697828704,0.10485911060239529,0.09197033604349465,0.10286511026708525,0.09043280206468297,87849099.29929496,77779099.29929496,67358730.29929496,57132943.29929496,47140421.29929496,38637411.29929496,0.799356562990387
Rosemont,0.07440253965922253,0.0988545676852862,0.09181765634957975,0.08250431809087698,0.07443804710572505,0.06734531663592724,0.06178250071844559,21412783,64296162,6090153.46,56909447.79057436,242931.03790434613,7143758.694732594,4840000,64296137.52321129,0,5590000,11131577,16478384,21103454,24681958,860,031130000,64649664.22,619809414.1490775,237213054.47166035,7143758.694732594,864166227.3154705,0.10430571518303909,0.10349751837687764,0.10430571518303909,0.10537536206024097,0.10630178192498382,0.10711638961849956,0.10775528498655118,0.10430571518303909,0.10311721356597373,0.07543520337809219,0.07481160704559581,61749447.79057436,56909447.79057436,50617870.79057436,45271063.79057436,40645993.79057436,37067489.79057436,0.10216585426111917
Sauk Village,0.45045282816276616,0.6253028469105095,0.5333004818258088,0.4498097932612712,0.4180737085916624,0.39288466819981727,0.37581640935923616,19663521,59043523,6307551.29,37028618.87201535,1834675.8489258492,20098149.454737104,17048420,58961444.175678305,0,17104647,27584783,30796782,33107119,34566634,3193,031140000,11856590.87,69432937.21626517,41544842.50190832,20098149.454737104,131075929.17291059,0.17076320468871806,0.13709996294750615,0.17076320468871806,0.2013120631849182,0.21292415043038257,0.22214070432178726,0.22838590163734637,0.17076320468871806,0.13242987783192142,0.1068375209894237,0.09045589792737015,54077038.87201535,37028618.87201535,26492255.87201535,23280256.87201535,20969919.87201535,19510404.87201535,0.638066290166619
Schaumburg,0.412440236569019,0.41809031444421935,0.3870078750589928,0.3539779028420325,0.31684708365836856,0.27777821961914834,0.24169140881564424,568443519,1706865160,143306467.43,1414560238.4622495,3801616.212675886,288580170.4432813,195236563,1706942025.1182065,0,191109296,382116414,570622671,748041135,895675848,26252,031150000,369684365.71,3655120036.6313562,194754309.8729779,288580170.4432813,4138454516.9476156,0.10114151163437841,0.09601302013049766,0.10114151163437841,0.1065913391008999,0.1127177916728966,0.11916401472534612,0.12511820964274653,0.10114151163437841,0.09374048388536735,0.09602504716697349,0.08932908751227903,1609796801.4622493,1414560238.4622493,1227680387.4622493,1039174130.4622493,861755666.4622493,714120953.4622493,0.43186355946891003
Schiller Park,0.4308886832121771,0.42058326630161486,0.382403865528082,0.33651259425346275,0.2904277113629781,0.2456685185983554,0.19903453899125592,59688443,179226504,18051645.29,140387712.71169445,1409622.4641654263,37429102.38564975,24190503,179226437.5615096,0,24920000,49582931,71777185,90737029,108237021,3546,031160000,46866444.84,367118968.6271229,11398114.122346675,37429102.38564975,415946185.1351193,0.12766010161572863,0.11976823521578041,0.12766010161572863,0.13714604886700513,0.1466720165736824,0.15592395773334577,0.1655634263813783,0.12766010161572863,0.11584888965771464,0.12381593057721958,0.1126742990196569,164578215.71169445,140387712.71169445,114995284.71169445,92801030.71169445,73841186.71169445,56341194.71169445,0.4395443405580596
Skokie,0.5779052653885212,0.5754073810823572,0.5502518133669267,0.5150538754396666,0.478735265104036,0.43872153047758045,0.398151088248469,569231112,1709230142,145310541,1449009480.1495323,2002673.6658500857,258218009.7137061,156016822,1709230163.5290885,0,174032317,347148852,517308489,679284808,821525234,24212,031170000,261876689.1,2633357028.454322,66055293.94340881,258218009.7137061,2957630332.111437,0.0994459491327355,0.09388368255382712,0.0994459491327355,0.10722873169578606,0.11525931143652304,0.12410693758942117,0.13307765999391283,0.0994459491327355,0.09056541353528674,0.09701248191213345,0.08854273850817847,1605026302.1495323,1449009480.1495323,1257877450.1495323,1087717813.1495323,925741494.1495323,783501068.1495323,0.5904143822409191
South Barrington,0.8165016460033389,0.814327661323002,0.8085031354990293,0.8023013451363784,0.7956844093211988,0.7886092000531713,0.7810264011543762,127054272,381505868,30518520.43,362371189.65698284,0,19044352.423366554,14060000,381415542.0803494,0,14060000,28120000,42180000,56240000,70300000,1814,031180000,38588220.69,448200104.2993085,0,19044352.423366554,467244456.722675,0.08609596544009447,0.08347728980092675,0.08609596544009447,0.08888425719683382,0.09185919612728377,0.0950401723495782,0.09844935815338306,0.08609596544009447,0.08258679184909705,0.08609596544009447,0.08258679184909705,376431189.65698284,362371189.65698284,348311189.65698284,334251189.65698284,320191189.65698284,306131189.65698284,0.8163083298101749
South Chicago Heights,0.4390662006808762,0.44595252478045994,0.37148227204362005,0.2720904524522477,0.19795391541775703,0.1703555442727338,0.15965626624543386,12455722,37400786,3428815.81,24899020.05910727,634740.511545849,11867030.875795221,9009071,37400791.44644834,0,9594666,18161100,23510650,25257895,25904393,1541,031190000,9127661.5,67026132.69303895,6289403.301494771,11867030.875795221,85182566.87032893,0.13618063780887005,0.12004520349349235,0.13618063780887005,0.15771581618633118,0.17377894447886924,0.1797586704561069,0.18207687794818464,0.13618063780887005,0.11569648226916557,0.12449832598483004,0.10715410248079031,33908091.05910727,24899020.059107266,15746991.059107266,10397441.059107266,8650196.059107266,8003698.059107266,0.46602328100107393
South Holland,0.6157742625739072,0.6104441671581488,0.5498608546876956,0.46736168519218263,0.35639816516619105,0.23105058213900126,0.16531162719292208,103417398,310531407,42162595.25,217540911.45542338,769121.4160934901,92233606.51579584,61573252,310543639.3873127,0,62057719,122896105,180547255,225642384,243877340,7974,031200000,77159767.86,395629020.6892071,16272959.82601681,92392248.51278624,504294229.02801013,0.1950306065151225,0.16875435358168875,0.1950306065151225,0.23084091232882215,0.2789942397593798,0.3334059472740251,0.3619908245957825,0.1950306065151225,0.15810738738123187,0.18732555683147092,0.15300545478920063,279114163.4554234,217540911.4554234,156218058.4554234,98566908.45542341,53471779.455423415,35236823.455423415,0.6347561828150624
Steger,0.7713052542804502,0.7764398270006676,0.7295646570099464,0.637875602077736,0.5713750732496111,0.5295759306318937,0.4978684550065707,17695348,53133757,4801880.85,37891302.9240976,298724.87696459756,15028292.776836587,10889907,53218320.577898785,0,14231785,24040201,30057881,32969534,34854892,2334,031210000,6579321.75,51936867.500396214,1922944.2768693443,15028292.776836587,68888104.55410215,0.12667921780130093,0.10472162230703896,0.12667921780130093,0.1696288472074696,0.2007794907667678,0.2203593379606762,0.23521197580844994,0.12667921780130093,0.09824992164226738,0.1221564192836106,0.0955073708673875,48781209.9240976,37891302.9240976,24741008.924097598,18723328.924097598,15811675.924097598,13926317.924097598,0.7902556416179606
Stickney,0.6254370885195586,0.6425631560323699,0.5987002110317148,0.5353411608903337,0.4581506138019686,0.36040578629927295,0.2454937364714078,33914422,101834843,9858502.49,77037606.39212315,0,24797228.38610848,15808330,101834834.77823164,0,16786836,33365435,49202017,63765753,76057768,2157,031220000,15989321.03,128674760.71098675,9339891.583910285,24807228.385457642,162821880.68035468,0.12426151750080364,0.11065803182230793,0.12426151750080364,0.14390836461882897,0.1678473736135928,0.1981639434835736,0.23381217483720612,0.12426151750080364,0.10417718146689312,0.11585234440061831,0.09820130416863067,92845936.39212316,77037606.39212316,59480501.39212316,43643919.39212316,29080183.392123163,16788168.392123163,0.6634969704115645
Stone Park,0.5794203319945139,0.5691423299331915,0.5253595363901178,0.46549065341216606,0.4033063841527513,0.33972675606878855,0.2804824848216874,11931255,35825993,4483471.99,27452474.803749956,6628.157732593962,8366882.434750975,5310000,35825985.39623353,0,5639981,11162895,15998641,20001152,23094088,851,031230000,8556694.92,52254642.58702349,1209223.7831176834,8366882.434750975,61830748.804892145,0.16374994634687068,0.14864497607301905,0.16374994634687068,0.1844045831237815,0.20585802322327099,0.22779285913742947,0.24823200620106023,0.16374994634687068,0.14114945008273128,0.16004631727829538,0.13838899067842084,32762474.803749964,27452474.803749964,21599579.803749964,16763833.803749964,12761322.803749964,9668386.803749964,0.5908686267070169
Streamwood,0.776065257681338,0.7729081594020581,0.7439139310282056,0.7064989767659663,0.657010125399501,0.5904526067456668,0.5134019496013386,242224876,727328613,71728092.34,589960603.4666309,0,137357837.85782763,101253570,727318441.3244586,0,101273035,202350023,302189599,398416817,476938227,13737,031240000,96395215.38,793049543.582566,6792945.2087475145,137357837.85782763,937200326.6491412,0.12155005467191735,0.10778807980869269,0.12155005467191735,0.1393088876860762,0.16279853947930514,0.19438975435359707,0.23096148832570854,0.12155005467191735,0.10360538545036847,0.12051774784516407,0.10285444065587418,691214173.4666309,589960603.4666309,488864150.46663094,389024574.46663094,292797356.46663094,214275946.46663094,0.7817204117603554
Summit,0.5485739256962516,0.5634457755503399,0.5196983609410305,0.46270593814814603,0.39856258592242194,0.3329617364814661,0.27674386226107994,37125599,111477026,11859654.68,84814808.55324322,1592916.899091754,25069289.170950916,16354397,111477014.62328589,0,16896461,33665527,49224595,62042076,71176180,2514,031250000,22524739.66,163200069.36267215,14812290.088635044,25200044.161411062,203212403.61271825,0.13801917945233397,0.12544794967396425,0.13801917945233397,0.15439648652187876,0.17282868021345507,0.19167969939580934,0.20783443267062038,0.13801917945233397,0.11955799409388711,0.12653469528424138,0.11084333071975075,101169205.55324322,84814808.55324322,67503678.55324322,51944610.55324322,39127129.55324322,29993025.55324322,0.5832485749014564
Thornton,0.4184210986043098,0.394399960464803,0.3110591734278703,0.19946363871236666,0.0993864165736821,0.08454380665625955,0.08076116609073837,8732351,26220624,3276040.21,16116132.928875,206703.16804407715,9897780.836982414,7130000,26220616.93390149,0,7213756,14352434,19307112,19949702,20110148,988,031260000,10569592.89,51810505.22084048,957349.3211334121,9897780.836982414,62665635.3789563,0.20400482189755684,0.17932647252339384,0.20400482189755684,0.23704978934051243,0.2666840265506759,0.27107912679138096,0.2721992185105946,0.20400482189755684,0.17128320303850136,0.20030363147685828,0.16866649202681455,23246132.928875,16116132.928875,8893698.928875,3939020.9288749993,3296430.9288749993,3135984.9288749993,0.4215627337547739
Tinley Park,0.7646099556002354,0.7616079078904414,0.7312638185604702,0.6921585757031053,0.6410061804126364,0.5742309002150795,0.49094233809240223,368009593,1105022444,109563706.16,873755211.8841269,5150878.302679505,226052890.62405252,152121001,1104958980.810859,0,152121623,303926656,452565537,592850508,716240362,18776,031270000,151971909.71,1194856342.8232484,24283407.49038354,226070890.6235939,1445210640.9372258,0.12718843618548775,0.11282356171116464,0.12718843618548775,0.14570084511962286,0.16991648240806506,0.20152837472669158,0.24095867602009524,0.12718843618548775,0.10695263355699866,0.12465503620147256,0.1051555430089039,1025876212.8841269,873755211.8841269,721949556.8841269,573310675.8841269,433025704.8841269,309635850.8841269,0.7740073359283137
University Park,0.032120053238313816,0.022853538075489666,0.019542178173776046,0.016208298844746855,0.012851669584215377,0.009472056731367312,0.006252549496898877,31673,95104,11886.47,57666.85237361769,0,9999.978777730477,10000,67666.83115134816,0,10000,20000,30000,40000,49463,3,031280000,619608.36,2950891.751207229,0,9999.978777730477,2960891.7299849596,0.2099732596922656,0.20926410421703875,0.2099732596922656,0.21068723789158583,0.21140608817940287,0.21212986059613836,0.2128193450528639,0.2099732596922656,0.20926410571694473,0.2099732596922656,0.20926410571694473,67666.85237361769,57666.85237361769,47666.85237361769,37666.85237361769,27666.852373617687,18203.852373617687,0.02285353107176664
Westchester,0.7297852431063581,0.7181570703536146,0.6897674023233155,0.6527709762942483,0.6074460036555369,0.5497879531427673,0.4758784249772482,162057893,486611278,38034430.52,391624265.2416843,170517.33604473816,94845022.54211792,57190000,486639805.11984694,0,58897079,117683774,176253944,233718201,288888538,7330,031290000,54069539.59,567762790.6488365,4179138.9933909504,94845022.54211792,666786952.1843454,0.09523262263842547,0.08651779846260722,0.09523262263842547,0.10658947780252531,0.1205029609365505,0.13820234974246942,0.16089048199511677,0.09523262263842547,0.08160111986850041,0.09453676463941482,0.0810896785140623,448814265.2416843,391624265.2416843,331130491.2416843,272560321.2416843,215096064.24168432,159925727.24168432,0.7341737874189667
Western Springs,0.9482440508819273,0.9530148843091749,0.9507339605723958,0.9480394950628435,0.9451378858836522,0.9419062939406896,0.9382862136787604,267408570,802947640,59796704.7,745183455.6058584,3622311.4260629625,54141848.53606122,38050000,802947615.5679827,0,39350000,78694657,117999391,157152544,196143041,5014,031300000,62892452.71,783798082.8592846,8833258.748275429,54141848.53606122,846773190.1436213,0.08024063095506587,0.07652564266037026,0.08024063095506587,0.0846291634022671,0.08935507508561744,0.0946184366122461,0.10051453720608493,0.08024063095506587,0.075056039643881,0.07934641164005182,0.07427307978342206,783233455.6058586,745183455.6058586,704538798.6058586,665234064.6058586,626080911.6058586,587090414.6058586,0.9539171892797558
Wheeling,0.4732364459038272,0.4759799148681587,0.43538570539443155,0.3884835925987756,0.3356019355459887,0.2792844261345768,0.22619801530148287,204951981,615409388,55756278.14,461634917.16505724,32593895.067570657,121050455.75310643,82137341,615279267.9857343,0,82230000,163459477,241378758,311787653,368773364,11964,031310000,129663803.61,1060289558.0755129,119086851.69869423,121050455.75310643,1300426865.5273135,0.12229093705812527,0.11349855620077569,0.12229093705812527,0.1324495592867628,0.14390330294142792,0.15610122471652677,0.1675993164011641,0.12229093705812527,0.1097599354057017,0.10994268033123053,0.09970864725054898,543772258.1650572,461634917.16505724,380312781.1650572,302393500.1650572,231984605.16505718,174998894.16505718,0.49324103653251494
Willow Springs,0.8542125011355758,0.8530728157063208,0.837850956628316,0.8168818766177285,0.7926356293932066,0.7639057326544981,0.7293310800783588,66204044,198790890,15022542.77,156114050.68249547,12702701.265657043,29974117.883925483,19361770,198790869.832078,0,20438191,40742884,60066342,77816772,94173942,2778,031320000,18254021.46,186326755.9074354,16407436.625220928,29984117.882762257,232718310.41541857,0.09796779518379181,0.0887416250528423,0.09796779518379181,0.11067360122346667,0.12536914605350113,0.14278606873007185,0.16375052339426094,0.09796779518379181,0.08438790496359781,0.09003918496412318,0.0784382691134844,175475820.68249547,156114050.68249547,134732936.68249547,115409478.68249547,97659048.68249547,81301878.68249547,0.860281156031527
Wilmette,0.8806131661055011,0.8786515988439487,0.8738821177680651,0.868652681476276,0.8630125608538413,0.856907638970331,0.8503452882636526,594452387,1784962200,144702811.41,1676208809.5976624,0,108836036.9078648,75389756,1785044846.5055273,0,75890206,151757319,227586850,302928452,377060249,10298,031330000,165407871.02,1918117759.268008,0,108836036.9078648,2026953796.1758728,0.08623447138257193,0.08297328690921063,0.08623447138257193,0.08981015522907004,0.09366664894591774,0.09784095557190622,0.10232803412256523,0.08623447138257193,0.0816041645014626,0.08623447138257193,0.0816041645014626,1751598565.5976624,1676208809.5976624,1599841246.5976624,1524011715.5976624,1448670113.5976624,1374538316.5976624,0.8806539398546035
Winnetka,0.9389996472164873,0.9385215791689693,0.9371178087784126,0.9356073819068068,0.9340446374452022,0.9324075838007113,0.9306978631663461,440197034,1321779646,110527609.09,1279653905.0659745,0,42125736.075864136,31179684,1321779641.1418386,0,31610054,63210054,94805739,126336963,157677509,4478,031340000,118036507.47,1365520848.156837,0,42125736.075864136,1407646584.2327013,0.08644064836455936,0.08451096333995349,0.08644064836455936,0.08851694811735825,0.0906651659492276,0.09291553247889729,0.09526579027503573,0.08644064836455936,0.08385379454768535,0.08644064836455935,0.08385379454768535,1310833589.0659745,1279653905.0659745,1247623535.0659745,1216027850.0659745,1184496626.0659745,1153156080.0659745,0.9389996437652223
Worth,0.7580494504318697,0.7441535530440245,0.7056338715355213,0.6526943326311825,0.5886406057316581,0.503902181639728,0.4056756045188252,53748381,161390290,16220079.62,122192351.60295862,118531.21763574494,39079394.697571024,26071613,161390277.51816538,0,26573892,52467295,75321365,96487623,113469691,3680,031350000,22944632.65,173166788.80090794,601927.0602160083,39133344.69449556,212902060.5556195,0.132500191340845,0.11516169795884922,0.132500191340845,0.15632935630255845,0.18516124370262446,0.22330373470412326,0.26751751816884145,0.132500191340845,0.1080763929453524,0.13204121660389873,0.10777083411086028,148263964.60295862,122192351.6029586,95796669.60295862,72942599.60295862,51776341.60295862,34794273.60295862,0.7596403433444913
NA,0.8092243089669324,0.8001242087652337,0.7825636716134676,0.7612842282893102,0.7366807615956177,0.7100915948738953,0.6821766305512604,778402697,2337310100,179688862.82,1987048053.5045404,0,349106541.9055958,223162965,2336154595.410136,0,225245337,449570147,665717589,858053901,1025346024,32192,NA,232948670.08,2539151925.3733068,0,349182092.8964169,2888334018.2697234,0.09174270659119849,0.08433035070867854,0.09174270659119849,0.10072477096440993,0.11111008982554964,0.12233407680176976,0.13411835068435105,0.09174270659119849,0.08065156889975957,0.09174270659119851,0.08065156889975957,2210211018.5045404,1987048053.5045404,1760640871.5045404,1544493429.5045404,1352157117.5045404,1184864994.5045404,0.8088242497692929
