clean_name,MuniLevy,tr_neg10,tr_nochange,tr_plus10,tr_plus20,tr_plus30,tr_plus40,tax_rate_current,taxrate_noexemps,taxrate_noTIFs,taxrate_noTIFs_orExemps,current_nonTIF_EAV_post_exemps,current_TIF_increment_EAV,current_Exempt_EAV,current_GHE,Total_EAV,exe_neg10,exe_0,exe_plus10,exe_plus20,exe_plus30,exe_plus40,neg10_taxable_eav,plus10_taxable_eav,plus20_taxable_eav,plus30_taxable_eav,plus40_taxable_eav,scenario_noexemptions_taxable_eav
Alsip,82505440.33,0.12067142845949472,0.12906000172715407,0.13858882688845117,0.14846056598705024,0.159069817713429,0.16847179510833646,0.12906000172715407,0.11629149509722433,0.1284178482584876,0.11576986187097804,639279708.8630517,3196718.2760156062,70191265.44183755,44440053,712667692.5809048,0,44929996,88394423,127979995,165045374,193991257,683719761.8630517,595325338.8630517,555739766.8630517,518674387.86305165,489728504.86305165,709470974.3048892
Arlington Heights,319606289.91,0.09540605014214966,0.10218767253174918,0.10945357472337149,0.11792764675659374,0.12717463194032488,0.13734535517419363,0.10218767253174918,0.09233739223427627,0.1010832027221583,0.09143464794454886,3127640369.837174,34173673.47607394,333647437.58868927,222317934,3495461480.901937,0,215436634,429941386,639768635,836829034,1022931740,3349958303.837174,2920016917.837174,2710189668.837174,2513129269.837174,2327026563.837174,3461287807.4258633
Barrington,28298165.78,0.07901487022776993,0.08230618342391927,0.0859440157441347,0.08987239968496966,0.09414585051917419,0.09872120476000763,0.08230618342391927,0.07784956366703054,0.07886569828960306,0.0747645917294649,343815793.69620216,14998829.057611395,19682271.63700582,14321424,378496894.3908194,0,14445134,28874435,43266736,57559278,71489928,358137217.69620216,329262782.69620216,314870481.69620216,300577939.69620216,286647289.69620216,363498065.33320796
Barrington Hills,18247263.55,0.08749752936014672,0.08993449199330009,0.09257587053590825,0.09534270750179573,0.0982761534285624,0.10139432613959691,0.08993449199330009,0.08678017123450865,0.08993449199330009,0.08678017123450865,202895053.33903906,0,7374911.451533616,5650990,210269964.79057267,0,5720000,11440000,17160000,22872684,28582684,208546043.33903906,197106043.33903906,191386043.33903906,185673359.33903906,179963359.33903906,210269964.79057267
Bartlett,48906288.83,0.11505820622525072,0.12716906292978164,0.14222504186083693,0.16068854919194986,0.18294924672667567,0.2114974510580963,0.12716906292978164,0.11207939520424388,0.12576390229025833,0.11098648526001402,384576938.0010637,4296879.8383838385,51777030.01310489,40480000,440650847.8525525,0,40626093,81191412,120702402,157735319,193818743,425056938.0010637,343865526.0010637,304354536.0010637,267321619.0010637,231238195.0010637,436353968.0141686
Bedford Park,61689669.73,0.13216022264188265,0.1326518632805963,0.1331940495382805,0.13368077857813956,0.13410692601899385,0.13438140782455174,0.1326518632805963,0.13171995696116154,0.11209785927665258,0.11143164614730232,465049402.2802292,85270381.95180146,3290180.8262972175,1730000,553609965.0583279,0,1817080,3623053,5309396,6775795,7715379,466779402.2802292,463156349.2802292,461470006.2802292,460003607.2802292,459064023.2802292,468339583.10652643
Bellwood,43823561.59,0.14722667471739465,0.17333668329748483,0.212207222766074,0.2696213124617525,0.3592333993643591,0.4685988449875103,0.17333668329748483,0.13108599821690398,0.14957133051744376,0.11702429969328365,252823353.69708726,40171041.94271801,81488183.66090347,44837119,374482579.3007088,0,45839506,91147419,135123019,175668582,204140051,297660472.6970873,206513053.6970873,162537453.6970873,121991890.69708729,93520421.69708729,334311537.35799074
Bensenville,3051321.88,0.11728452229350111,0.11728452229350111,0.11728452229350111,0.11728452229350111,0.11728452229350111,0.11728452229350111,0.11728452229350111,0.11728452229350111,0.11728452229350111,0.11728452229350111,26016407.11264659,0,0,0,26016407.11264659,0,0,0,0,0,0,26016407.11264659,26016407.11264659,26016407.11264659,26016407.11264659,26016407.11264659,26016407.11264659
Berkeley,15594888.9,0.12805145357025716,0.14550713161164705,0.1688845306798383,0.2006662957892223,0.24662642760222728,0.31793450326349,0.14550713161164705,0.11954353731419597,0.13810934397608562,0.11450454888802751,107176113.82528082,5740857.981495263,23277520.47710721,14610000,136194492.2838833,0,14736095,29445573,44070577,58553276,72735480,121786113.82528083,92340540.82528083,77715536.82528083,63232837.82528083,49050633.82528083,130453634.30238804
Berwyn,111162471.85,0.12306942950799991,0.139328723466989,0.16098357040601616,0.1895108273201904,0.22872206454247615,0.282209335521759,0.139328723466989,0.11535060269103581,0.1335592900225224,0.11136771920993041,797843180.3858277,34464866.7088704,165848982.95506424,105406898,998157030.0497622,0,106599652,212729477,316674243,417234564,509349318,903250078.3858275,690520601.3858275,586575835.3858275,486015514.38582754,393900760.38582754,963692163.3408918
Blue Island,37498994.62,0.13350571692872654,0.1538412369669188,0.18407990046625866,0.21546663358001855,0.23945780497294383,0.25028680170647466,0.1538412369669188,0.1265975158569412,0.14212543795937063,0.1185553387515085,243751255.2506555,20093100.541020773,52455146.321828164,37128062,316299502.1135044,0,39764024,77168893,106843115,124279725,131055218,280879317.25065553,203710424.25065553,174036202.25065553,156599592.25065553,149824099.25065553,296206401.57248366
Bridgeview,65534363.03,0.12245698528306219,0.13071621729255786,0.13985394047404975,0.15003954442960832,0.16107781829455942,0.1720709630647679,0.13071621729255786,0.11799049237610905,0.12214687130375707,0.11096359834752458,501348374.2673382,35172637.94121815,54072335.57342801,33813935,590593347.7819843,0,33370826,66570843,98381704,128313224,154305703,535162309.26733816,468591466.26733816,436780605.26733816,406849085.26733816,380856606.26733816,555420709.8407662
Broadview,35666753.81,0.11423650961956379,0.12181276130095454,0.13068058592301934,0.1403460134810909,0.15113119222423893,0.16169796495590874,0.12181276130095454,0.10901787296144036,0.11839407564507515,0.10627155294772925,292799813.65729463,8454734.897336807,34364465.38358643,19418705,335619013.9382179,0,19788441,39287742,58084091,76219892,91642126,312218518.6572947,272930776.6572947,254134427.6572947,235998626.6572947,220576392.6572947,327164279.0408811
Brookfield,53101216.84,0.1111886710932349,0.12492198798842409,0.14673152647693385,0.17383861580939078,0.20885922603642798,0.2562154538590481,0.12492198798842409,0.1053964604465789,0.12323533577380842,0.10419331732433557,425075022.3805327,5817760.980437139,78748508.45724927,52502561,509641291.81821907,0,58034594,115683871,172114861,223333527,270325382,477577583.3805326,361893712.3805326,305462722.3805326,254244056.38053262,207252201.38053262,503823530.8377819
Buffalo Grove,41682124.78,0.1046169368611966,0.11766253943035374,0.1342837372942986,0.1549781209725494,0.18017853766377753,0.2085754898957398,0.11766253943035374,0.09861929206564904,0.11763543248506086,0.09860024868276018,354251446.3974517,81630.8009802562,68405458.82807945,44174717,422738536.02651143,0,44330006,88022792,129471265,167088262,198584251,398426163.3974517,310403371.3974517,268954898.3974517,231337901.3974517,199841912.3974517,422656905.22553116
Burbank,61709566.75,0.10778049518591182,0.12288903817504941,0.14605912595652543,0.1752477837945424,0.2147311046847278,0.26650513293520633,0.12288903817504941,0.1003914836444336,0.12015611698997249,0.09856015483859248,502156804.7598985,11421432.419236716,112532454.82473773,70391750,626110692.0038729,0,75236290,150051389,220421039,285167894,340997417,572548554.7598984,422497165.7598984,352127515.7598984,287380660.7598984,231551137.75989842,614689259.5846362
Burnham,11116023.19,0.20243662985066951,0.2419969791813458,0.2945743533731234,0.3452423694609826,0.3548884864599487,0.35615424213627,0.2419969791813458,0.19281700174166058,0.2419969791813458,0.19281700174166058,45934553.512215376,0,11716084.603677705,8976572,57650638.11589308,0,9334270,17175243,22713388,23588545,23699864,54911125.512215376,37735882.512215376,32197737.512215376,31322580.512215376,31211261.512215376,57650638.11589308
Burr Ridge,31665218.47,0.07055684161884603,0.0727326237008914,0.07484625269624073,0.07719266638693893,0.07968850849112258,0.08231958647548068,0.0727326237008914,0.06930949659331062,0.07273262370089141,0.06930949659331062,435364721.6168268,0,21502230.624984127,13425470,456866952.24181086,0,12860000,25720000,38580000,51427773,64128171,448790191.6168267,423070191.6168267,410210191.6168267,397362418.6168267,384662020.6168267,456866952.24181086
Calumet City,92759713.84,0.21466389456246293,0.2606376270016804,0.3270752566952573,0.3788527163635502,0.40619877935115095,0.4123184678512029,0.2606376270016804,0.20228910708723327,0.2540745422208173,0.19831322115616468,355895328.3418359,9193251.683557285,102654888.1065424,76220720,467743468.1319356,0,78712617,148512468,187272314,203755653,207145010,432116048.3418359,283603580.3418359,244843734.34183592,228360395.34183592,224971038.34183592,458550216.4483783
Calumet Park,15016289.42,0.1679831142643558,0.20626,0.2664302122607792,0.30099777252266513,0.30487981537074654,0.3057094734381662,0.20626,0.15590018301730674,0.1966252625112974,0.15033236944925946,72802721.90439251,3567370.260835838,23517174.13019404,16588938,99887266.29542239,0,17006425,33030599,39503286,40138516,40272183,89391659.90439251,56361060.90439251,49888373.90439251,49253143.90439251,49119476.90439251,96319896.03458655
Chicago,6537491409.419998,0.06464296117283819,0.06730465427225805,0.07009546321829704,0.07297987654872697,0.07589184784528329,0.07872660749228738,0.06730465427225805,0.06287731878244063,0.056928316255117226,0.05372842117468939,97132828035.55908,17704424134.74995,6839344061.029853,3999473004,121676596231.33885,0,3997052882,7866758460,11552930416,14990092159,18091870140,101132301039.55905,93265542579.55905,89579370623.55905,86142208880.55905,83040430899.55905,103972172096.5889
Chicago Heights,74483456.52,0.1827215061459066,0.211948899012682,0.24821240168848216,0.2806822574313046,0.29638936882090494,0.3006932245354904,0.211948899012682,0.174292021172776,0.20381265004182014,0.16875228481462629,351421766.6001807,14028839.653733373,75926863.69749892,56212004,441377469.951413,0,58003340,107554258,142268025,156331044,159927968,407633770.6001807,300079512.6001807,265365745.6001807,251302726.6001807,247705802.6001807,427348630.2976796
Chicago Ridge,40095738.88,0.11491851222320448,0.1247042876839786,0.13649708125428178,0.14746683672756528,0.1577394530790261,0.16708824703035327,0.1247042876839786,0.11070260499185147,0.11849498927102102,0.1057818671382317,321526545.9164425,16848427.799055845,40666727.52054073,27379284,379041701.2360391,0,28018306,55157872,77009180,94716164,108938390,348905829.9164425,293747957.9164425,271896649.9164425,254189665.9164425,239967439.9164425,362193273.4369832
Cicero,107449932.6,0.12525973132151494,0.14376,0.16897953811356642,0.20326254497552557,0.24850640114327577,0.29636128394437483,0.14376,0.11706447798856573,0.11785438441032123,0.09929194740074132,747425797.1619365,164291939.4129104,170443862.75740442,110391248,1082161599.3322513,0,111258172,221941638,329190718,425434088,495253045,857817045.1619364,635875407.1619364,528626327.1619364,432382957.1619364,362564000.1619364,917869659.9193408
Country Club Hills,48239067.65,0.202464687528886,0.246237634605413,0.30801150515734943,0.39090358481375,0.45781736048157173,0.4958328984056995,0.246237634605413,0.18802758655720575,0.19346928135995378,0.15561707339568062,195904528.27124244,53432561.89063275,60648611.26141695,42354638,309985701.42329216,0,42548524,81644667,114855162,132891673,140970205,238259166.27124247,156614499.27124247,123404004.27124247,105367493.27124247,97288961.27124247,256553139.5326594
Countryside,26921653.27,0.07568441774625276,0.07904860180472678,0.08283906920090883,0.08652178304997019,0.08987018723777407,0.0932349198343851,0.07904860180472678,0.07368231145340927,0.07716791408393667,0.07204565778721855,340570897.59164083,8300179.067460317,24803813.63770316,15138429,373674890.2968043,0,15441556,30721932,44554698,56147769,66958574,355709326.59164083,324987394.59164083,311154628.59164083,299561557.59164083,288750752.59164083,365374711.229344
Crestwood,37957431.69,0.09886932553563334,0.109338244468523,0.12211544984691727,0.13457852477994953,0.1452454849094216,0.15539044381092795,0.109338244468523,0.0940557281109226,0.10439888226795838,0.09037741989685462,347156037.4369046,16424787.045252886,56407173.99489376,36759110,419987998.47705126,0,36809705,73082802,101868426,122582193,139643809,383915147.43690467,310832345.43690467,282046721.43690467,261332954.43690467,244271338.43690467,403563211.4317984
Deer Park,60652.9,0.09442640399990186,0.10786000000000001,0.12574983121284175,0.15075415526566244,0.18817027293515312,0.24614039466631937,0.10786000000000001,0.0944264043440549,0.10786000000000001,0.0944264043440549,562329.8720563693,0,79999.9976589199,80000,642329.8697152892,0,80000,160000,240000,320000,395914,642329.8720563693,482329.8720563693,402329.8720563693,322329.8720563693,246415.87205636932,642329.8697152892
Deerfield,15897800.65,0.08803601550637065,0.08803601550637065,0.08803601550637065,0.08803601550637065,0.08803601550637065,0.08803601550637065,0.08803601550637065,0.08803601550637065,0.08803601550637065,0.08803601550637065,180582918.91742384,0,0,0,180582918.91742384,0,0,0,0,0,0,180582918.91742384,180582918.91742384,180582918.91742384,180582918.91742384,180582918.91742384,180582918.91742384
Des Plaines,221086974.34,0.09371629461446292,0.10087307344622175,0.10905886070488559,0.11853827973821741,0.12912615490345986,0.1403726057157194,0.10087307344622175,0.09017666034639449,0.09884174292947015,0.08854981323093782,2191734293.2736917,45043082.230093144,259975201.07596958,167374923,2496752576.5797544,0,166117387,331883066,493998850,646931118,784108359,2359109216.2736917,2027226150.2736917,1865110366.2736917,1712178098.2736917,1575000857.2736917,2451709494.3496614
Dixmoor,5814239.16,0.15654290200427468,0.17747,0.19712520035310438,0.19919936137467487,0.199972042446043,0.20012539597742862,0.17747,0.1519292281773319,0.14334938446150572,0.126211316330171,32761814.165774498,7798103.003324506,5507577.640873898,4379692,46067494.809972905,0,5607678,7646347,7953465,8066246,8088526,37141506.165774494,29495159.165774494,29188041.165774494,29075260.165774494,29052980.165774494,38269391.806648396
Dolton,55052531.75,0.1997455248156086,0.2485629101903599,0.3236609215910518,0.4130059916407066,0.4641888371942904,0.46966978716419605,0.2485629101903599,0.18439784010965388,0.24007019866719326,0.17968228433991085,221483292.53080624,7835182.047201364,77069725.86280668,54130050,306388200.4408143,0,55842309,105520112,142316168,157013912,158397943,275613342.5308063,170093230.5308063,133297174.5308063,118599430.5308063,117215399.5308063,298553018.393613
East Dundee,115283.10999999999,0.08950999999999998,0.08951,0.08950999999999998,0.08950999999999998,0.08950999999999998,0.08950999999999998,0.08951,0.08950999999999998,0.02381198575354834,0.02381198575354834,1287935.5379287228,3553454.474360407,0,0,4841390.01228913,0,0,0,0,0,0,1287935.5379287233,1287935.5379287233,1287935.5379287233,1287935.5379287233,1287935.5379287233,1287935.5379287233
East Hazelcrest,4368216.03,0.1852302213141576,0.21274,0.24543583475525727,0.26637189522280785,0.28112876906290446,0.28724588218148955,0.21274,0.17567637959655716,0.2007254976992576,0.16740213324077405,20533120.381686565,1229017.8621791857,4332009.6946029095,3049511,26094147.93846866,0,3076879,5784839,7183694,8044499,8375395,23582631.381686565,17797792.381686565,16398937.381686565,15538132.381686565,15207236.381686565,24865130.076289475
Elgin,51284180.59,0.10298357553115872,0.11514311112430417,0.12995942728806845,0.14889099968809885,0.1710334478881523,0.19119805677247306,0.11514311112430417,0.09977785331528417,0.11303165038024368,0.0981884304486742,445395126.892442,8320097.272450373,68588476.54257192,52588948,522303700.7074643,0,51788425,103367219,153542969,198135237,229758647,497984074.892442,394616855.892442,344441105.892442,299848837.892442,268225427.892442,513983603.4350139
Elk Grove Village,195805552.93,0.09073104470240789,0.09485087579566803,0.09936347706587244,0.10421665314049024,0.1092968489808323,0.1144146968961373,0.09485087579566803,0.08869026499048373,0.08060434953685693,0.07611156486599625,2064351554.874549,364866645.57090586,143394165.03066853,93736160,2572612365.4761233,0,93780000,187488872,279256002,366585446,446720572,2158087714.874549,1970598842.874549,1878831712.874549,1791502268.874549,1711367142.874549,2207745719.9052176
Elmwood Park,60171959.6,0.1116157767101285,0.12509,0.1423368590946401,0.16323397764267164,0.18955138661609147,0.22421450401242843,0.12509,0.10521479317388294,0.12392585713592869,0.1043899766312513,481029335.6783116,4518724.998001439,90867046.80620256,58069718,576415107.4825156,0,58636673,116355711,170475067,221655005,270731225,539099053.6783116,422743342.6783116,368623986.6783116,317444048.6783116,268367828.6783116,571896382.4845141
Evanston,286739428.05,0.08494938543786092,0.08897342735537898,0.0929528077760921,0.09746068313209062,0.1022508743638126,0.10720932221449192,0.08897342735537898,0.08310825381997633,0.08770170966419938,0.0819976279646133,3222753540.8375483,46731502.81661894,227438406.05519077,152661438,3496923449.7093577,0,145641082,290629969,433311365,571141374,700839465,3375414978.8375483,3084785009.8375483,2942103613.8375483,2804273604.8375483,2674575513.8375483,3450191946.892739
Evergreen Park,57980172.83,0.11485945091734585,0.1291951696551487,0.15344496872300545,0.18123757689110745,0.21523197508736738,0.25375330611462543,0.1291951696551487,0.10954742598949635,0.12491653751963579,0.10645563887775523,448779725.93528277,15371570.452403395,80490335.01128164,56012630,544641631.3989679,0,63976209,126935895,184879820,235407787,276302041,504792355.9352828,377856460.9352828,319912535.9352828,269384568.9352828,228490314.93528283,529270060.9465645
Flossmoor,41964925.75,0.1591968286926184,0.17917194223378768,0.2055836922055369,0.2385202310197352,0.2817928504555293,0.3339676072345391,0.17917194223378768,0.1522122074861003,0.17917194223378766,0.1522122074861003,234215944.9008104,0,41484187.45442236,29388086,275700132.3552328,0,30066416,59478279,87665388,114682844,137948354,263604030.90081042,204125751.90081042,175938642.90081042,148921186.90081042,125655676.90081042,275700132.3552328
Ford Heights,3698656.65,0.21563645140087023,0.24406413876414854,0.25014778047890257,0.2515085840359015,0.25288427411424214,0.25423197828176153,0.24406413876414854,0.2112089640748518,0.22173863230235868,0.19428121757190933,15154445.338543562,1525808.3980113738,2357390.2324561984,1997834,19037643.969011135,0,2195434,2366393,2446393,2526393,2603926,17152279.338543564,14785886.338543564,14705886.338543564,14625886.338543564,14548353.338543564,17511835.57099976
Forest Park,45152753.08,0.10459199621854832,0.11255257478962506,0.1218975058414645,0.13163837005145432,0.14162433835811297,0.15179748183774025,0.11255257478962506,0.10102747775052405,0.10684153056799418,0.09640211234051858,401170325.640228,21443922.208502382,45765043.68077617,30533387,468379291.52950656,0,30717096,61287987,88697695,112883137,134249812,431703712.640228,370415725.640228,343006017.640228,318820575.640228,297453900.640228,446935369.32100415
Forestview,9139937.28,0.12063399714993672,0.12434299221886301,0.12828729443641415,0.1324900300303286,0.13697709295895333,0.14146566088084184,0.12434299221886301,0.11861258854422134,0.12434299221886301,0.11861258854422134,73505849.5609651,0,3551209.8302683346,2260000,77057059.39123344,0,2260000,4520000,6780000,9039822,11156974,75765849.5609651,71245849.5609651,68985849.5609651,66726027.560965106,64608875.560965106,77057059.39123344
Frankfort,2647.31,0.08410999999999999,0.08410999999999999,0.08410999999999999,0.08410999999999999,0.08410999999999999,0.08410999999999999,0.08410999999999999,0.08410999999999999,0.08410999999999999,0.08410999999999999,31474.378789680184,0,0,0,31474.378789680184,0,0,0,0,0,0,31474.378789680184,31474.378789680184,31474.378789680184,31474.378789680184,31474.378789680184,31474.378789680184
Franklin Park,105413878,0.12273652524313673,0.1291677299768492,0.13769574766022616,0.14587837630062556,0.15407634468215667,0.1617711261551937,0.1291677299768492,0.1199561761311285,0.12239610317923263,0.1140940262766675,816100724.3751469,45151188.56880974,62669184.76874102,42762420,923921097.7126976,0,46902619,93306620,136248315,174696615,207239579,858863144.3751469,765556524.3751469,722614829.3751469,684166529.3751469,651623565.3751469,878769909.1438879
Glencoe,85958759.89,0.09282380406244566,0.09527494274862586,0.09803442444451115,0.10086343776238448,0.10385669751815177,0.10700540205241395,0.09527494274862586,0.09194360390428422,0.09527494274862586,0.09194360390428422,902217911.7629517,0,32689534.10446716,23824290,934907445.8674189,0,24610000,49220000,73813071,98375215,122729862,926042201.7629517,876822201.7629517,852229130.7629517,827666986.7629517,803312339.7629517,934907445.8674189
Glenview,256929623.13,0.08011834765974803,0.08366254600306676,0.0872397398355108,0.09129064597912365,0.0956929575697045,0.10037135874492359,0.08366254600306676,0.07830654046433545,0.08288526092396277,0.07762518672984663,3071023240.4424067,28799578.064516123,210051643.0408963,135852970,3309874461.547819,0,130900000,261777754,392462747,521938576,647085984,3206876210.4424067,2945098456.4424067,2814413463.4424067,2684937634.4424067,2559790226.4424067,3281074883.483303
Glenwood,18917354.58,0.1501580296323053,0.18592212617762238,0.2397080813994924,0.31963280645487024,0.41672227725818023,0.4590702945133367,0.18592212617762238,0.13829676167915822,0.1562115365746881,0.12115621058261088,101748807.25023085,19352072.97160352,35039316.71096027,24234163,156140196.93279463,0,24373704,47064669,66798324,80587378,84775001,125982970.25023085,78918301.25023085,59184646.25023085,45395592.25023085,41207969.25023085,136788123.96119112
Golf,3844800.88,0.09084201852751679,0.09401,0.09757378308080772,0.10132819978475387,0.1053831012464045,0.10977606518043233,0.09401,0.08991861357721818,0.09401,0.08991861357721818,40897786.1929582,0,1860889.9814498117,1426250,42758676.17440801,0,1460000,2920000,4380000,5840000,7300000,42324036.1929582,39404036.1929582,37944036.1929582,36484036.1929582,35024036.1929582,42758676.17440801
Hanover Park,33846815.99,0.10745680167302468,0.12185165304260685,0.14093193169211807,0.16663625767664592,0.20109668825614868,0.24380478486337806,0.12185165304260685,0.10271944563158807,0.11465308992372257,0.09755604887362913,277770675.6113113,17439998.71519758,51736710.0826736,37210000,346947384.4091825,0,37424618,74816395,111862720,146669520,176153146,314980675.6113113,240164280.61131132,203117955.61131132,168311155.61131132,138827529.61131132,329507385.6939849
Harvey,54832588.97,0.2284361792747711,0.2726254057398995,0.30169279562487894,0.30728032461112836,0.30935148443097743,0.31018364049466496,0.2726254057398995,0.22201528106047766,0.2606175568295049,0.21398623542166037,201127949.98391852,9266889.247389624,45848693.732166134,38906659,256243532.9634743,0,41565154,58284863,61589767,62784485,63260009,240034608.98391855,181749745.98391855,178444841.98391855,177250123.98391855,176774599.98391855,246976643.7160847
Harwood Heights,24535395.08,0.08380145065473676,0.08986992513948236,0.09708106142225553,0.10541069834121004,0.1150573825840598,0.12608703205176539,0.08986992513948236,0.07932386192171187,0.08986992513948236,0.07932386192171187,273010075.8615289,0,36296537.376931906,19770000,309306613.2384608,0,20029062,40049062,60020067,79535219,98189128,292780075.8615289,252731013.86152887,232760008.86152887,213244856.86152887,194590947.86152887,309306613.2384608
Hazelcrest,33129544.96,0.1936377798663875,0.24247485000957708,0.30703315709796725,0.38785430152759026,0.44301682662113334,0.46919620525848577,0.24247485000957708,0.1779429342096011,0.23909011928958643,0.17611328154655767,136630850.4106363,1934244.0334106418,49549877.17574997,34459445,188114971.61979693,0,34522493,63188122,85672795,96308610,100481146,171090295.4106363,107902173.4106363,85417500.4106363,74781685.4106363,70609149.4106363,186180727.5863863
Hickory Hills,36842047.48,0.10799519418877462,0.12058198693940644,0.13659464990793316,0.15672370049475223,0.1816261874819564,0.2125419500937492,0.12058198693940644,0.10207666488690555,0.12003634183225623,0.10168537372470382,305535249.62657535,1388861.1688419653,55390016.895588554,35610000,362314127.6910059,0,35790000,71427164,106068823,138299790,167805128,341145249.62657535,269718085.62657535,235076426.62657535,202845459.62657535,173340121.62657535,360925266.5221639
Hillside,32604671.36,0.12389003859010486,0.13358429159485133,0.1461236108887633,0.15963351108521046,0.17432569879403062,0.19128621980076188,0.13358429159485133,0.11854494486805132,0.11821988926052168,0.10628661393049785,244075639.21427917,31721196.36005423,30964948.946533952,19098638,306761784.52086735,0,20203338,40043524,58927242,76141203,92724616,263174277.21427915,223130753.21427915,204247035.21427915,187033074.21427915,170449661.21427915,275040588.1608131
Hinsdale,15644671.81,0.07341480063554329,0.07518234682135505,0.07713586007753608,0.07914108038945875,0.0812495824040162,0.083469298213586,0.07518234682135505,0.07283110001941111,0.07518234682135505,0.07283110001941111,208089697.5346377,0,6717875.134597691,5010000,214807572.66923538,0,5140000,10280000,15418901,20548901,25669443,213099697.5346377,202819697.5346377,197680796.5346377,192550796.5346377,187430254.5346377,214807572.66923538
Hodgkins,22775069.01,0.09952541790261472,0.1000940428261528,0.10068700467110865,0.10126235872731987,0.10179233475881608,0.10228645161800771,0.1000940428261528,0.09921100290404357,0.09398595675654797,0.09320698147298899,227536708.14912155,14787462.354290083,2025218.8886279194,1300000,244349389.39203954,0,1320000,2640000,3925208,5096197,6177024,228836708.14912155,226196708.14912155,224911500.14912155,223740511.14912155,222659684.14912155,229561927.03774947
Hoffman Estates,177316159.13,0.10014291181283926,0.10811657528830156,0.11716572074444317,0.1275446465052964,0.13923184032330904,0.1524243320697534,0.10811657528830156,0.097276627519731,0.10655196249394219,0.0960081875444004,1640046021.2245178,24082493.912695106,182757293.92982674,130585129,1846885809.0670395,0,128876752,257251998,380402991,497099473,607325025,1770631150.2245176,1513379152.2245176,1390228159.2245176,1273531677.2245176,1163306125.2245176,1822803315.1543443
Homer Glen,16656.620000000003,0.08717000000000003,0.08717000000000003,0.08717000000000003,0.08717000000000003,0.08717000000000003,0.08717000000000003,0.08717000000000003,0.08717000000000003,0.08717000000000003,0.08717000000000003,191082.02363198347,0,0,0,191082.02363198347,0,0,0,0,0,0,191082.02363198347,191082.02363198347,191082.02363198347,191082.02363198347,191082.02363198347,191082.02363198347
Hometown,5811465.68,0.09903274385993348,0.12561999999999998,0.1752433299949459,0.27945306938422315,0.38074152817591117,0.4067762212013811,0.12561999999999998,0.08995401015893943,0.12561999999999998,0.08995401015893943,46262264.607546575,0,18342589.247570515,12420000,64604853.85511709,0,12760000,25520000,37886409,43418719,44395624,58682264.607546575,33162264.607546575,20795855.607546575,15263545.607546575,14286640.607546575,64604853.85511709
Homewood,62854932.64,0.14269368035536822,0.164184487733661,0.19249227988614565,0.2271271327551152,0.2683383600398666,0.30386162608933664,0.164184487733661,0.13575263515629182,0.16085028318701877,0.13346516993546206,382831128.0049968,7935561.332561265,80179645.72794187,57657424,470946335.0654999,0,58341837,113956326,163749565,206250955,233634750,440488552.0049968,326532226.0049968,276738987.0049968,234237597.00499678,206853802.00499678,463010773.73293865
Indian Head Park,12849067.31,0.07640110709750132,0.08357123404659841,0.09231447336196137,0.10290869832549228,0.11548382852826561,0.13050921973161475,0.08357123404659841,0.07173189451879966,0.08357123404659841,0.07173189451879966,153749881.24305427,0,25376397.18853642,14429191,179126278.43159068,0,14501068,28991068,43320168,56916158,69725742,168179072.24305427,139188004.24305427,124858904.24305427,111262914.24305427,98453330.24305427,179126278.43159068
Inverness,42636144.8,0.09087514331124537,0.09573886801293874,0.10121725058335036,0.10731595171500305,0.11419005838477442,0.12199582908265101,0.09573886801293874,0.08899507588584193,0.09573886801293872,0.08899507588584193,445337882.98225844,0,33746430.11716892,23834910,479084313.0994274,0,23970000,47938818,71877292,95794012,119684248,469172792.9822585,421233974.9822585,397295500.9822585,373378780.9822585,349488544.9822585,479084313.0994274
Justice,20218646.12,0.10118188387351323,0.11397665051290494,0.1307741615999043,0.15234751434936653,0.17995661085629638,0.2122858333417403,0.11397665051290494,0.0948169990147642,0.10733385525470344,0.09017433350765619,177392878.53270224,10978684.866573034,35845742.496125154,22431886,224217305.8954004,0,22703240,45217418,67110777,87471870,104582205,199824764.5327022,154607346.5327022,132713987.53270221,112352894.53270221,95242559.53270221,213238621.02882737
Kenilworth,29078701.83,0.09636158405130824,0.09840076661144964,0.10060910602575239,0.10287567655178066,0.10524372741752953,0.10771967190790124,0.09840076661144964,0.09564332756127368,0.09804554030012846,0.09530769703561966,295512960.2274509,1070665.5140852232,8519768.154681088,6253580,305103393.8962172,0,6370000,12740000,19107871,25467871,31818616,301766540.2274509,289026540.2274509,282658669.2274509,276298669.2274509,269947924.2274509,304032728.382132
La Grange,71548863.53,0.08806513392712638,0.0928353409366017,0.09844045233255921,0.10456053770636035,0.11121308454563152,0.11840148614011745,0.0928353409366017,0.08602263663168826,0.09283534093660169,0.08602263663168826,770707176.9021834,0,61037423.49109798,41746746,831744600.3932815,0,42896196,85630124,128172213,169104592,208163674,812453922.9021835,726823798.9021835,684281709.9021835,643349330.9021835,604290248.9021835,831744600.3932815
La Grange Park,40669683.11,0.09201253028095381,0.1002232154266017,0.10947391881400154,0.12078866531653348,0.13441747104031326,0.1511362278480772,0.1002232154266017,0.08798359829533489,0.09834572061648887,0.08653335716233777,405791042.892496,7746860.486100334,56450600.98167149,36210530,469988504.3602678,0,35260000,70500456,105300418,139439095,172908691,442001572.892496,371501116.892496,336701154.892496,302562477.892496,269092881.892496,462241643.8741675
Lansing,76739825.71,0.1718382633762548,0.20548091645006566,0.25687184940577173,0.3140648849209249,0.35848476858361944,0.3809646042213115,0.20548091645006566,0.16179996434033767,0.18738396083860825,0.15036519628823422,373464490.2104507,36068029.89726094,100823783.10821229,73117221,510356303.21592396,0,78025814,147834200,202237853,232514525,245146132,446581711.2104507,298747511.2104507,244343858.2104507,214067186.2104507,201435579.2104507,474288273.318663
Lemont,56597990.02,0.07332960734424883,0.07837999865966379,0.0842684079475003,0.09102347129230337,0.09887885346053381,0.10805591947046227,0.07837999865966379,0.0712069847812152,0.07716491272451939,0.070202696801484707,722097358.8651855,11370586.884409288,72740257.04985978,49732630,806208202.7994546,0,50120000,100190505,150034432,199432676,248045727,771829988.8651855,671639483.8651855,621795556.8651855,572397312.8651855,523784261.8651855,794837615.9150453
Lincolnwood,66684776.78,0.09203667369034702,0.09662000000000001,0.10313240207205403,0.10970624503528516,0.11708087232767546,0.1249064927389972,0.09662000000000001,0.0893522059013859,0.09483102528480503,0.08782010990317635,690175706.6859863,13020073.173256053,56138008.87686233,34370000,759333788.7361046,0,38998462,77951858,116697204,154984040,190668121,724545706.6859863,646593848.6859863,607848502.6859863,569561666.6859863,533877585.6859863,746313715.5628486
Lynwood,21147269,0.12147431123904252,0.13697647230429041,0.15609669311088686,0.1801610211683607,0.2073596852579522,0.23120241200568925,0.13697647230429041,0.11611010741389215,0.13473571412799934,0.11449602128182089,154386141.24199212,2567559.8376639443,27745022.62488247,19702263,184698723.70453852,0,19764890,38612959,56708580,72104892,82621932,174088404.24199212,135475445.24199212,117379824.24199212,101983512.24199212,91466472.24199212,182131163.86687458
Lyons,22610760.57,0.10344351514105742,0.11516002168536353,0.13036082867657858,0.1485641997553466,0.1710711371859241,0.19057274043973363,0.11516002168536353,0.09839209561773864,0.10818109254039035,0.09325219230948538,196342100.66212374,12666331.763885256,33460511.3062671,22238644,242468943.73227608,0,22738416,45133239,66385528,86409059,99934392,218580744.6621237,173447505.6621237,152195216.6621237,132171685.66212371,118646352.66212371,229802611.96839082
Markham,31939203.26,0.21503720964801962,0.26515460470440283,0.3318819512468111,0.35864142292193835,0.37212407492067,0.37768112774937734,0.26515460470440283,0.2032959217518564,0.23540248004964903,0.18533630954396912,120455020.17815669,15224107.982530748,36651934.96767789,28073708,172331063.12836534,0,31722184,52292090,59472637,62699282,63962143,148528728.1781567,96236638.1781567,89056091.1781567,85829446.1781567,84566585.1781567,157106955.1458346
Matteson,82090659.27,0.16427136719617563,0.1818569277521774,0.20358142224777778,0.22866339991536253,0.25563342787884524,0.27712433699298245,0.1818569277521774,0.1583746746939284,0.17423108282214136,0.15255956822276204,451402430.93663013,19757237.82235822,66929552.561657675,48323484,538089221.320646,0,48544463,96493349,140723734,178599449,203502710,499725914.93663013,403232565.93663013,359002180.93663013,321126465.93663013,296223204.93663013,518331983.4982878
Maywood,47801940.05,0.16032317212706332,0.1885525620652029,0.2306950289272588,0.2915851731203306,0.38204631613592316,0.4815511483052109,0.1885525620652029,0.14267121687275203,0.17125292092296396,0.13254025163953534,253520501.26727912,25610154.095399976,81529140.12348846,44639393,360659795.48616755,0,45739114,90951528,134221723,173039096,198893305,298159894.26727915,207208366.26727915,163938171.26727915,125120798.26727915,99266589.26727915,335049641.3907676
Mc Cook,14222399.24,0.12849442147886939,0.12907750662716652,0.12966590777481005,0.1302572153291373,0.13082266037903834,0.13138825111581484,0.12907750662716652,0.12802969733693004,0.0861978645291508,0.0857293243213063,110184954.85104652,54812163.322225645,901765.9319570318,500000,165898884.1052292,0,500000,1000000,1497919,1969850,2437839,110684954.85104652,109684954.85104652,109187035.85104652,108715104.85104652,108247115.85104652,111086720.78300355
Melrose Park,79217249.88,0.11110553621176751,0.11647540831358963,0.12288935183642684,0.12958823686773333,0.1366938909452953,0.14343682414582726,0.11647540831358963,0.10788542578089533,0.10532908774769394,0.0982545775833148,680119958.5986549,71972854.26000743,54152064.76882411,32871064,806244877.6274863,0,34318506,68368452,101691326,133468051,160711297,712991022.5986549,644622570.5986549,611299696.5986549,579522971.5986549,552279725.5986549,734272023.367479
Merrionette Park,5572823.8,0.10294662433933549,0.11158,0.12128097269485077,0.1324035181505972,0.14142712807840768,0.14429026637604075,0.11158,0.09994994695040078,0.11158,0.09994994695040078,49944647.78634164,0,5811497.8648957815,4188490,55756145.65123742,0,4199669,8183442,12043442,14728931,15510825,54133137.78634164,45949695.78634164,42089695.78634164,39404206.78634164,38622312.78634164,55756145.65123742
Midlothian,30988553.84,0.1272048648985487,0.15026904930015664,0.18282215824632736,0.23082618314442557,0.29505569087443645,0.3276567176777872,0.15026904930015664,0.12029735550134307,0.14433864288466092,0.11646655436105224,206220469.11404595,8472929.830840444,51379157.335381866,37390920,266072556.28026828,0,37646822,74110306,109360788,138585271,149035108,243611389.11404598,169501083.11404598,134250601.11404598,105026118.11404598,94576281.11404598,257599626.44942784
Morton Grove,92225884.28,0.09664786690827029,0.1047168857415316,0.11597407693902007,0.12866253296757132,0.1437017818117298,0.1603674676415061,0.1047168857415316,0.0917086224747907,0.09804860337314726,0.08655336927519153,880716453.9598454,59897497.76583583,124923820.5448937,73530000,1065537772.2705749,0,79668372,159018014,237441941,312459810,379155473,954246453.9598453,795228439.9598453,716804512.9598453,641786643.9598453,575090980.9598453,1005640274.504739
Mt Prospect,190531575.47,0.0956271733343496,0.10294581559716591,0.11148928289742085,0.12130486163450889,0.13231013966441998,0.1444414241455126,0.10294581559716591,0.09193796670060088,0.10219921597602973,0.09134203419333436,1850794754.160414,13520677.718125537,221597993.98978782,141647026,2085913425.8683274,0,142044215,283474151,421758026,552404184,673349445,1992441780.160414,1708967629.160414,1570683754.160414,1440037596.160414,1319092335.160414,2072392748.1502018
Niles,124183334.83,0.08604861519739894,0.091392102185274507,0.09739820890827669,0.1041424471392563,0.11157811135355493,0.11935028434007691,0.091392102185274507,0.08219763628280186,0.08796549033130624,0.0794153135636188,1358797224.9314225,52930651.10593911,151992384.67177725,84379223,1563720260.7091386,0,84141541,168170098,250739183,330204259,402681777,1443176447.9314222,1275006349.9314222,1192437264.9314222,1112972188.9314222,1040494670.9314222,1510789609.6031995
Norridge,44264197.37,0.0799460836873854,0.0865613376858988,0.09452635352542954,0.10395607116744751,0.11532673178774011,0.12896791862336543,0.0865613376858988,0.07465448642425056,0.08656133768589878,0.07465448642425056,511362214.9719946,0,81558579.07718042,42313404,592920794.049175,0,42720000,85402003,127878483,169860031,210456950,553675618.9719946,468273615.97199464,425797135.97199464,383815587.97199464,343218668.97199464,592920794.049175
North Lake,56252418.7,0.1272102836018314,0.1354024526143277,0.14436403507417173,0.15396135454520163,0.1645434138042339,0.17295167352417679,0.1354024526143277,0.12360511158696681,0.1354024526143277,0.12360511158696681,415446083.980665,0,39651751.19601046,26754162,455097835.1766755,0,26860588,52543510,76833113,100330478,116950900,442200245.980665,389656735.980665,365367132.980665,341869767.980665,325249345.980665,455097835.1766755
North Riverside,26167676.75,0.0945022841133932,0.10126028511769918,0.10932597792388334,0.11854724292055137,0.12929129927924957,0.14176010577519044,0.10126028511769918,0.09064505945716972,0.10126028511769919,0.09064505945716972,258419939.46179578,0,30262939.745364666,18480000,288682879.2071604,0,18790000,37545330,56163665,74506763,92308678,276899939.46179575,239354609.46179575,220736274.46179575,202393176.46179575,184591261.46179575,288682879.2071604
Northbrook,224429595.3,0.0813067328709404,0.08450986898539595,0.08797193120830166,0.09172722711712365,0.09578303033855481,0.10011194509613222,0.08450986898539595,0.07968972157008268,0.08407988417277949,0.0793072766213953,2655661380.078384,13581061.298076924,160631497.82590967,104621654,2829873939.2023706,0,104591984,209133000,313576616,417179099,518496651,2760283034.078384,2551150034.078384,2446706418.078384,2343103935.078384,2241786383.078384,2816292877.9042935
Northfield,46112951.14,0.07879412019136235,0.08122855596061489,0.08402819347423053,0.08691239931688693,0.08998349196368902,0.09323321282678736,0.08122855596061489,0.07765966280607707,0.08122855596061487,0.07765966280607707,567693843.5586456,0,26088687.472271215,17539560,593782531.0309169,0,18230000,36453890,54665251,72773283,90635505,585233403.5586457,548779513.5586457,530568152.5586457,512460120.5586457,494597898.5586457,593782531.0309169
Oak Brook,56975.29,0.06003491535866956,0.06337376507977173,0.06710586669003911,0.0713050438853623,0.07606483201918364,0.08150552768947777,0.06337376507977173,0.05903960130375803,0.06337376507977173,0.05903960130375803,899035.9011853305,0,65999.24034387515,50000,965035.1415292056,0,50000,100000,150000,200000,250000,949035.9011853305,849035.9011853305,799035.9011853305,749035.9011853305,699035.9011853305,965035.1415292056
Oak Forest,68137329.34,0.12375594642219544,0.1435911110672577,0.17113031822435146,0.20995221534597774,0.2654792303780695,0.3430300406304157,0.1435911110672577,0.11683243735605346,0.14035703684678227,0.1146823881430874,474523310.2074449,10933855.822503757,108682269.35559757,76054915,594139435.3855462,0,76306233,152417747,226040905,293920372,351944516,550578225.2074449,398160478.2074449,324537320.2074449,256657853.2074449,198633709.2074449,583205579.5630424
Oak Lawn,147203490.06,0.10648034543229336,0.12083718373064554,0.14267918067786006,0.1673394414472412,0.19567033182422214,0.22998548202488103,0.12083718373064554,0.1000993885715057,0.1179835759373992,0.09813322507372767,1218196961.5257401,29463900.50902811,252376357.25977504,164250564,1500037219.2945433,0,177039616,350737858,502777504,630143951,742391950,1382447525.5257401,1031709667.5257401,879670021.5257401,752303574.5257401,640055575.5257401,1470573318.785515
Oak Park,234720509.14,0.11693893334279093,0.1250204099735716,0.133728492750285,0.14379839591917679,0.15479160447986293,0.16684834612627655,0.1250204099735716,0.1137440977754317,0.1250204099735716,0.1137440977754317,1877457522.252712,0,186126555.78372014,129748311,2063584078.036432,0,126242137,252003899,374917047,490841235,600416287,2007205833.2527118,1755201934.2527118,1632288786.2527118,1516364598.2527118,1406789546.2527118,2063584078.036432
Olympia Fields,23807287.83,0.16271849467148738,0.183431353845095,0.20514741343691248,0.23586700940613517,0.27604623375445725,0.3248957101436289,0.183431353845095,0.15300314556040967,0.1728634049410849,0.14557954188608888,129788541.22237407,7934580.904683255,25811448.194838647,16521120,163534570.32189596,0,15130000,30260000,45374444,60065819,73032954,146309661.22237405,116049661.22237405,100935217.22237405,86243842.22237405,73276707.22237405,155599989.4172127
Orland Hills,15912484.11,0.09529559202676705,0.1061445970608126,0.11990917726326544,0.13765350618633074,0.16116281345950964,0.18878736832203644,0.1061445970608126,0.0922690751211302,0.1061445970608126,0.0922690751211302,149913274.44470286,0,22544118.122744057,17067000,172457392.56744692,0,17150000,34275802,51382172,68244817,82692410,166980274.44470286,132704472.44470286,115598102.44470286,98735457.44470286,84287864.44470286,172457392.56744692
Orland Park,228659583.49,0.09133927142185819,0.09849318218869857,0.1069133325190289,0.11681555590088778,0.1283291715735451,0.1412035070577775,0.09849318218869857,0.08767481593384621,0.09789934111110389,0.08720395210685868,2321577782.428855,14082303.684483655,286464003.0541261,181831539,2622124089.1674647,0,182362035,364671541,545968108,721588550,884047393,2503409321.428855,2138737780.428855,1957441213.428855,1781820771.428855,1619361928.428855,2608041785.482981
Palatine,205823269.47,0.09924460009028908,0.10834662477759079,0.11930323684949383,0.13200168081939948,0.14605922305027388,0.161613546363261,0.10834662477759079,0.09614797415214464,0.10214249488318258,0.09123053071574057,1899674031.3092818,115386103.11757061,241018700.75291505,174224894,2256078835.1797676,0,174818738,348687817,514651587,664722119,800346837,2073898925.3092818,1725211108.3092818,1559247338.3092818,1409176806.3092818,1273552088.3092818,2140692732.062197
Palos Heights,47565953.1,0.09998074967382396,0.11004541319854393,0.12243708024015755,0.13788912246486745,0.15763775059959986,0.18235148402917667,0.11004541319854393,0.0944024273658687,0.10778720052780723,0.09273573298065811,432239306.6413546,9055697.469349695,71624359.02109765,43511808,512919363.13180196,0,43639308,87258078,130793135,174008969,214903481,475751114.6413546,388493036.6413546,344957979.6413546,301742145.6413546,260847633.64135462,503863665.6624523
Palos Hills,40531891.69,0.09689103504784838,0.11087016474287929,0.12971082463362624,0.15451789345204295,0.18532780393904227,0.21780365789745743,0.11087016474287929,0.08984857468055621,0.11087016474287929,0.08984857468055621,365579791.3171513,0,85533560.60974747,52744687,451113351.9268988,0,53214067,105845610,156012517,199620696,232230764,418324478.3171513,312478868.3171513,262311961.3171513,218703782.3171513,186093714.3171513,451113351.9268988
Palos Park,22482523.04,0.08685025402141941,0.09253385841988038,0.09922955335115234,0.10682189537937938,0.11563946995072263,0.12571638027709878,0.09253385841988038,0.08379902730395512,0.09253385841988038,0.08379902730395512,242965368.82730654,0,25325609.759492345,15900000,268290978.58679888,0,16150000,32294531,48398002,64446257,80030097,258865368.82730654,226570837.82730654,210467366.82730654,194419111.82730654,178835271.82730654,268290978.58679888
Park Forest,37786877.97,0.30230907646291366,0.4136055688354255,0.5784040185567769,0.6985202120964313,0.7286416437553718,0.7389189450363278,0.4136055688354255,0.26910160664468386,0.3808404497951346,0.2548369602639203,91359693.43061596,7860013.904376124,49058932.98023638,33634496,148278640.31522846,0,33572059,59664633,70898578,73134845,73856134,124994189.43061596,65329556.43061596,54095611.43061596,51859344.43061596,51138055.43061596,140418626.41085234
Park Ridge,167681272.14,0.09461106736192028,0.10114655003305387,0.10907697804583259,0.11803823052953179,0.12837201690684408,0.14009869596076072,0.10114655003305387,0.09119462647989557,0.09809299257168533,0.08870499892212949,1657805155.837773,51606166.45887584,180913621.9288795,114516802,1890324944.2255285,0,117559122,235047318,351754474,466108375,575442351,1772321957.837773,1537274639.837773,1420567483.837773,1306213582.837773,1196879606.837773,1838718777.7666526
Phoenix,1611281.8,0.17394344778487417,0.2981085588652833,0.44821425591341757,0.49672326271561845,0.517264444907441,0.5260679172710598,0.2981085588652833,0.1618769625889036,0.17354472678484573,0.1164788186538899,5405016.904355792,3879516.4251852836,4548726.816991068,3858234,13833260.146532144,0,4363883,5668359,6019429,6148245,6200373,9263250.904355792,3594891.9043557923,3243821.9043557923,3115005.9043557923,3062877.9043557923,9953743.72134686
Posen,7632636.52,0.11315477087528517,0.13848136564346583,0.1896114462014159,0.24075805654076407,0.2915991397352446,0.3077565375177148,0.13848136564346583,0.10719119659676314,0.10826654912201518,0.08814922378420273,55116704.57995762,15381861.984661581,16089110.471373597,12336364,86587677.03599279,0,14198364,27198977,35750551,41277969,42652177,67453068.5799576,40254091.579957604,31702517.579957604,26175099.579957604,24800891.579957604,71205815.0513312
Prospect Heights,47307965.51,0.10358454960433713,0.11379528378433684,0.1257673808553116,0.13799523403025135,0.15064661257848494,0.1647828953171668,0.11379528378433684,0.09940017397385184,0.11348763555206166,0.09916535740440016,415728701.02118963,1126979.15815284,60205732.67954816,40980004,477061412.85889065,0,41010000,80554211,113885521,142675985,169616010,456708705.0211897,376154494.0211897,342823184.0211897,314032720.0211897,287092695.0211897,475934433.70073783
Richton Park,27056970.3,0.15739737390538144,0.187425921885128,0.2287794000727551,0.27860025170422487,0.33368987526456473,0.37735858596561817,0.187425921885128,0.1497148006745915,0.16273008539527467,0.13352792371739755,144360876.16836172,21908134.47142298,36362540.47505304,27541422,202631551.11483777,0,27749350,53635661,74784761,90818117,100201345,171902298.16836175,118266637.16836175,97117537.16836175,81084181.16836175,71700953.16836175,180723416.6434148
River Forest,61661342.48,0.09831111480401204,0.10357,0.10954951368587358,0.11599225802551183,0.12297173818888431,0.13051558364751112,0.10357,0.09598595128393397,0.10222805903775903,0.09483225086437228,595359104.7600657,7815239.548131699,47040555.34853613,31847113,650214899.6567335,0,32257497,64343450,95607441,125779277,154761926,627206217.7600657,562862767.7600657,531598776.7600657,501426940.7600657,472444291.7600657,642399660.1086018
River Grove,27917026.99,0.11717215522468882,0.12968278882019554,0.14569422889273692,0.16384468349876524,0.18420254232634833,0.2078710817451475,0.12968278882019554,0.11215801472270659,0.11932424738404881,0.10432538037736584,215271642.78296638,18687737.66171538,33636355.981281966,22984852,267595736.42596373,0,23549839,46642680,67869355,86700351,103956780,238256494.78296638,191613814.78296638,170387139.78296638,151556143.78296638,134299714.78296638,248907998.76424834
Riverdale,29466293.34,0.24915061656672657,0.3065485297222394,0.37445578639990235,0.38362218499999245,0.38605243314129134,0.3866144149023134,0.3065485297222394,0.23886912987755832,0.3065485297222394,0.23886912987755832,96122768.44615474,0,27234709.161370758,22144221,123357477.6075255,0,23143617,39576008,41456277,41939810,42050759,118266989.44615474,78690981.44615474,76810712.44615474,76327179.44615474,76216230.44615474,123357477.6075255
Riverside,39140544.67,0.1132365257245071,0.1225567500904567,0.13372375635476838,0.14682434548810652,0.16230123364659657,0.1810918946163182,0.1225567500904567,0.1088638094618864,0.1225567500904567,0.1088638094618864,319366698.62011796,0,40170092.01279891,26286300,359536790.63291687,0,26490000,52955981,79072245,104493127,129516629,345652998.62011796,292697017.62011796,266580753.62011796,241159871.62011796,216136369.62011796,359536790.63291687
Robbins,6690817.32,0.12808647799710896,0.1496406449974051,0.1711437948919857,0.1777629549822655,0.18034531652124822,0.1813192345169473,0.1496406449974051,0.12255210123923652,0.14154741709134097,0.11707012566181155,44712566.696809046,2556521.3408935135,9883129.764883738,7524152,57152217.802586295,0,8575429,13142007,14597733,15136685,15335960,52236718.69680904,39094711.69680904,37638985.69680904,37100033.69680904,36900758.69680904,54595696.46169278
Rolling Meadows,96495893.87,0.10301003411363208,0.11043197658602118,0.11907890907412935,0.12853902362329134,0.13811501497469278,0.14873717610750953,0.11043197658602118,0.10002685694024045,0.10561471278172199,0.0960582994282793,873803918.5129894,39855659.101275235,90895931.32483989,62958162,1004555508.9391046,0,63284131,126409562,186049253,238098768,287994258,936762080.5129895,810352518.5129895,750712827.5129895,698663312.5129895,648767822.5129895,964699849.8378294
Roselle,10575003.08,0.09533932414359396,0.10485911060239529,0.11694226319378179,0.1318521733699252,0.15061755972293983,0.17137181697828704,0.10485911060239529,0.09197033604349465,0.10286511026708525,0.09043280206468297,100849635.47038168,1954931.1367255857,14133124.568669012,10070000,116937691.17577627,0,10250000,20490369,30716156,40708678,49211688,110919635.47038168,90429266.47038168,80203479.47038168,70210957.47038168,61707947.47038168,114982760.03905068
Rosemont,64649664.22,0.10349751837687764,0.10430571518303909,0.10537536206024097,0.10630178192498382,0.10711638961849956,0.10775528498655118,0.10430571518303909,0.10311721356597373,0.07543520337809219,0.07481160704559581,619809414.1490775,237213054.47166035,7143758.694732594,4840000,864166227.3154705,0,5590000,11131577,16478384,21103454,24681958,624649414.1490775,613517837.1490775,608171030.1490775,603545960.1490775,599967456.1490775,626953172.8438101
Sauk Village,11856590.87,0.13709996294750615,0.17076320468871806,0.2013120631849182,0.21292415043038257,0.22214070432178726,0.22838590163734637,0.17076320468871806,0.13242987783192142,0.1068375209894237,0.09045589792737015,69432937.21626517,41544842.50190832,20098149.454737104,17048420,131075929.17291059,0,17104647,27584783,30796782,33107119,34566634,86481357.21626517,58896574.21626517,55684575.21626517,53374238.21626517,51914723.21626517,89531086.67100227
Schaumburg,369684365.71,0.09601302013049766,0.10114151163437841,0.1065913391008999,0.1127177916728966,0.11916401472534612,0.12511820964274653,0.10114151163437841,0.09374048388536735,0.09602504716697349,0.08932908751227903,3655120036.6313562,194754309.8729779,288580170.4432813,195236563,4138454516.9476156,0,191109296,382116414,570622671,748041135,895675848,3850356599.6313567,3468240185.6313567,3279733928.6313567,3102315464.6313567,2954680751.6313567,3943700207.074638
Schiller Park,46866444.84,0.11976823521578041,0.12766010161572863,0.13714604886700513,0.1466720165736824,0.15592395773334577,0.1655634263813783,0.12766010161572863,0.11584888965771464,0.12381593057721958,0.1126742990196569,367118968.6271229,11398114.122346675,37429102.38564975,24190503,415946185.1351193,0,24920000,49582931,71777185,90737029,108237021,391309471.6271229,341726540.6271229,319532286.6271229,300572442.6271229,283072450.6271229,404548071.0127726
Skokie,261876689.1,0.09388368255382712,0.0994459491327355,0.10722873169578606,0.11525931143652304,0.12410693758942117,0.13307765999391283,0.0994459491327355,0.09056541353528674,0.09701248191213345,0.08854273850817847,2633357028.454322,66055293.94340881,258218009.7137061,156016822,2957630332.111437,0,174032317,347148852,517308489,679284808,821525234,2789373850.454322,2442224998.454322,2272065361.454322,2110089042.4543219,1967848616.4543219,2891575038.168028
South Barrington,38588220.69,0.08347728980092675,0.08609596544009447,0.08888425719683382,0.09185919612728377,0.0950401723495782,0.09844935815338306,0.08609596544009447,0.08258679184909705,0.08609596544009447,0.08258679184909705,448200104.2993085,0,19044352.423366554,14060000,467244456.722675,0,14060000,28120000,42180000,56240000,70300000,462260104.2993085,434140104.2993085,420080104.2993085,406020104.2993085,391960104.2993085,467244456.722675
South Chicago Heights,9127661.5,0.12004520349349235,0.13618063780887005,0.15771581618633118,0.17377894447886924,0.1797586704561069,0.18207687794818464,0.13618063780887005,0.11569648226916557,0.12449832598483004,0.10715410248079031,67026132.69303895,6289403.301494771,11867030.875795221,9009071,85182566.87032893,0,9594666,18161100,23510650,25257895,25904393,76035203.69303894,57874103.69303894,52524553.69303894,50777308.69303894,50130810.69303894,78893163.56883416
South Holland,77159767.86,0.16875435358168875,0.1950306065151225,0.23084091232882215,0.2789942397593798,0.3334059472740251,0.3619908245957825,0.1950306065151225,0.15810738738123187,0.18732555683147092,0.15300545478920063,395629020.6892071,16272959.82601681,92392248.51278624,61602252,504294229.02801013,0,62097719,122976105,180667255,225802384,244077340,457231272.6892071,334255167.6892071,276564017.6892071,231428888.68920708,213153932.68920708,488021269.20199335
Steger,6579321.75,0.10472162230703896,0.12667921780130093,0.1696288472074696,0.2007794907667678,0.2203593379606762,0.23521197580844994,0.12667921780130093,0.09824992164226738,0.1221564192836106,0.0955073708673875,51936867.500396214,1922944.2768693443,15028292.776836587,10889907,68888104.55410215,0,14231785,24040201,30057881,32969534,34854892,62826774.50039622,38786573.50039622,32768893.500396222,29857240.500396222,27971882.500396222,66965160.27723281
Stickney,15989321.03,0.11065803182230793,0.12426151750080364,0.14390836461882897,0.1678473736135928,0.1981639434835736,0.23381217483720612,0.12426151750080364,0.10417718146689312,0.11585234440061831,0.09820130416863067,128674760.71098675,9339891.583910285,24807228.385457642,15818330,162821880.68035468,0,16796836,33385435,49232017,63805753,76107768,144493090.71098676,111107655.71098676,95261073.71098676,80687337.71098676,68385322.71098676,153481989.0964444
Stone Park,8556694.92,0.14864497607301905,0.16374994634687068,0.1844045831237815,0.20585802322327099,0.22779285913742947,0.24823200620106023,0.16374994634687068,0.14114945008273128,0.16004631727829538,0.13838899067842084,52254642.58702349,1209223.7831176834,8366882.434750975,5310000,61830748.804892145,0,5639981,11162895,15998641,20001152,23094088,57564642.58702349,46401747.58702349,41566001.58702349,37563490.58702349,34470554.58702349,60621525.02177446
Streamwood,96395215.38,0.10778807980869269,0.12155005467191735,0.1393088876860762,0.16279853947930514,0.19438975435359707,0.23096148832570854,0.12155005467191735,0.10360538545036847,0.12051774784516407,0.10285444065587418,793049543.582566,6792945.2087475145,137357837.85782763,101253570,937200326.6491412,0,101273035,202350023,302189599,398416817,476938227,894303113.582566,691953090.582566,592113514.582566,495886296.582566,417364886.582566,930407381.4403937
Summit,22524739.66,0.12544794967396425,0.13801917945233397,0.15439648652187876,0.17282868021345507,0.19167969939580934,0.20783443267062038,0.13801917945233397,0.11955799409388711,0.12653469528424138,0.11084333071975075,163200069.36267215,14812290.088635044,25200044.161411062,16354397,203212403.61271825,0,16896461,33665527,49224595,62042076,71176180,179554466.36267215,145888939.36267215,130329871.36267215,117512390.36267215,108378286.36267215,188400113.5240832
Thornton,10569592.89,0.17932647252339384,0.20400482189755684,0.23704978934051243,0.2666840265506759,0.27107912679138096,0.2721992185105946,0.20400482189755684,0.17128320303850136,0.20030363147685828,0.16866649202681455,51810505.22084048,957349.3211334121,9897780.836982414,7130000,62665635.3789563,0,7213756,14352434,19307112,19949702,20110148,58940505.22084048,44588071.22084048,39633393.22084048,38990803.22084048,38830357.22084048,61708286.05782289
Tinley Park,151971909.71,0.11282356171116464,0.12718843618548775,0.14570084511962286,0.16991648240806506,0.20152837472669158,0.24095867602009524,0.12718843618548775,0.10695263355699866,0.12465503620147256,0.1051555430089039,1194856342.8232484,24283407.49038354,226070890.6235939,152131001,1445210640.9372258,0,152131623,303946656,452595537,592890508,716290362,1346987343.8232484,1043040687.8232484,894391806.8232484,754096835.8232484,630696981.8232484,1420927233.4468422
University Park,619608.36,0.20926410421703875,0.2099732596922656,0.21068723789158583,0.21140608817940287,0.21212986059613836,0.2128193450528639,0.2099732596922656,0.20926410571694473,0.2099732596922656,0.20926410571694473,2950891.751207229,0,9999.978777730477,10000,2960891.7299849596,0,10000,20000,30000,40000,49463,2960891.751207229,2940891.751207229,2930891.751207229,2920891.751207229,2911428.751207229,2960891.7299849596
Westchester,54069539.59,0.08651779846260722,0.09523262263842547,0.10658947780252531,0.1205029609365505,0.13820234974246942,0.16089048199511677,0.09523262263842547,0.08160111986850041,0.09453676463941482,0.0810896785140623,567762790.6488365,4179138.9933909504,94845022.54211792,57190000,666786952.1843454,0,58897079,117683774,176253944,233718201,288888538,624952790.6488365,507269016.6488365,448698846.6488365,391234589.6488365,336064252.6488365,662607813.1909544
Western Springs,62892452.71,0.07652564266037026,0.08024063095506587,0.0846291634022671,0.08935507508561744,0.0946184366122461,0.10051453720608493,0.08024063095506587,0.075056039643881,0.07934641164005182,0.07427307978342206,783798082.8592846,8833258.748275429,54141848.53606122,38050000,846773190.1436213,0,39350000,78694657,117999391,157152544,196143041,821848082.8592848,743153425.8592848,703848691.8592848,664695538.8592848,625705041.8592848,837939931.3953459
Wheeling,129663803.61,0.11349855620077569,0.12229093705812527,0.1324495592867628,0.14390330294142792,0.15610122471652677,0.1675993164011641,0.12229093705812527,0.1097599354057017,0.10994268033123053,0.09970864725054898,1060289558.0755129,119086851.69869423,121050455.75310643,82137341,1300426865.5273135,0,82230000,163459477,241378758,311787653,368773364,1142426899.075513,978967422.0755129,901048141.0755129,830639246.0755129,773653535.0755129,1181340013.8286192
Willow Springs,18254021.46,0.0887416250528423,0.09796779518379181,0.11067360122346667,0.12536914605350113,0.14278606873007185,0.16375052339426094,0.09796779518379181,0.08438790496359781,0.09003918496412318,0.0784382691134844,186326755.9074354,16407436.625220928,29984117.882762257,19371770,232718310.41541857,0,20448191,40762884,60096342,77856772,94223942,205698525.9074354,164935641.9074354,145602183.9074354,127841753.90743539,111474583.90743539,216310873.79019764
Wilmette,165407871.02,0.08297328690921063,0.08623447138257193,0.08981015522907004,0.09366664894591774,0.09784095557190622,0.10232803412256523,0.08623447138257193,0.0816041645014626,0.08623447138257193,0.0816041645014626,1918117759.268008,0,108836036.9078648,75389756,2026953796.1758728,0,75890206,151757319,227586850,302928452,377060249,1993507515.268008,1841750196.268008,1765920665.268008,1690579063.268008,1616447266.268008,2026953796.1758728
Winnetka,118036507.47,0.08451096333995349,0.08644064836455936,0.08851694811735825,0.0906651659492276,0.09291553247889729,0.09526579027503573,0.08644064836455936,0.08385379454768535,0.08644064836455935,0.08385379454768535,1365520848.156837,0,42125736.075864136,31179684,1407646584.2327013,0,31610054,63210054,94805739,126336963,157677509,1396700532.1568372,1333490478.1568372,1301894793.1568372,1270363569.1568372,1239023023.1568372,1407646584.2327013
Worth,22944632.65,0.11516169795884922,0.132500191340845,0.15632935630255845,0.18516124370262446,0.22330373470412326,0.26751751816884145,0.132500191340845,0.1080763929453524,0.13204121660389873,0.10777083411086028,173166788.80090794,601927.0602160083,39133344.69449556,26071613,212902060.5556195,0,26573892,52467295,75321365,96487623,113469691,199238401.80090794,146771106.80090794,123917036.80090794,102750778.80090794,85768710.80090794,212300133.4954035
NA,232948670.08,0.08433035070867854,0.09174270659119849,0.10072477096440993,0.11111008982554964,0.12233407680176976,0.13411835068435105,0.09174270659119849,0.08065156889975957,0.09174270659119851,0.08065156889975957,2539151925.3733068,0,349182092.8964169,223182965,2888334018.2697234,0,225265337,449610147,665777589,858133901,1025446024,2762334890.3733063,2312724743.3733063,2096557301.3733063,1904200989.3733063,1736888866.3733063,2888334018.2697234
