agency_name,median_av,nochange_av,nochange_ratio,cur_comp_TC_rate,new_comp_TC_rate,current_taxable_eav,new_taxable_eav,muni_median_av,muni_median_eav,muni_mean_av,muni_mean_eav,av,eav,equalized_AV,pins_in_muni,current_exemptions,HO_exemps,final_tax_to_dist,final_tax_to_tif,tax_amt_exe,tax_amt_pre_exe,tax_amt_post_exe,rpm_tif_to_cps,rpm_tif_to_rpm,rpm_tif_to_dist,tif_share,total_bill_current,median_eav,avg_av,avg_eav,C2_pins_in_muni,C2_current_exemptions,C2_HO_exemps,rate_change,nobillchange_propertyEAV
CITY OF BERWYN,19030,28548,1.5001576458223858,13.927533547351524,12.302777307512283,798149015.2011787,903555913.2011787,19078,57286,21343,64087,332419873,998157078,998157078,15575,165848989,105406898,111162471.85,4813287.29,23193437.88800637,139169196.12,115975759.14,0,0,0,0.013045128874575344,115975759.14,57141,18892,56728,14081,165838989,105396898,1.6247562398392414,85721
CITY OF BLUE ISLAND,10688,25293,2.366485778443114,15.315241310076546,13.29866546091566,244847559.76602092,281975621.7660209,9828,29511,13219,39691,105338372,316299503,316299503,7969,52455150,37128062,37498994.62,3094287.38,7993015.053036922,48586296.42,40593282,0,0,0,0.028084333900576984,40593282,32093,10903,32738,6107,52375467,37108062,2.016575849160887,75947
CITY OF BURBANK,17199,27088,1.5749752892610036,12.288955479795447,10.778089258557221,502154693.71223706,572546443.7122371,17188,51610,20908,62781,208515910,626110693,626110693,9973,112532459,70391750,61709566.75,1403579.83,13829113.373412019,76942258.98,63113146.58,0,0,0,0.0042847780317832145,63113146.58,51643,17549,52695,9319,112532459,70391750,1.510866221238226,81337
CITY OF CALUMET CITY,7378,19031,2.5794253185145024,25.81480631592571,21.297228790878666,359327560.7215172,435548280.7215172,7024,21091,10081,30269,155774296,467743492,467743492,15453,102654891,76220720,92759713.84,2326186.8,26580728.204775773,121666629.35,95085900.64,0,0,0,0.014079732328233611,95085900.64,22156,8482,25470,11456,102351813,76220720,4.517577525047045,57143
CITY OF CHICAGO,21119,84228,3.988257019745253,6.7287594668992705,6.462706459750722,97149448822.43416,101148841826.43416,20000,60054,45900,137825,40518891617,121666077734,121666077734,882760,6839135255,3999393004,6536952734.68,1197629344.1200001,458877011.1851899,8193448128.39,7734582078.8,98902408.37452525,73056434.7161399,18264108.679034974,0.11863077291075062,7734582078.8,63414,29123,87446,732952,6838385728,3998997904,0.26605300714854874,252910
CITY OF CHICAGO HEIGHTS,8286,24361,2.9400193096789766,20.97208505974687,18.104996080264605,354965653.09514594,411177657.09514594,5985,17968,10391,31194,146962533,441177222,441284524,14143,75926867,56212004,74443698.7,3306386.5300000003,15883127.74772858,93633212.88,77750085.23,0,0,0,0.00501609934475373,77750085.23,24877,8367,25112,9118,75908867,56202004,2.867088979482265,73148
CITY OF COUNTRY CLUB HILLS,9952,18634,1.872387459807074,24.78453591505309,20.355035687583694,194633733.7738957,236988371.7738957,9843.5,29557.5,16126,48405,103269775,309985717,310088097,6404,60648614,42354638,48239067.65,12894939.31,15016863.28508441,76150869.95,61134006.96,0,0,0,0.0031530242435705807,61134006.96,29884,10890,32681,5964,60648614,42354638,4.429500227469397,55953
CITY OF COUNTRYSIDE,24084,78472,3.258262747051985,7.88183376052728,7.547330968034369,341565860.0264489,356704289.0264489,24674,74089,45568,136827,124446315,373674927,373674927,2731,24803815,15138429,26921653.27,669326.4400000001,1950763.325837382,29541742.77,27590979.71,0,0,0,0.005029695183870377,27590979.71,72317,24872,74682,2225,24803815,15138429,0.3345027924929109,235628
CITY OF DES PLAINES,19330,46995,2.431195033626487,10.074636164224817,9.360691522569219,2194490905.042141,2361865828.042141,19282.5,57899.5,34413,103333,831496724,2496735173,2496735173,24162,259975207,167374923,221086974.34,4340153.19,26145647.251103252,251570984.03,225427127.53,0,0,0,0.0023867271836010675,225427127.53,58042,20712,62192,21677,259975207,167374923,0.7139446416555977,141112
CITY OF ELGIN,15559,31621,2.0323285558197828,11.479743681388818,10.270696747370039,446736286.2216419,499325234.2216419,15421,46305,22204,66669,173944186,522287515,522302159,7834,68588480,52588948,51284180.59,980320.17,7871354.925415732,60133996.2,52264500.76,0,0,0,0.002032142691124585,52264500.760000005,46719,16294,48924,6979,68588480,52588948,1.2090469340187795,94949
CITY OF EVANSTON,28661,73748,2.573113289836363,8.883143923197935,8.481994105537424,3227904788.3170366,3380566226.3170366,27795,83460,46976,141056,1164593021,3496923555,3496923555,24791,227438408,152661438,286739428.05,4163347.16,20188962.194228433,311091737.17,290902775.21,0,0,0,0.005362966522258279,290902775.21000004,86060,35342,106121,22043,226428408,152651438,0.40114981766051017,221442
CITY OF HARVEY,4155,20743,4.992298435619735,26.90418480306727,22.584671210342947,203424316.77677304,242330975.77677304,3851,11563,5937,17828,85170624,255741658,255741658,14345,45848696,38906659,54729654.12,2480878.66,12318815.421558542,69529347.4,57210532.78,0,0,0,0.022402213235707562,57210532.78,12476,4345,13047,9383,45848696,38906659,4.319513592724324,62285
CITY OF HICKORY HILLS,19947,32036,1.6060560485286008,12.003339140534262,10.7554940958573,306931655.00579345,342541655.00579345,19904,59766,23357,70134,120662795,362314140,362314140,5166,55390019,35610000,36842047.48,167066.11000000002,6649402.174887445,43658516.41,37009113.59,0,0,0,8.012603849198607e-4,37009113.589999996,59895,18984,57003,4681,55390019,35610000,1.2478450446769624,96193
CITY OF HOMETOWN,10946,15735,1.437511419696693,12.562,9.903274385993347,46262264.607546575,58682264.607546575,10941,32853,12784,38387,21515598,64604867,64604867,1683,18342593,12420000,5811465.68,0,2304196.0612798077,8115662.14,5811465.68,0,0,0,0,5811465.68,32866,11576,34760,1646,18342593,12420000,2.658725614006652,47248
CITY OF MARKHAM,5265,17597,3.342260208926876,26.517209380586813,21.498805362980743,120267555.57976536,148341263.57976538,4198,12605,6029,18103,57330163,172141750,172145145,9509,36651937,28073708,31891599.53,4215747.2299999995,9836484.143920602,45942177.25,36107346.76,0,0,0,0.04090130461561037,36107346.76,15809,5908,17738,5365,36631112,28053708,5.01840401760607,52840
CITY OF NORTH LAKE,15774,54873,3.4786991251426396,13.585376761433869,12.760855908716628,414065945.2278808,440820107.2278808,15771,47356,37468,112505,151557381,455081275,455081275,4045,39651754,26754162,56252418.7,0,5392262.030868723,61642378.94,56252418.7,0,0,0,0,56252418.7,47365,14627,43921,3479,39171754,26554162,0.8245208527172405,164767
CITY OF OAK FOREST,17096,24154,1.4128451099672439,14.328193087903832,12.35262163280642,475547257.92691195,551602172.926912,17002,51050.5,18584,55796,197885925,594115956,594192068,10648,108682274,76054915,68137329.34,1636755.5,15503385.924354324,85274257.76,69774084.84,0,0,0,0.012341590937733566,69774084.84,51334,16708,50162,9681,108672274,76044915,1.9755714550974126,72527
CITY OF PALOS HEIGHTS,24841,36437,1.466808904633469,10.996777758007116,9.99166614955346,432544461.1751444,476056269.1751444,24658,74041,30395,91267,170819396,512919446,512919446,5620,71624362,43511808,47565953.1,1131296.36,7880299.185381278,56577548.93,48697249.46,0,0,0,0.0019385260417055159,48697249.46,74590,25487,76531,5079,71624362,43511808,1.0051116084536567,109409
CITY OF PALOS HILLS,16222,26805,1.6523856491184812,10.902124714249428,9.54759925113545,371779747.0893312,424524434.0893312,14737,44251,19080,57292,150235875,451113342,451113342,7874,85533565,52744687,40531891.69,0,9339364.251471229,49871255.93,40531891.69,0,0,0,0,40531891.69,48710,17096,51334,7150,85533565,52744687,1.354525463113978,80487
CITY OF PARK RIDGE,31602,51517,1.630181634073793,10.119997491280671,9.465780970378272,1656929977.3490376,1771446779.3490376,31304,93997,38519,115660,629508627,1890225594,1890225594,16343,180913625,114516802,167681272.14,5206629.4,18308635.64435826,191186471.63,172887901.54,0,0,0,0.015156904660921434,172887901.54,94891,35064,105286,15265,180913625,114516802,0.6542165209023985,154689
CITY OF PROSPECT HEIGHTS,19106,36143,1.8917094106563384,11.716606179499754,10.637014996423778,403768504.16610855,444748508.16610855,18737,56262,25973,77989,158877504,477061479,477061479,6117,60205737,40980004,47307965.51,137885.9,7004626.82243242,54450479.32,47445851.41,0,0,0,1.6347882949158083e-4,47445851.41,57370,21407,64280,5663,60205737,40980004,1.0795911830759763,108528
CITY OF ROLLING MEADOWS,19301,49233,2.5508004766592403,11.12010312566447,10.367887584797515,867760782.2475477,930718944.2475477,19322,58018,35568,106799,334550780,1004555509,1004555509,9406,90895933,62958162,96495893.87,4374698.89,10116207.428067444,110986799.66,100870592.76,0,0,0,0.010193224290790134,100870592.76,57955,19641,58976,8652,90895933,62958162,0.7522155408669544,147831
TOWN CICERO,16138,25879,1.6036063948444665,14.376,12.525973132151492,747425797.1619365,857817045.1619365,16042,48169,20837,62567,360396204,1082161644,1082161644,17296,170443868,110391248,107449932.6,23618609.21,24503009.710004464,155571551.74,131068541.81,0,0,0,0.07039213163015409,131068541.81,48458,15681,47086,14520,170415868,110371248,1.8500268678485075,77707
VILLAGE OF ALSIP,15889,51183,3.221285165838001,12.920769230769231,12.080053435376916,638548981.53837,682989034.53837,15944.5,47876.5,32837,98598,237343504,712667700,712671491,7228,70191268,44440053,82505440.33,410386.88,9064917.425802283,91980744.77,82915827.21,0,0,0,0.001404204890646375,82915827.21,47710,15404,46254,5852,65022696,44440053,0.840715795392315,153688
VILLAGE OF ARLINGTON HEIGHTS,28488,50358,1.7676916596461667,10.180618923871398,9.507343811468846,3139360114.546581,3361678048.546581,28448,85421,38784,116457,1164106179,3495461492,3495461492,30015,333647442,222317934,319606289.91,3341463.32,34022437.82177225,356970189.65,322947753.23,0,0,0,0.002679288565779943,322947753.23,85541,28680,86116,27767,332659822,221426314,0.6732751124025516,151210
VILLAGE OF BARRINGTON,36880,83277,2.2580531453362256,8.231131055200901,7.901959548897359,343794377.59188145,358115801.59188145,35573,106815,47335,142132,126052198,378496935,378496935,2663,19682273,14321424,28298165.78,1243499.92,1620376.5015933888,31162042.18,29541665.7,0,0,0,0.03365459569198798,29541665.700000003,110742,38145,114539,2160,19682273,14321424,0.32917150630354186,250056
VILLAGE OF BARRINGTON HILLS,59958,122605,2.0448480603088828,9.015953592814371,8.771052802196543,202388614.38398367,208039604.38398367,48738,146345.5,52483,157388,70117588,210269989,210542084,1336,7374912,5650990,18247263.55,0,666126.0654197619,18913389.57,18247263.55,0,0,0,0,18247263.55,180034,65737,197125,1032,7374912,5650990,0.24490079061782843,368147
VILLAGE OF BARTLETT,22256,35621,1.6005122214234364,12.46038775510204,11.29543013495308,392494116.4850572,432974116.4850572,21879,65696,25170,75566,146764612,440624846,440690214,5831,51777032,40480000,48906288.83,531738.88,6447578.782842236,55882383.37,49438027.71,0,0,0,3.97397982029326e-4,49438027.71,66828,22474,67472,5439,51777032,40480000,1.1649576201489609,106960
VILLAGE OF BEDFORD PARK,14821,914778,61.72174617097362,13.029346938775511,12.98191236751481,473467089.48558825,475197089.48558825,15876.5,47672.5,171030,513553,184370740,553609997,553609997,1078,3290181,1730000,61689669.73,9673819.86,478063.27406098566,71841552.81,71363489.59,0,0,0,0.08457387082852041,71363489.59,44503,14779,44376,235,2424118,1730000,0.04743457126070183,2746804
VILLAGE OF BELLWOOD,15555,22129,1.4226293796207008,17.31503411450608,14.709222079325457,253095438.91274098,297932557.91274095,15442,46368,18498,55545,124715295,374482615,374482615,6742,81488187,44837119,43823561.589999996,6916790.2299999995,14129313.862370003,64869665.27,50740351.82,0,0,0,0.08201904380023599,50740351.81999999,46707,14950,44890,5890,81488187,44837119,2.605812035180623,66448
VILLAGE OF BENSENVILLE,NA,Inf,NA,11.652486111111111,11.652486111111111,26186016.021855135,26186016.021855135,64441,193497,120338,361339,8664342,26016422,26016422,72,0,0,3051321.88,0,0,3051321.88,3051321.88,0,0,0,0,3051321.88,NA,NA,NA,NA,NA,NA,0,Inf
VILLAGE OF BERKELEY,18011,27979,1.5534395647104546,14.422203099510604,12.705513555822678,108131114.17443006,122741114.17443006,17660.5,53029.5,18498,55544,45357351,136194509,136194509,2452,23277523,14610000,15594888.9,839675.57,3380128.1480724723,19814692.54,16434564.47,0,0,0,0.006916115686698205,16434564.47,54082,18069,54255,1778,23277523,14610000,1.7166895436879255,84012
VILLAGE OF BRIDGEVIEW,17385,52919,3.04394593039977,13.015992644285175,12.196864011438642,503491088.3940429,537305023.394043,17473,52466,37096,111388,196682542,590578684,590578684,5302,54072337,33813935,65534363.03,4819414.57,7021840.149307139,77373734.98,70353777.6,0,0,0,0.05840148278777272,70353777.6,52202,18300,54948,4316,53838051,33813935,0.8191286328465335,158900
VILLAGE OF BROADVIEW,16892,53421,3.162502959981056,12.211794010889292,11.450486541579433,292068092.3556019,311486797.3556019,16922,50812,33805,101507,111760254,335582516,335582516,3306,34364468,19418705,35666753.81,1016210.17,4252362.403118025,40931056.25,36682963.98,0,0,0,0.016030456066613734,36682963.980000004,50722,16295,48930,2613,34364468,19418705,0.7613074693098589,160406
VILLAGE OF BROOKFIELD,20827,30367,1.4580592500120035,12.458527264482484,11.092184093020528,426223868.3009037,478726429.3009037,20706,62174,19241,57776,169727701,509641323,509641323,8821,78748511,52502561,53101216.84,689673.48,9910364.840759715,63701253.93,53790890.32,0,0,0,0.006066790908763859,53790890.32,62537,18986,57008,8023,78748511,52502561,1.3663431714619563,91182
VILLAGE OF BUFFALO GROVE,20838,30025,1.4408772434974566,11.771792860651711,10.46607223098869,354084762.3927048,398259479.3927048,20825,62531,23053,69222,140786211,422738600,422738600,6107,68405461,44174717,41682124.78,9595.11,8052746.346593313,49744465.68,41691719.89,0,0,0,7.564582544588177e-5,41691719.89,62568,19547,58694,5962,68405461,44174717,1.3057206296630213,90156
VILLAGE OF BURNHAM,8977,20402,2.27269689205748,24.072795215311004,20.14328333750539,46015291.16550037,54991863.16550037,6014,18058,9160,27505,19144564,57485356,57485356,2090,11716086,8976572,11077166.81,0,2827229.315120972,13904396.09,11077166.81,0,0,0,0,11077166.81,26955,7627,22902,1389,11716086,8976572,3.929511877805613,61262
VILLAGE OF BURR RIDGE,48317,112142,2.320963635987334,7.218797672336616,7.0044178410001505,438649480.2499492,452074950.2499492,47571.5,142843,68109,204506,152154638,456866929,456874676,2234,21502232,13425470,31665218.47,0,1557910.0643580442,33223128.41,31665218.47,0,0,0,0,31665218.47,145081,55621,167009,2007,21502232,13425470,0.21437983133646554,336729
VILLAGE OF CALUMET PARK,7567,17946,2.3716135853046123,20.62620439084725,16.798446995898445,72802000.48179191,89390938.48179191,7448.5,22365.5,10286,30887,33265842,99887296,99887296,3234,23517178,16588938,15016289.42,735805.79,4850652.3360938225,20602747.77,15752095.209999999,0,0,0,0.02087260203598021,15752095.21,22721,7640,22940,2405,23517178,16588938,3.8277573949488044,53886
VILLAGE OF CHICAGO RIDGE,13568,42389,3.1241892688679247,12.486594444444446,11.50557794668007,321110283.98010844,348489567.98010844,13768,41341,26973,80992,126233654,379041703,379041703,4680,40666730,27379284,40095738.88,2203685.48,5078928.588203169,47378352.59,42299424.36,0,0,0,0.008565063200774785,42299424.36,40740,13844,41569,4062,40666730,27379284,0.9810164977643758,127282
VILLAGE OF CRESTWOOD,9777,34978,3.5775800347754934,10.863730732021928,9.82935837204831,349311794.87120044,386070904.87120044,9905,29742,22548,67705,139843415,419903773,419907828,6202,56407177,36759110,37948292.81,1851073.5,6188105.013269751,45987470.97,39799366.31,0,0,0,0.0028485783962031606,39799366.31,29357,11858,35607,5474,56407177,36759110,1.0343723599736183,105027
VILLAGE OF DEER PARK,17641,27075,1.5347769400827618,10.633764705882353,9.32575896747393,570380.309115249,650380.309115249,12662,38020,12583,37784,213918,642330,642330,17,80000,80000,60652.9,0,8628.7997474911,69281.7,60652.9,0,0,0,0,60652.9,52970,19777,59386,10,80000,80000,1.308005738408422,81298
VILLAGE OF DEERFIELD,NA,Inf,NA,8.832611940298507,8.832611940298507,179989800.94966924,179989800.94966924,407159,1222576,897615,2695268,60140188,180582942,180582942,67,0,0,15897800.65,0,0,15897800.65,15897800.65,0,0,0,0,15897800.65,NA,NA,NA,NA,NA,NA,0,Inf
VILLAGE OF DIXMOOR,3722,28243,7.5881246641590545,17.747,15.654290200427468,32761814.165774498,37141506.165774494,2118.5,6361.5,7250,21771,15342041,46067500,46067500,2116,5507578,4379692,5814239.16,1383929.34,977429.8039258905,8175597.91,7198168.5,0,0,0,0.09608823700168242,7198168.5,11176,3914,11751,1046,5507578,4379692,2.092709799572532,84804
VILLAGE OF DOLTON,9132,16750,1.834209373631187,25.196243513398553,20.18659774437652,218119522.93910456,272249572.93910456,9005,27039,10838,32543,101921188,306038718,306038718,9404,77069728,54130050,54957926.15,1857192.28,19160980.56827493,75973672.7,56815118.43,0,0,0,0.006889153875039771,56815118.43,27421,8929,26811,8275,76164054,54130050,5.009645769022033,50295
VILLAGE OF EAST DUNDEE,NA,Inf,NA,8.951,8.951,1287935.5379287228,1287935.5379287228,806180.5,2420718,806180,2420718,1612361,4841436,4841436,2,0,0,115283.10999999999,318069.71,0,433352.82,433352.82,0,0,0,0.733973969707,433352.82,NA,NA,NA,NA,NA,NA,0,Inf
VILLAGE OF EAST HAZELCREST,7371,25754,3.4939628272961607,21.274,18.523022131415757,20533120.381686565,23582631.381686565,7078,21253,13068,39239,8690225,26094149,26094149,665,4332010,3049511,4368216.03,261461.25999999998,921591.7424298231,5551268.91,4629677.29,0,0,0,0.003357316015774436,4629677.29,22133,9646,28963,477,4332010,3049511,2.7509778685842434,77333
VILLAGE OF ELK GROVE VILLAGE,21450,75300,3.5104895104895104,9.666291149179157,9.238771338085847,2025653375.3033855,2119389535.3033855,23026,69140,61154,183627,856766322,2572612371,2572612371,14010,143394167,93736160,195805552.93,33774014.17,13966451.849023186,243546018.94,229579567.1,0,0,0,0.010985824127783584,229579567.10000002,64408,22092,66336,11994,143394167,93736160,0.42751981109331005,226102
VILLAGE OF ELMWOOD PARK,22172,30917,1.3944163810211077,12.509234861078129,11.1617646600556,481020304.34508914,539090022.3450892,22172,66576,22792,68437,191953956,576380157,576380157,8422,90867050,58069718,60171959.6,565247.31,11366558.88498788,72099390.71,60737206.91,0,0,0,0.0037770594511665877,60737206.910000004,66576,20795,62440,7904,90867050,58069718,1.3474702010225297,92835
VILLAGE OF EVERGREEN PARK,16279,30399,1.8673751458934824,12.735676552881925,11.340409848832342,455257893.7542176,511270523.7542176,16247,48785,20300,60956,181383976,544641676,544641676,8935,80490338,56012630,57980172.83,1957108.35,10248029.453636378,70185309.5,59937281.18,0,0,0,0.009921215781820928,59937281.18,48881,15470,46453,8064,80490338,56012630,1.3952667040495825,91278
VILLAGE OF FLOSSMOOR,19919,29856,1.4988704252221496,17.92787482083134,15.928114187984042,234076409.88902235,263464495.88902235,19274,57874,21929,65846,91794463,275631220,275631220,4186,41484189,29388086,41964925.75,0,7439645.452071762,49392213.76,41964925.75,0,0,0,0,41964925.75,59811,20389,61224,3817,41484189,29388086,1.9997606328473,89650
VILLAGE OF FORD HEIGHTS,2515,25327,10.07037773359841,27.68499387442573,24.0446424369264,13195760.080607133,15193594.080607133,833,2495,3219,9579,6306876,18764306,18937594,1959,2357391,1997834,3653245.37,426600.77,656959.7038217222,4736805.87,4079846.14,0,0,0,0.07489760938512967,4079846.14,7534,3307,9713,797,2353516,1993959,3.64035143749933,76050
VILLAGE OF FOREST PARK,20148,46780,2.3218185427834026,11.334857310529845,10.527903460483548,398353078.8522061,428886465.8522061,19986,60012,26155,78534,155986053,468379306,468379306,5964,45765046,30533387,45152753.08,2431311.9,5188840.652526402,52772905.51,47584064.98,0,0,0,0.015066353635863011,47584064.98,60498,19506,58572,5154,45429046,30533387,0.8069538500462965,140465
VILLAGE OF FORESTVIEW,17442,106795,6.12286435041853,13.017660256410256,12.611710622850659,70211828.39288835,72471828.39288835,17233,51746,54835,164652,25662593,77057066,77057066,468,3551210,2260000,9139937.28,0,471032.4718867918,9610969.77,9139937.28,0,0,0,0,9139937.28,52374,18145,54483,268,3551210,2260000,0.40594963355959734,320672
VILLAGE OF FRANKFORT,31486,Inf,Inf,8.411,8.411,31474.378789680184,31474.378789680184,31486,31486,31486,31486,31486,31486,94543,1,0,0,2647.31,0,0,2647.31,2647.31,0,0,0,0,2647.31,31486,31486,31486,1,0,0,0,Inf
VILLAGE OF FRANKLIN PARK,16652,66540,3.995916406437665,12.987923664122137,12.337876838024425,811629947.3733087,854392367.3733087,16789.5,50413.5,39147,117547,307696797,923921202,923921202,7860,62669187,42762420,105413878,5772862.87,8114330.172843521,119301069.53,111186740.87,0,0,0,0.016851336120109417,111186740.87,50002,15181,45583,5970,62669187,42762420,0.6500468260977126,199800
VILLAGE OF GLENCOE,70880,129350,1.824915349887133,9.534992811501597,9.289497932146572,901508386.9419612,925332676.9419612,66025,198253,82896,248910,311355591,934907470,934907470,3756,32689535,23824290,85958759.89,0,3118270.3963448857,89077030.15,85958759.89,0,0,0,0,85958759.89,212832,85137,255640,3442,32689535,23824290,0.24549487935502512,388399
VILLAGE OF GLENVIEW,40196,78704,1.958005771718579,8.356297344648235,8.002702819241303,3074682631.9500203,3210535601.9500203,39942,119934,60350,181214,1102299495,3309874666,3309874666,18265,210051653,135852970,256929623.13,2678360.76,17593900.983767863,277201885.34,259607983.89,0,0,0,2.334794744738571e-4,259607983.89,120697,46291,138997,16799,210051653,135852970,0.3535945254069315,236324
VILLAGE OF GLENWOOD,11568,17309,1.4962828492392808,18.59745668285203,15.01922338355191,101720116.37184203,125954279.37184203,11363,34111,13298,39899,52035728,156123771,156247736,3913,35039319,24234163,18917354.58,3464130.78,6585819.767788989,28963904.79,22381485.36,0,0,0,0.03008512637645234,22381485.36,34735,10851,32545,3364,35029319,24224163,3.57823329930012,51974
VILLAGE OF GOLF,65071,98828,1.518771803107375,9.401,9.08420185275168,40897786.1929582,42324036.1929582,62958,189044,69804,209601,14240077,42758673,42758673,204,1860890,1426250,3844800.88,0,174942.2671560968,4019743.06,3844800.88,0,0,0,0,3844800.88,195388,67109,201510,188,1860890,1426250,0.31679814724832056,296750
VILLAGE OF HANOVER PARK,18693,28278,1.5127587867116032,12.14302645209027,10.712895926475865,278734598.1954416,315944598.1954416,18677.5,56082.5,21374,64178,115546226,346947417,346950733,5406,51736713,37210000,33846815.99,2158682.72,6259742.464181367,42265241.43,36005498.71,0,0,0,0.025938842521701814,36005498.71,56129,17464,52439,5035,51736713,37210000,1.4301305256144055,84909
VILLAGE OF HARWOOD HEIGHTS,23937,49294,2.059322387934996,8.992042655658755,8.384536044869764,272856747.0101991,292626747.0101991,24186,72623,35435,106401,103009529,309306650,309306650,2907,36296540,19770000,24535395.08,0,3261839.831346733,27797234.89,24535395.08,0,0,0,0,24535395.08,71876,24926,74845,2597,36296540,19770000,0.6075066107889917,148016
VILLAGE OF HAZELCREST,8923,16142,1.8090328364899697,24.990486745812326,19.834716836325182,132568626.20153464,167028071.20153463,8645,25958,10190,30593,62656811,188115006,188139589,6149,49549880,34459445,33129544.96,474584.3,12007795.018738048,45611923.67,33604129.26,0,0,0,0.013875661396561881,33604129.26,26793,8857,26592,5356,49539880,34449445,5.1557699094871445,48471
VILLAGE OF HILLSIDE,17706,44425,2.50903648480741,13.834910859465738,12.797779958707839,235669544.17846602,254768182.17846602,17646,52986,29664,89071,102161988,306761812,306761812,3444,30964950,19098638,32604671.36,3887946.5,4357901.950534365,40850519.54,36492617.86,0,0,0,0.01337231760635511,36492617.86,53166,15927,47824,2784,30964950,19098638,1.0371309007578997,133396
VILLAGE OF HINSDALE,77152,142100,1.8418187474077146,7.494157258064516,7.3185197289182575,208758253.54698366,213768253.54698366,68002.5,204191,72115,216540,71538147,214807606,214807606,992,6717876,5010000,15644671.81,0,504071.29730519507,16148743.03,15644671.81,0,0,0,0,15644671.81,231662,87078,261469,796,6717876,5010000,0.1756375291462584,426683
VILLAGE OF HODGKINS,21597,565802,26.198175672547112,10.37299036918138,10.311934450665113,219561266.32167473,220861266.32167473,16372,49160,130620,392214,81376560,244349400,244349400,623,2025219,1300000,22775069.01,1547655.81,211959.40888379802,24534684.2,24322724.82,0,0,0,0.04864060915933548,24322724.82,64849,21414,64299,166,2025219,1300000,0.06105591851626713,1698933
VILLAGE OF HOFFMAN ESTATES,22735,43909,1.9313393446228282,11.144034206246845,10.29880467030636,1591130786.6464062,1721715915.6464062,22551,67714,34494,103564,615133630,1846859328,1847061568,17833,182757296,130585129,177316159.13,2552088.71,20382399.962362986,200247689.66,179868247.84,0,0,0,0.0012387696087573599,179868247.84,68266,23002,69055,16737,181989296,130585129,0.8452295359404847,131846
VILLAGE OF HOMER GLEN,NA,Inf,NA,8.717,8.717,191082.0236319835,191082.0236319835,21190,63627,21212,63694,63637,191082,191082,3,0,0,16656.620000000003,0,0,16656.620000000003,16656.620000000003,0,0,0,0,16656.620000000003,NA,NA,NA,NA,NA,NA,0,Inf
VILLAGE OF HOMEWOOD,14258,25547,1.7917660260906159,16.341277036516853,14.211040881289097,384639049.31996393,442296473.31996393,14029,42125,18357,55120,156840932,470946346,470946346,8544,80179648,57657424,62854932.64,1389589.54,13098533.80794796,77343056.04,64244522.18,0,0,0,0.005513322849390801,64244522.18,42812,13724,41208,7722,80179648,57657424,2.130236155227756,76711
VILLAGE OF INDIAN HEAD PARK,21323,38982,1.8281667682783849,8.318325498891353,7.607671745763704,154466993.52787402,168896184.52787402,21024,63129,26452,79427,59648967,179107950,179107950,2255,25376399,14429191,12849067.31,0,2115863.05253554,14963501.49,12849067.31,0,0,0,0,12849067.31,64027,25607,76890,2117,25376399,14429191,0.7106537531276489,117052
VILLAGE OF INVERNESS,48556,64897,1.3365392536452756,9.676231052470083,9.179674084845816,440627601.4783269,464462511.4783269,47970,144040,48959,147003,159557199,479084349,479102384,3259,33746432,23834910,42636144.8,0,3285063.204837001,45921207.83,42636144.8,0,0,0,0,42636144.8,145799,50446,151469,3042,33746432,23834910,0.49655696762426693,194866
VILLAGE OF JUSTICE,17214,29746,1.7280120831881027,11.363464158767773,10.091226052420744,177926782.16351646,200358668.16351646,16889,50713,22116,66409,74665092,224196869,224196869,3376,35845746,22431886,20218646.12,1250691.78,4075864.285837232,25542869.32,21469337.9,0,0,0,0.0792548831013673,21469337.900000002,51688,18910,56782,2972,35845746,22431886,1.2722381063470287,89319
VILLAGE OF KENILWORTH,101659,160749,1.581256947245202,9.83736327739388,9.633556301438047,295594469.8801806,301848049.8801806,93000,279251,100306,301188,101609688,305103427,305103427,1013,8519769,6253580,29078701.83,105278.54,838068.7545235492,30022049.12,29183980.37,0,0,0,0.005675269335482725,29183980.369999997,305251,106557,319960,923,8519769,6253580,0.20380697595583364,482680
VILLAGE OF LA GRANGE,36871,64930,1.761004583548046,9.266004876607065,8.790737789168428,772165183.1916482,813911929.1916482,35854,107659,40931,122902,276977764,831681113,831681113,6767,61037425,41746746,71548863.53,0,5644310.397802407,77187206.44,71548863.53,0,0,0,0,71548863.53,110713,37760,113383,5993,61037425,41746746,0.47526708743863644,194964
VILLAGE OF LA GRANGE PARK,28890,40252,1.3932848736587053,10.130837238758708,9.292635896355373,401444442.8581413,437654972.8581413,28484,85529,33040,99210,156511637,469957471,469957471,4737,56450604,36210530,40669683.11,755254.4299999999,5719673.549689624,47141585.89,41424937.54,0,0,0,0.009402665352342411,41424937.54,86746,32243,96815,4342,56450604,36210530,0.8382013424033357,120864
VILLAGE OF LANSING,9735,20277,2.0828967642526965,20.624924375150687,17.237526702132893,372073246.4961551,445190467.4961551,9604,28838,13660,41016,169972007,510356319,510374937,12443,100823787,73117221,76739825.71,7490925.79,20658534.071627494,104889284.38,84230751.5,0,0,0,0.04450549334287021,84230751.5,29231,10197,30615,10603,99852118,73107221,3.3873976730177944,60887
VILLAGE OF LEMONT,32151,51685,1.6075705265777114,7.838088588007737,7.333038391213062,722089185.1949062,771821815.1949062,30144,90513,34625,103960,268519890,806208378,806284609,7755,72740263,49732630,56597990.02,891226.6,5701381.347568009,63190598.27,57489216.62,0,0,0,0.024447343621935527,57489216.620000005,96540,33239,99793,6455,72740263,49732630,0.5050501967946746,155194
VILLAGE OF LINCOLNWOOD,29603,70206,2.371583961085025,9.662,9.2036673690347,690175706.6859863,724545706.6859863,29636,88988,44624,133992,252883680,759333847,759333847,5667,56138011,34370000,66684776.78,1257999.47,5424054.417682439,73366829.86,67942776.25,0,0,0,0.006233918718205399,67942776.25,88889,31861,95670,5013,56128011,34360000,0.45833263096529997,210808
VILLAGE OF LYNWOOD,14597,28268,1.9365623073234226,14.293069988479262,12.60915765273857,147530803.718142,167233066.718142,13163.5,39526.5,17695,53053,61435907,184200393,184473590,3472,27745025,19702263,21086681.03,400107.45999999996,4090285.411509793,25577073.96,21486788.49,0,0,0,0.0013557840796926844,21486788.490000002,43830,16097,48232,2697,27715025,19672263,1.6839123357406915,84880
VILLAGE OF LYONS,15237,32756,2.1497670145041674,11.507078128826842,10.337150414800526,196494369.09059373,218733013.09059373,15252,45797,19777,59385,80750330,242468959,242468959,4083,33460514,22238644,22610760.57,1452701.59,3843682.445980817,27907144.71,24063462.16,0,0,0,0.03623312588238746,24063462.16,45752,14493,43519,3453,33460514,22238644,1.1699277140263167,98357
VILLAGE OF MATTESON,14518,34543,2.3793222206915554,18.12551628158357,16.378019937066284,452901081.5179273,501224565.5179273,14148,42470,24224,72703,179282274,538077868,538330904,7401,66929555,48323484,82090659.27,3556026.84,12128112.955376226,97772753.8,85646686.11,0,0,0,0.039312202411395214,85646686.11,43564,15399,46199,6378,66907555,48313484,1.7474963445172875,103723
VILLAGE OF MAYWOOD,15208,22241,1.462453971593898,18.858667257758075,16.034783275885196,253474645.88376597,298114038.88376594,14854,44602,15213,45680,120106151,360642733,360642733,7895,81529145,44639393,47801940.05,4821367.61,15399373.934445418,68019169.46,52623307.66,0,0,0,0.054043209744533374,52623307.66,45665,14094,42320,6561,81519145,44629393,2.8238839818728785,66783
VILLAGE OF MC COOK,23062,720775,31.25379412019773,13.203901960784314,13.142893451010481,107713608.31245665,108213608.31245665,22375,67185,154762,464703,55249910,165898898,165898898,357,901766,500000,14222399.24,7407166.23,125426.62347590359,21754992.13,21629565.47,0,0,0,0.05782300185811485,21629565.47,69248,24436,73373,75,901766,500000,0.0610085097738331,2164272
VILLAGE OF MELROSE PARK,18232,77282,4.238810881965774,10.852964051312648,10.38527174047795,729913501.099442,762784565.099442,18258.5,54824.5,40052,120263,268506633,806244938,806244938,6704,54152066,32871064,79217249.88,8444335.1,5782786.250053668,93444370.45,87661584.98,0,0,0,0.07995962214190752,87661584.97999999,54746,17943,53876,5186,54142966,32861964,0.467692310834698,232054
VILLAGE OF MERRIONETTE PARK,11502,43042,3.742131803164667,11.158,10.29466243393355,49944647.78634164,54133137.78634164,11554,34693,27965,83970,18568676,55756160,55756160,664,5811499,4188490,5572823.8,0,648446.9317650713,6221270.95,5572823.8,0,0,0,0,5572823.8,34537,11772,35346,611,5811499,4188490,0.8633375660664502,129243
VILLAGE OF MIDLOTHIAN,13182,21691,1.6455014413594296,15.032589890480201,12.724560016824753,206142481.54021913,243533401.54021913,12941,38858,14930,44831,88611137,266072583,266072583,5935,51379161,37390920,30988553.84,1272429.85,7723072.88422969,39984056.51,32260983.69,0,0,0,0.007354847932873968,32260983.69,39580,13501,40539,5056,51001430,37390920,2.308029873655448,65132
VILLAGE OF MORTON GROVE,26255,42487,1.6182441439725765,10.667572496961766,9.831405627974146,864544246.6528057,938074246.6528057,26224,78743,33173,99608,354849898,1065507698,1065507698,10697,124923824,73530000,92225884.28,6241342.45,13293893.2412149,111757273.48,98467226.73,0,0,0,0.045577131293847904,98467226.73,78836,25079,75304,9868,124913824,73520000,0.83616686898762,127577
VILLAGE OF MT PROSPECT,26086,46565,1.7850571187610211,10.361367364104721,9.620318217186128,1838865168.8006525,1980512194.8006525,26133,78470,36519,109656,694664240,2085868197,2085868197,19022,221597998,141647026,190531575.47,1402191.41,23026251.421875276,214954897.4,191933766.88,0,0,0,0.003492043150736726,191933766.88,78328,25276,75898,17862,221597998,141647026,0.7410491469185931,139820
VILLAGE OF NILES,24552,55927,2.2778999674160962,9.318693388993013,8.763787823549322,1332626041.5079434,1417005264.5079434,24668,74071,44365,133216,520761474,1563690655,1563690655,11738,151992389,84379223,124183334.83,4589016.7299999995,14185473.252976218,142954799.98,128772351.56,0,0,0,0.006733233389417022,128772351.56,73722,24163,72554,10678,148576689,82472723,0.5549055654436916,167933
VILLAGE OF NORRIDGE,25154,43704,1.7374572632583287,8.629164233576642,7.97159801215425,512960423.1863512,555273827.1863512,25195.5,75654.5,34308,103016,197407649,592755963,592755963,5754,81558585,42313404,44264197.37,0,7033504.546473922,51283612.06,44264197.37,0,0,0,0,44264197.37,75532,25675,77093,5422,81558585,42313404,0.6575662214223916,131229
VILLAGE OF NORTH RIVERSIDE,21273,50567,2.377050721571946,9.983133982035929,9.325653343867256,262118857.63616133,280598857.6361613,21212,63693,35981,108040,96141104,288682904,288682904,2672,30262942,18480000,26167676.75,0,3015463.1370294048,29183139.88,26167676.75,0,0,0,0,26167676.75,63876,21756,65327,2429,30262942,18480000,0.6574806381686731,151839
VILLAGE OF NORTHBROOK,44355,87533,1.9734640964941945,8.484375150784077,8.161573880582125,2645210652.6578984,2749832306.6578984,44075.5,132345.5,63157,189642,942429962,2829834490,2829834490,14922,160631501,104621654,224429595.3,1129944.3,13662875.841154836,239218992.21,225559539.6,0,0,0,3.2706963790269403e-4,225559539.60000002,133185,45719,137280,13547,160631501,104621654,0.3228012702019516,262836
VILLAGE OF NORTHFIELD,43329,110729,2.5555401694015556,8.152546906187625,7.9073472292990425,565626321.0825707,583165881.0825707,39820,119567.5,65785,197532,197749544,593782600,593782600,3006,26088689,17539560,46112951.14,0,2127070.6858353494,48240021.48,46112951.14,0,0,0,0,46112951.14,130104,56129,168539,2538,26088689,17539560,0.2451996768885829,332486
VILLAGE OF OAK BROOK,40690,61965,1.5228557385106907,6.472133333333333,6.124287742373296,880317.0000618035,930317.0000618035,4946,14851,21426,64336,321393,965046,965046,15,66000,50000,56975.29,0,4168.512020119154,61143.8,56975.29,0,0,0,0,56975.29,122182,31466,94483,10,66000,50000,0.34784559096003687,186063
VILLAGE OF OAK LAWN,16468,28063,1.70409278600923,12.067721991701244,10.635611506350955,1219811743.7676241,1384062307.7676241,16317.5,48996.5,19193,57630,499544455,1499982056,1499982056,26028,252376364,164250564,147203490.06,3524110.47,30527235.529478516,181248022.77,150727600.53,0,0,0,0.011445467501414246,150727600.53,49448,15435,46345,23938,252376364,164250564,1.4321104853502895,84265
VILLAGE OF OAK PARK,32431,51649,1.5925811723351115,12.466819142159464,11.66295502581655,1882323213.0353334,2012061524.0353334,32323.5,97057.5,36474,109520,687093365,2063135342,2063135342,18838,186116559,129738311,234665830.64,0,23204854.1300532,257870683.97,234665830.64,0,0,0,0,234665830.64,97381,31291,93957,17109,186116559,129738311,0.803864116342913,155086
VILLAGE OF OLYMPIA FIELDS,20200,29418,1.4563366336633663,18.395767586821012,16.313253014044278,129417202.721434,145938322.721434,18777.5,56383.5,24244,72783,54452997,163470470,163506022,2246,25811452,16521120,23807287.83,1489241.49,4744269.116694467,30028762.7,25296529.32,0,0,0,0.0020000467515538735,25296529.319999997,60655,22159,66518,1852,25811452,16521120,2.0825145727767342,88334
VILLAGE OF ORLAND HILLS,19909,31685,1.591491285348335,10.950707241226121,9.799709252120541,145310104.2651773,162377104.2651773,19907,59775,25515,76614,57434309,172457417,172458010,2251,22544119,17067000,15912484.11,0,2481141.31365398,18393625.6,15912484.11,0,0,0,0,15912484.11,59781,19660,59033,2087,22526119,17057000,1.15099798910558,95141
VILLAGE OF ORLAND PARK,25172,45612,1.8120133481646274,9.905054573804573,9.18184118770825,2308514120.605909,2490345659.605909,24872.5,74681.5,34922,104832,873458796,2622057792,2622734889,25012,286464009,181831539,228659583.49,1356829.96,28365767.85234074,258375780.8,230016413.45,0,0,0,3.914912646493684e-5,230016413.45000002,75584,26497,79532,22726,286464009,181831539,0.7232133860963241,136959
VILLAGE OF PALATINE,21304,39621,1.859791588434097,10.841316778178076,9.930042949481303,1898508028.8797665,2072732922.8797665,21108.5,63382.5,27621,82938,751359092,2256078938,2256105838,27202,241018704,174224894,205823269.47,12476752.75,26150555.37352421,244450576.03,218300022.22,0,0,0,0.033690165208002686,218300022.22,63970,22298,66952,25343,241018704,174224894,0.911273828696773,118969
VILLAGE OF PALOS PARK,29574,54164,1.8314735916683573,9.263756578947369,8.694160654875349,242693370.10747173,258593370.10747173,28068,84280,36756,110317,89391720,268291000,268416481,2432,25325611,15900000,22482523.04,0,2354864.7111135954,24837387.830000002,22482523.04,0,0,0,0,22482523.04,88802,35575,106761,2111,25315611,15890000,0.5695959240720203,162637
VILLAGE OF PARK FOREST,6100,12286,2.014098360655738,41.77920719959439,30.4539563785493,90444219.75141466,124078715.75141466,5941,17839,8345,25059,49379687,148272304,148272304,5917,49058936,33634496,37786877.97,3453925.91,20189601.560763203,61427619.52,41240803.88,0,0,0,0.02148459444460943,41240803.879999995,18316,7322,21986,5277,49058936,33634496,11.325250821045088,36890
VILLAGE OF PHOENIX,3502,7974,2.276984580239863,29.950149587750296,17.441676722728598,5379878.972821622,9238112.972821623,1578,4738,2713,8147,4606931,13833270,13833270,1698,4548729,3858234,1611281.8,1162070.35,1362525.6307615049,4135878.28,2773352.15,0,0,0,0.45458965107646643,2773352.1500000004,10515,3527,10590,996,4548729,3858234,12.508472865021698,23944
VILLAGE OF POSEN,9762,18065,1.850542921532473,13.984170558375634,11.406140273678972,54580545.110904224,66916909.110904224,6761,20301,9759,29302,28836596,86587702,86587702,2955,16089114,12336364,7632636.52,2171448.13,2240025.9451170857,12044110.52,9804084.65,0,0,0,0.11786303779179491,9804084.649999999,29312,9118,27377,2117,16089114,12336364,2.5780302846966627,54244
VILLAGE OF RICHTON PARK,11704,20795,1.776742993848257,18.733596424581005,15.733392748850047,144430197.42059568,171971619.42059568,11243,33606,15098,45274,67563509,202600055,202872950,4475,36362543,27541422,27056970.3,4072519.7600000002,6807330.390811964,37930969.15,31129490.06,0,0,0,0.01223947587873944,31129490.060000002,35098,11854,35527,3988,36362543,27541422,3.0002036757309583,62441
VILLAGE OF RIVER FOREST,47429,65589,1.3828881064327732,10.357,9.831111480401205,595359104.7600657,627206217.7600657,45954.5,137987.5,47716,143277,216535226,650190355,650190355,4538,47040557,31847113,61661342.48,809424.36,4871990.317447887,67340213.22,62470766.84,0,0,0,0.017204167299381005,62470766.839999996,142415,45115,135466,4237,47040557,31847113,0.5258885195987943,196943
VILLAGE OF RIVER GROVE,17622,34797,1.9746339802519577,12.8547989432703,11.624496248380998,217172023.5625702,240156875.5625702,17518,52601,24783,74415,89118375,267595793,267595793,3596,33636359,22984852,27917026.99,2340078.51,4330734.868610163,34587839.59,30257105.5,0,0,0,0.024428436651363458,30257105.5,52914,17577,52778,3123,33636359,22984852,1.2303026948893017,104485
VILLAGE OF RIVERDALE,5716,17604,3.079776067179846,31.046513988156015,25.17316765643948,94910151.10824083,117054372.10824083,5637,16926,8389,25190,41082216,123357481,123357481,4897,27234711,22144221,29466293.34,0,8500333.871287571,37966628.72,29466293.34,0,0,0,0,29466293.34,17163,5769,17322,3935,26964599,22134221,5.873346331716533,52860
VILLAGE OF RIVERSIDE,34039,43792,1.2865242809718265,12.255854034701184,11.323805404131818,319362033.51620865,345648333.51620865,33493,100569,32972,99005,119721326,359487235,359487235,3631,40170094,26286300,39140544.67,0,4923291.521187684,44057760.09,39140544.67,0,0,0,0,39140544.67,102209,33518,100644,3349,40170094,26286300,0.9320486305693656,131494
VILLAGE OF ROBBINS,4526,23063,5.095669465311533,15.007762250132673,12.84065029700695,44582378.161946505,52106530.161946505,781,2345,3367,10110,19033527,57152165,57152165,5653,9883132,7524152,6690817.32,410296.11,1482443.5781625083,8583556.83,7101113.43,0,0,0,3.5352976709711656e-4,7101113.430000001,13588,4907,14736,2370,9873132,7514152,2.1671119531257226,69252
VILLAGE OF ROSELLE,19185,36689,1.9123794631222308,10.484017217630853,9.532366807185534,100867853.04221112,110937853.04221112,18903,56760,26821,80536,38944190,116937721,116937721,1452,14133127,10070000,10575003.08,205642.59,1480736.1549109006,12261381.8,10780645.67,0,0,0,0.012942888035815427,10780645.67,57607,23132,69459,1325,14133127,10070000,0.9516504104453194,110167
VILLAGE OF ROSEMONT,24133,424047,17.571250984129616,10.57350881953867,10.490467723659266,611430560.3125293,616270560.3125293,12551,37687,195249,586273,287796410,864166281,864166281,1474,7143759,4840000,64649664.22,28116675.97,721252.0007059417,93487592.19,92766340.19,0,0,0,0.054022547967923336,92766340.19,72464,24899,74763,860,7143759,4840000,0.08304109587940367,1273286
VILLAGE OF SAUK VILLAGE,4683,16793,3.585949177877429,17.203066609491138,13.791352355590321,68915726.76617502,85964146.76617502,4659.5,13985.5,12466,37407,43605069,130850752,130932816,3498,20098153,17048420,11855618.38,6461131.26,3451059.593980504,21767809.82,18316749.64,0,0,0,0.0414048659706458,18316749.64,14053,6158,18466,3193,20098153,17048420,3.4117142539008167,50424
VILLAGE OF SCHAUMBURG,20462,65519,3.201984165770697,10.140261139787212,9.62482817133132,3645708533.673499,3840945096.673499,20586,61814,48394,145313,1378218880,4138356247,4138377732,28479,288580175,195236563,369684365.71,19679343.07,29256329.706919514,418610108.34,389363708.78000003,0,0,0,0.00691700394642786,389363708.78,61441,21653,65018,26252,288580175,195236563,0.515432968455892,196733
VILLAGE OF SCHILLER PARK,17847,53262,2.9843671205244577,12.921925973746502,12.113954417118913,362689315.317381,386879818.317381,17211,51679,29809,89509,138524078,415946265,415946265,4647,37429113,24190503,46866444.84,1455197.23,4838449.880017468,53160091.5,48321642.07,0,0,0,0.019136524616274585,48321642.07,53589,16833,50543,3546,37429113,24190503,0.8079715566275887,159930
VILLAGE OF SKOKIE,24538,58282,2.3751732007498574,10.172726577508497,9.59143308805886,2574301856.09234,2730318678.09234,24393.5,73246.5,36389,109267,984990362,2957630373,2957630373,27068,258218016,156016822,261876689.1,7841763.54,26203500.742051024,295921947.38,269718452.64,0,0,0,0.0029644063827150508,269718452.64,73682,23510,70594,24212,258218016,156016822,0.5812934894496369,175002
VILLAGE OF SOUTH BARRINGTON,65340,110923,1.6976277930823385,8.495230576441102,8.240170813095009,454233941.53670776,468293941.53670776,58063,174346,65012,195173,155638201,467244523,467334822,2394,19044354,14060000,38588220.69,0,1614279.7388125523,40202500.46,38588220.69,0,0,0,0,38588220.69,196194,70041,210262,1814,19044354,14060000,0.25505976334609315,333068
VILLAGE OF SOUTH CHICAGO HEIGHTS,8415,27694,3.291027926322044,13.827889945652172,12.165047323827768,65908687.70159396,74917758.70159397,7775,23346,12832,38532,28334098,85078798,85078798,2208,11867032,9009071,9113780.8,856048.34,1630169.6227623578,11599998.6,9969829.14,0,0,0,0.04463832299575951,9969829.14,25268,8083,24270,1541,11867032,9009071,1.6628426218244048,83158
VILLAGE OF SOUTH HOLLAND,13246,24581,1.8557300317076852,19.47311873124732,16.834795964289604,393075993.7142183,454678245.7142183,13169.5,39544.5,17883,53697,166888114,501100744,501114935,9332,92392252,61602252,76544154.96,3178007.27,17910894.946255185,97627837.85,79722162.23,0,0,0,0.01232861898578397,79722162.22999999,39772,12969,38941,7974,92233610,61573252,2.6383227669577174,73809
VILLAGE OF STEGER,5602,19249,3.4360942520528384,12.626894899536323,10.442232845217617,52051503.495458335,62941410.495458335,4746,14251,7077,21246,22895283,68731739,68747672,3235,15028296,10889907,6572488.64,242046.6,1899103.975260605,8700884.64,6814535.24,0,0,0,0.015292729267203091,6814535.239999999,16820,7582,22758,2334,15028296,10889907,2.1846620543187054,57798
VILLAGE OF STICKNEY,16815,29783,1.7712161760333036,12.726162847790508,11.30309541677168,125641336.05107869,141459666.05107868,16755.5,50311.5,22187,66621,54225161,162821895,162821895,2444,24807230,15818330,15989321.03,1041136.63,3174581.0164870145,20205038.45,17030457.66,0,0,0,0.004565116313815057,17030457.66,50490,15723,47211,2157,24797230,15808330,1.4230674310188292,89428
VILLAGE OF STONE PARK,15355,36158,2.354802995766851,16.347611952191237,14.84193022816091,52342170.4957528,57652170.4957528,14602,43845,16408,49268,20591720,61830759,61830759,1255,8366883,5310000,8556694.92,196257.02,1364827.234622829,10117778.94,8752951.94,0,0,0,0.008998161028406372,8752951.94,46106,14020,42099,851,8366883,5310000,1.5056817240303264,108573
VILLAGE OF STREAMWOOD,16902,29419,1.7405632469530232,12.15306676793482,10.777283403601007,793176053.5894802,894429623.5894802,16843,50574,21551,64711,312123583,937203415,937213467,14483,137357854,101253570,96395215.38,854212.86,16688998.862158477,113938427.58,97249428.24,0,0,0,4.8228206657274043e-4,97249428.24,50752,17633,52946,13737,137357854,101253570,1.375783364333813,88336
VILLAGE OF SUMMIT,15230,36194,2.376493762311228,13.957160277693934,12.672914016951944,161384831.95610076,177739228.95610076,15079,45278,20428,61338,67676572,203212421,203212421,3313,25200046,16354397,22524739.66,2069493.77,3523722.175090109,28117955.86,24594233.43,0,0,0,0.045392189777819496,24594233.43,45732,14768,44342,2514,25069291,16354397,1.2842462607419893,108680
VILLAGE OF THORNTON,8764,27595,3.148676403468736,20.34607227138643,17.890591426812794,51949058.024651185,59079058.024651185,8705,26139,15391,46214,20869770,62665649,62665649,1356,9897783,7130000,10569592.89,194609.97,2011962.7885513648,12776166.12,10764202.86,0,0,0,0.020259598849991147,10764202.860000001,26316,8838,26539,988,9897783,7130000,2.4554808445736356,82860
VILLAGE OF TINLEY PARK,19166,28978,1.5119482416779715,12.863698720776355,11.385318419370103,1171592915.7030525,1323723916.7030525,18974,56973,23474,70477,478933284,1437947016,1438093012,20403,226070896,152131001,150710182.91,3168299.88,29101893.04356464,182968690.84,153878482.79,0,0,0,0.011076377219542813,153878482.79,57548,19600,58845,18776,226052896,152121001,1.4783803014062524,87012
VILLAGE OF UNIVERSITY PARK,13700,999843,72.9812408759124,20.707250000000002,20.638277082475764,2992229.0985041466,3002229.0985041466,15086.5,31581.5,248804,740224,995216,2960898,2988335,4,10000,10000,619608.36,0,2062.2956233313566,621670.66,619608.36,0,0,0,0,619608.36,13700,10558,22556,3,10000,10000,0.0689729175242384,3002229
VILLAGE OF WESTCHESTER,21674,35730,1.6485189628125865,9.71825048804295,8.81241287450323,556371125.1991866,613561125.1991866,21442,64384,27093,81352,222052947,666758437,666758437,8196,94845027,57190000,54069539.59,411018.32,9247910.493424974,63725663.01,54480557.910000004,0,0,0,0.004541381386302465,54480557.910000004,65081,22109,66386,7330,94845027,57190000,0.9058376135397186,107285
VILLAGE OF WESTERN SPRINGS,47328,71807,1.517220250169033,8.038751041855408,7.665922516262748,782365971.810018,820415971.810018,45694,137205,51097,153429,282003960,846773216,846773216,5519,54141851,38050000,62892452.71,704275.72,4348655.740010762,67945382.73,63596728.43,0,0,0,0.006585117527642326,63596728.43,142112,53332,160141,5014,54141851,38050000,0.37282852559265933,215615
VILLAGE OF WHEELING,16268,46558,2.8619375461027783,12.1618782970503,11.291935076689517,1066149491.4107815,1148286832.4107814,16640,49965,32181,96621,433129158,1300426859,1300557000,13459,121050458,82137341,129663803.61,14680557.86,14669303.676962022,159013665.14,144344361.47,0,0,0,0.07448457521679998,144344361.47,48846,17131,51428,11964,121050458,82137341,0.8699432203607831,139801
VILLAGE OF WILLOW SPRINGS,22110,31534,1.426232473993668,11.126875772558714,9.95175219524304,164053430.92818895,183425200.92818895,20526,61633,23950,71915,77503025,232718339,232718339,3236,29984121,19371770,18254021.46,2172679.69,3145487.696350151,23572188.42,20426701.15,0,0,0,0.10883686366537237,20426701.150000002,66390,23832,71559,2778,29974121,19361770,1.1751235773156736,94687
VILLAGE OF WILMETTE,50245,88134,1.7540849835804557,8.616213371135906,8.290631493844536,1919728120.6395392,1995117876.6395392,49374.5,148256.5,61736,185373,675016197,2026871158,2026871158,10934,108836039,75389756,165407871.02,0,9372470.165242927,174773335.14,165407871.02,0,0,0,0,165407871.02,150871,57725,173331,10298,108836039,75389756,0.3255818772913699,264640
VILLAGE OF WINNETKA,82932,148857,1.7949283750542613,8.663414863209473,8.469591146826234,1362470911.6870327,1393650595.6870327,80438.5,241532.5,95711,287392,468793613,1407646595,1407646595,4898,42125737,31179684,118036507.47,0,3645702.6170851802,121682209.83,118036507.47,0,0,0,0,118036507.47,249018,98302,295172,4478,42125737,31179684,0.19382371638323903,446974
VILLAGE OF WORTH,15896,25446,1.6007800704579769,13.252724022878933,11.518213043128405,173131445.35711578,199203058.35711578,15752,47299,16898,50739,70903537,212902086,212902086,4196,39133347,26071613,22944632.65,81368.5,5194958.064988759,28220959.36,23026001.15,0,0,0,0.0019571599830309817,23026001.15,47731,14606,43856,3680,39079397,26071613,1.734510979750528,76406
NA,19909,38501,1.9338490130091919,9.883405977616174,9.028491563977346,2356967533.333949,2580150498.333949,17364.5,52122.5,24816,74480,962297070,2888180969,2889489568,38778,349182128,223182965,232948670.08,0,33465704.64812963,266400762.61,232948670.08,0,0,0,0,232948670.08,59778,24180,72565,32192,349106577,223162965,0.8549144136388289,115607
