clean_name,rank,has_HO_exemp,median_AV,median_EAV,mean_bill_cur,mean_bill_new,mean_change,perceived_savings,cur_comp_TC_rate,new_comp_TC_rate,pincount,rate_change
Alsip,q25,0,14465,43434,5548,5087,-461,0,12.84,11.78,66,-1.0600000000000005
Arlington Heights,q25,0,14182,42584,4399,4105,-294,0,10.27,9.59,6,-0.6799999999999997
Bedford Park,q25,0,14470,43449,6310,6140,-170,0,14.53,14.14,4,-0.3899999999999988
Bellwood,q25,0,14398,43232,7477,6176,-1301,0,17.3,14.3,124,-3
Berkeley,q25,0,14322,43005,6272,5382,-890,0,14.59,12.52,1,-2.0700000000000003
Berwyn,q25,0,14342,43065,5866,5128,-738,0,13.63,11.92,45,-1.7100000000000009
Blue Island,q25,0,14208,42662,6465,5484,-981,0,15.08,12.79,39,-2.290000000000001
Bridgeview,q25,0,14370,43148,5774,5279,-495,0,13.35,12.21,40,-1.1399999999999988
Broadview,q25,0,14607,43860,5342,5015,-327,0,12.25,11.5,32,-0.75
Brookfield,q25,0,14523,43608,5306,4682,-624,0,12.24,10.8,8,-1.4399999999999995
Burbank,q25,0,14314,42982,5277,4595,-682,0,12.29,10.7,94,-1.5899999999999999
Calumet City,q25,0,14318,42993,11079,8664,-2415,0,25.87,20.24,19,-5.630000000000003
Calumet Park,q25,0,14196,42624,8792,7869,-923,0,20.63,18.46,2,-2.169999999999998
Chicago,q25,0,14000,42038,2824,2461,-363,0,6.71,5.85,2611,-0.8600000000000003
Chicago Heights,q25,0,14358,43113,8840,7228,-1612,0,20.56,16.81,23,-3.75
Chicago Ridge,q25,0,14160,42518,5340,4676,-664,0,12.5,10.94,27,-1.5600000000000005
Cicero,q25,0,14288,42903,6178,5273,-905,0,14.38,12.27,107,-2.110000000000001
Country Club Hills,q25,0,14343,43068,10830,8544,-2286,0,25.07,19.78,39,-5.289999999999999
Countryside,q25,0,14634,43940,3492,3366,-126,0,7.95,7.66,2,-0.29000000000000004
Crestwood,q25,0,14340,43059,4731,4388,-343,0,10.96,10.16,17,-0.8000000000000007
Des Plaines,q25,0,14494,43521,4443,4104,-339,0,10.24,9.46,19,-0.7799999999999994
Dixmoor,q25,0,14314,42981,7628,6542,-1086,0,17.75,15.22,1,-2.5299999999999994
Dolton,q25,0,14303,42948,10828,8563,-2265,0,25.26,19.98,15,-5.280000000000001
East Hazelcrest,q25,0,14020,42098,8956,7589,-1367,0,21.27,18.03,2,-3.2399999999999984
Elmwood Park,q25,0,14189,42605,5366,4758,-608,0,12.51,11.09,5,-1.42
Evanston,q25,0,14268,42843,3799,3624,-175,0,8.85,8.44,15,-0.41000000000000014
Evergreen Park,q25,0,14310,42968,5473,4820,-653,0,12.73,11.21,66,-1.5199999999999996
Flossmoor,q25,0,14472,43456,7775,6842,-933,0,17.94,15.78,16,-2.160000000000002
Ford Heights,q25,0,14264,42832,7116,7068,-48,0,16.61,16.5,2,-0.10999999999999943
Forest Park,q25,0,14360,43117,4898,4513,-385,0,11.34,10.45,8,-0.8900000000000006
Forestview,q25,0,14258,42812,5679,5028,-651,0,13.26,11.74,2,-1.5199999999999996
Franklin Park,q25,0,14273,42858,5334,4950,-385,0,12.99,12.06,21,-0.9299999999999997
Glencoe,q25,0,14810,44470,4246,4135,-111,0,9.55,9.3,1,-0.25
Glenview,q25,0,14090,42308,3642,3405,-237,0,8.53,7.97,7,-0.5599999999999996
Glenwood,q25,0,14219,42695,8102,6151,-1951,0,18.9,14.34,49,-4.559999999999999
Harvey,q25,0,14350,43090,10946,9420,-1526,0,25.32,21.76,6,-3.5599999999999987
Harwood Heights,q25,0,14154,42500,3821,3479,-341,0,8.97,8.17,3,-0.8000000000000007
Hazelcrest,q25,0,14324,43010,10679,8103,-2576,0,24.86,18.86,8,-6
Hickory Hills,q25,0,14277,42870,5196,4711,-485,0,12.12,10.99,13,-1.129999999999999
Hillside,q25,0,14430,43328,6077,5326,-751,0,14.02,12.29,2,-1.7300000000000004
Hoffman Estates,q25,0,14698,44134,4866,4371,-495,0,11.16,10.02,6,-1.1400000000000006
Homewood,q25,0,14438,43353,6990,5847,-1143,0,16.2,13.55,124,-2.6499999999999986
Justice,q25,0,14537,43650,4951,4398,-553,0,11.43,10.15,12,-1.2799999999999994
La Grange,q25,0,14562,43724,4016,3759,-256,0,9.25,8.66,4,-0.5899999999999999
La Grange Park,q25,0,14352,43095,4197,3847,-351,0,9.74,8.93,1,-0.8100000000000005
Lansing,q25,0,14204,42652,8616,6918,-1698,0,20.12,16.16,76,-3.960000000000001
Lemont,q25,0,14212,42672,3360,3141,-219,0,7.84,7.33,12,-0.5099999999999998
Lincolnwood,q25,0,14462,43425,4171,3970,-201,0,9.66,9.2,35,-0.46000000000000085
Lynwood,q25,0,14450,43389,6318,5350,-967,0,14.6,12.36,16,-2.24
Lyons,q25,0,14341,43062,4950,4425,-525,0,11.47,10.25,85,-1.2200000000000006
Markham,q25,0,14412,43275,11296,9396,-1900,0,26.36,21.93,7,-4.43
Matteson,q25,0,14362,43125,7821,6905,-916,0,18.13,16,88,-2.129999999999999
Maywood,q25,0,14394,43221,8146,6789,-1357,0,18.87,15.72,131,-3.1500000000000004
Melrose Park,q25,0,14396,43226,4970,4640,-330,0,11.53,10.77,42,-0.7599999999999998
Merrionette Park,q25,0,14367,43140,4809,4437,-372,0,11.16,10.29,6,-0.870000000000001
Midlothian,q25,0,14182,42584,6443,5256,-1186,0,15.04,12.27,83,-2.7699999999999996
Morton Grove,q25,0,14087,42299,4882,4453,-429,0,11.49,10.48,15,-1.0099999999999998
Mt Prospect,q25,0,14485,43494,4505,4096,-409,0,10.36,9.42,2,-0.9399999999999995
Niles,q25,0,14371,43152,3870,3598,-272,0,8.96,8.33,2,-0.6300000000000008
Norridge,q25,0,13842,41563,3620,3318,-302,0,8.71,7.98,2,-0.7300000000000004
North Lake,q25,0,14410,43269,5855,5414,-440,0,13.59,12.56,47,-1.0299999999999994
Northbrook,q25,0,14440,43359,3626,3497,-129,0,8.36,8.06,3,-0.29999999999999893
Oak Forest,q25,0,14384,43191,6552,5576,-975,0,15.19,12.92,47,-2.2699999999999996
Oak Lawn,q25,0,14310,42969,5202,4563,-639,0,12.1,10.61,108,-1.4900000000000002
Oak Park,q25,0,14739,44257,5515,5140,-376,0,12.46,11.61,1,-0.8500000000000014
Olympia Fields,q25,0,14458,43414,8090,7129,-962,0,18.77,16.54,12,-2.2300000000000004
Orland Hills,q25,0,14278,42874,4502,4010,-492,0,10.54,9.39,32,-1.1499999999999986
Orland Park,q25,0,14316,42988,4148,3857,-291,0,9.63,8.96,8,-0.6699999999999999
Palatine,q25,0,14469,43446,4722,4323,-399,0,10.82,9.9,3,-0.9199999999999999
Palos Heights,q25,0,14376,43167,4956,4489,-467,0,11.48,10.4,2,-1.08
Palos Hills,q25,0,14458,43413,5120,4544,-576,0,11.78,10.45,4,-1.33
Palos Park,q25,0,14266,42838,3981,3729,-253,0,9.29,8.7,2,-0.5899999999999999
Park Forest,q25,0,14166,42538,18692,13651,-5042,0,43.94,32.09,2,-11.849999999999994
Park Ridge,q25,0,14140,42458,4307,4028,-279,0,10.12,9.47,11,-0.6499999999999986
Phoenix,q25,0,14591,43812,13123,7079,-6044,0,29.95,16.16,1,-13.79
Posen,q25,0,14326,43018,6252,5119,-1133,0,14.59,11.96,10,-2.629999999999999
Prospect Heights,q25,0,14186,42596,4652,4300,-351,0,10.92,10.1,1,-0.8200000000000003
Richton Park,q25,0,14250,42787,8007,6531,-1476,0,18.69,15.25,32,-3.4400000000000013
River Grove,q25,0,14182,42586,5495,4892,-604,0,12.88,11.47,8,-1.4100000000000001
Riverdale,q25,0,14273,42858,12695,9769,-2926,0,29.62,22.79,1,-6.830000000000002
Robbins,q25,0,14138,42452,6289,5530,-759,0,14.74,12.96,7,-1.7799999999999994
Rolling Meadows,q25,0,14327,43020,4745,4111,-633,0,11.03,9.56,1,-1.4699999999999989
Sauk Village,q25,0,14301,42942,7436,709,-6727,0,17.32,1.65,2,-15.67
Schaumburg,q25,0,13858,41611,4200,3994,-206,0,10.09,9.6,1,-0.4900000000000002
Schiller Park,q25,0,14458,43413,5482,5122,-361,0,12.77,11.93,5,-0.8399999999999999
Skokie,q25,0,14509,43566,4188,3952,-236,0,9.65,9.11,56,-0.5400000000000009
South Chicago Heights,q25,0,14000,42038,5623,4845,-778,0,13.38,11.53,2,-1.8500000000000014
South Holland,q25,0,14301,42942,8200,6768,-1432,0,19.12,15.78,173,-3.3400000000000016
Stickney,q25,0,14438,43353,5540,4777,-763,0,12.8,11.03,13,-1.7700000000000014
Stone Park,q25,0,14284,42890,7026,6323,-703,0,16.36,14.72,8,-1.6399999999999988
Streamwood,q25,0,14474,43460,5284,4643,-641,0,12.18,10.7,158,-1.4800000000000004
Summit,q25,0,14264,42831,6003,5341,-662,0,13.98,12.44,49,-1.540000000000001
Tinley Park,q25,0,14455,43404,6020,5251,-769,0,13.91,12.13,51,-1.7799999999999994
Westchester,q25,0,14555,43704,4278,3656,-622,0,9.84,8.41,9,-1.4299999999999997
Western Springs,q25,0,14445,43374,3458,3254,-204,0,7.97,7.5,2,-0.46999999999999975
Wheeling,q25,0,14251,42791,5292,4812,-480,0,12.34,11.22,42,-1.1199999999999992
Willow Springs,q25,0,14090,42308,5621,4956,-665,0,13.3,11.72,7,-1.58
Wilmette,q25,0,14393,43218,3637,3490,-146,0,8.43,8.09,6,-0.33999999999999986
Worth,q25,0,14437,43350,5657,4920,-736,0,13.08,11.37,30,-1.7100000000000009
Alsip,q50,0,21054,63219,8041,7502,-539,0,12.73,11.88,16,-0.8499999999999996
Arlington Heights,q50,0,21247,63798,6328,5894,-434,0,9.94,9.26,21,-0.6799999999999997
Barrington,q50,0,21072,63274,5202,5004,-198,0,8.21,7.9,8,-0.3100000000000005
Bedford Park,q50,0,20821,62519,9084,8840,-244,0,14.53,14.14,2,-0.3899999999999988
Bellwood,q50,0,21085,63312,10897,9867,-1030,0,17.21,15.58,1,-1.6300000000000008
Berkeley,q50,0,20955,62922,8908,7577,-1331,0,14.07,11.96,5,-2.1099999999999994
Berwyn,q50,0,20897,62747,8664,7570,-1094,0,13.78,12.04,96,-1.7400000000000002
Blue Island,q50,0,20911,62790,9505,8102,-1403,0,15.16,12.92,4,-2.24
Bridgeview,q50,0,20835,62561,8059,7423,-636,0,12.86,11.85,15,-1.0099999999999998
Broadview,q50,0,21133,63456,6837,6260,-577,0,10.77,9.86,4,-0.9100000000000001
Brookfield,q50,0,21022,63124,7998,7049,-949,0,12.66,11.16,132,-1.5
Burbank,q50,0,21082,63303,7770,6765,-1004,0,12.29,10.7,36,-1.5899999999999999
Calumet City,q50,0,20898,62750,17484,13173,-4311,0,27.86,20.99,1,-6.870000000000001
Calumet Park,q50,0,20651,62009,12790,10196,-2594,0,20.63,16.44,1,-4.189999999999998
Chicago,q50,0,21000,63057,4222,3697,-525,0,6.71,5.87,1791,-0.8399999999999999
Chicago Heights,q50,0,21426,64334,13575,11500,-2075,0,21.1,17.88,2,-3.2200000000000024
Chicago Ridge,q50,0,20887,62718,7817,6776,-1041,0,12.49,10.82,4,-1.67
Cicero,q50,0,21032,63152,9089,7757,-1331,0,14.38,12.27,16,-2.110000000000001
Country Club Hills,q50,0,21474,64480,16736,13144,-3591,0,25.95,20.39,1,-5.559999999999999
Countryside,q50,0,20856,62624,4958,4757,-200,0,7.87,7.55,7,-0.3200000000000003
Crestwood,q50,0,20936,62864,6964,6305,-659,0,11.08,10.03,6,-1.0500000000000007
Des Plaines,q50,0,21068,63260,6393,5889,-504,0,10.09,9.3,96,-0.7899999999999991
Dolton,q50,0,20677,62087,14286,12133,-2153,0,23.01,19.54,1,-3.4700000000000024
Elk Grove Village,q50,0,21194,63639,6003,5690,-314,0,9.47,8.97,30,-0.5
Elmwood Park,q50,0,21108,63381,7918,7021,-897,0,12.51,11.09,49,-1.42
Evanston,q50,0,20944,62890,5595,5277,-318,0,8.89,8.39,32,-0.5
Evergreen Park,q50,0,20959,62934,8034,7075,-959,0,12.73,11.21,29,-1.5199999999999996
Flossmoor,q50,0,21218,63711,11397,10016,-1381,0,17.94,15.77,34,-2.1700000000000017
Forest Park,q50,0,21199,63654,7211,6645,-567,0,11.34,10.45,18,-0.8900000000000006
Forestview,q50,0,21477,64489,8554,7574,-980,0,13.26,11.74,1,-1.5199999999999996
Franklin Park,q50,0,20937,62868,8311,7717,-594,0,13.19,12.25,7,-0.9399999999999995
Glencoe,q50,0,20943,62886,5998,5841,-157,0,9.55,9.3,3,-0.25
Glenview,q50,0,20984,63009,5371,4964,-407,0,8.5,7.86,7,-0.6399999999999997
Glenwood,q50,0,21523,64627,11469,9031,-2439,0,17.75,13.97,1,-3.7799999999999994
Harvey,q50,0,21518,64612,18221,14352,-3869,0,28.2,22.21,1,-5.989999999999998
Harwood Heights,q50,0,21094,63338,5715,5249,-467,0,9.03,8.29,24,-0.7400000000000002
Hazelcrest,q50,0,21462,64444,15382,12586,-2795,0,23.87,19.53,1,-4.34
Hickory Hills,q50,0,21066,63256,7585,6687,-898,0,11.98,10.56,48,-1.42
Hillside,q50,0,20872,62674,7760,7257,-503,0,12.35,11.55,6,-0.7999999999999989
Hoffman Estates,q50,0,21110,63387,7068,6349,-719,0,11.16,10.02,211,-1.1400000000000006
Homewood,q50,0,20919,62814,10306,8850,-1456,0,16.36,14.05,22,-2.3099999999999987
Justice,q50,0,21115,63402,7207,6358,-849,0,11.39,10.05,17,-1.3399999999999999
La Grange,q50,0,21307,63979,5778,5412,-365,0,9.11,8.53,13,-0.5800000000000001
La Grange Park,q50,0,21200,63657,7212,6471,-741,0,11.37,10.2,3,-1.17
Lansing,q50,0,21214,63699,12579,8960,-3619,0,19.8,14.11,13,-5.690000000000001
Lemont,q50,0,21095,63342,4957,4634,-322,0,7.84,7.33,27,-0.5099999999999998
Lincolnwood,q50,0,21024,63129,6117,5804,-313,0,9.66,9.17,7,-0.4900000000000002
Lynwood,q50,0,21236,63766,8790,7657,-1133,0,13.83,12.05,14,-1.7799999999999994
Lyons,q50,0,21114,63399,7273,6502,-771,0,11.47,10.25,10,-1.2200000000000006
Markham,q50,0,20936,62865,16571,13784,-2787,0,26.36,21.93,1,-4.43
Matteson,q50,0,21092,63333,11437,8390,-3048,0,18.07,13.25,25,-4.82
Maywood,q50,0,20875,62681,11876,9999,-1877,0,18.83,15.85,7,-2.9799999999999986
Melrose Park,q50,0,21149,63504,6719,6127,-592,0,10.61,9.67,20,-0.9399999999999995
Midlothian,q50,0,21060,63237,9521,7807,-1715,0,15.04,12.33,6,-2.709999999999999
Morton Grove,q50,0,21228,63742,6993,6384,-609,0,11.01,10.05,24,-0.9599999999999991
Mt Prospect,q50,0,21098,63350,6315,5806,-509,0,9.97,9.16,62,-0.8100000000000005
Niles,q50,0,21196,63646,5776,5342,-434,0,9.1,8.42,36,-0.6799999999999997
Norridge,q50,0,20905,62771,5342,4912,-429,0,8.48,7.8,31,-0.6800000000000006
North Lake,q50,0,20706,62174,8429,7754,-676,0,13.48,12.4,5,-1.08
North Riverside,q50,0,21057,63228,6324,5820,-504,0,10.01,9.21,47,-0.7999999999999989
Northbrook,q50,0,21208,63681,5330,5135,-195,0,8.4,8.09,10,-0.3100000000000005
Northfield,q50,0,21152,63513,5177,4976,-201,0,8.15,7.84,6,-0.3100000000000005
Oak Forest,q50,0,21022,63123,8688,7453,-1235,0,13.76,11.81,45,-1.9499999999999993
Oak Lawn,q50,0,21012,63093,7673,6703,-970,0,12.16,10.62,133,-1.540000000000001
Oak Park,q50,0,20988,63019,7863,7327,-535,0,12.46,11.61,6,-0.8500000000000014
Olympia Fields,q50,0,20976,62985,11669,10297,-1373,0,18.5,16.32,23,-2.1799999999999997
Orland Hills,q50,0,20970,62967,6944,6094,-850,0,10.99,9.65,17,-1.3399999999999999
Orland Park,q50,0,21028,63141,6193,5705,-488,0,9.79,9.02,43,-0.7699999999999996
Palatine,q50,0,21070,63268,6850,6269,-581,0,10.82,9.9,146,-0.9199999999999999
Palos Heights,q50,0,20999,63054,6923,6260,-663,0,10.98,9.93,25,-1.0500000000000007
Palos Hills,q50,0,21090,63326,7347,6501,-846,0,11.62,10.28,40,-1.3399999999999999
Palos Park,q50,0,20948,62901,5820,5450,-369,0,9.29,8.7,3,-0.5899999999999999
Park Forest,q50,0,20679,62093,21688,15679,-6008,0,34.93,25.25,1,-9.68
Park Ridge,q50,0,20829,62543,6378,5939,-439,0,10.13,9.43,9,-0.7000000000000011
Posen,q50,0,21396,64246,8704,6909,-1795,0,13.55,10.75,1,-2.8000000000000007
Prospect Heights,q50,0,20966,62955,6907,6353,-553,0,10.99,10.11,5,-0.8800000000000008
Richton Park,q50,0,21174,63579,11898,9801,-2097,0,18.71,15.41,9,-3.3000000000000007
River Forest,q50,0,21144,63489,6526,6191,-335,0,10.36,9.83,3,-0.5299999999999994
River Grove,q50,0,20903,62765,8048,7176,-873,0,12.83,11.44,15,-1.3900000000000006
Riverside,q50,0,21331,64050,7852,7253,-599,0,12.26,11.32,4,-0.9399999999999995
Rolling Meadows,q50,0,20710,62186,6932,6123,-809,0,11.07,9.77,53,-1.3000000000000007
Schaumburg,q50,0,21278,63891,6423,6101,-322,0,10.09,9.59,83,-0.5
Schiller Park,q50,0,20985,63012,8024,7496,-528,0,12.77,11.93,5,-0.8399999999999999
Skokie,q50,0,21189,63624,6694,6249,-445,0,10.54,9.84,45,-0.6999999999999993
South Holland,q50,0,21217,63708,12362,10378,-1984,0,19.43,16.31,11,-3.120000000000001
Stickney,q50,0,20971,62970,8046,6937,-1109,0,12.8,11.03,7,-1.7700000000000014
Stone Park,q50,0,20712,62192,10094,8924,-1169,0,16.23,14.35,1,-1.8800000000000008
Streamwood,q50,0,20949,62904,7650,6691,-959,0,12.15,10.62,75,-1.5300000000000011
Summit,q50,0,20745,62291,8760,7794,-966,0,13.98,12.44,4,-1.540000000000001
Tinley Park,q50,0,21105,63372,7739,6773,-966,0,12.22,10.7,88,-1.5200000000000014
Westchester,q50,0,21125,63432,6228,5501,-728,0,9.84,8.69,151,-1.1500000000000004
Western Springs,q50,0,20616,61904,4936,4719,-216,0,7.97,7.62,1,-0.34999999999999964
Wheeling,q50,0,20936,62864,7761,7080,-681,0,12.31,11.23,46,-1.08
Willow Springs,q50,0,21376,64186,7530,6699,-831,0,11.78,10.48,7,-1.299999999999999
Wilmette,q50,0,20907,62777,5413,5211,-203,0,8.65,8.33,3,-0.3200000000000003
Worth,q50,0,21151,63510,8384,7274,-1110,0,13.24,11.49,15,-1.75
Alsip,q75,0,31436,94393,13012,12209,-803,0,13.79,12.93,2,-0.8599999999999994
Arlington Heights,q75,0,31474,94506,9595,8931,-664,0,10.14,9.44,76,-0.7000000000000011
Barrington,q75,0,31512,94620,7801,7503,-298,0,8.23,7.91,14,-0.3200000000000003
Berwyn,q75,0,31346,94124,13821,12037,-1784,0,14.68,12.79,4,-1.8900000000000006
Bridgeview,q75,0,31290,93956,12065,11068,-997,0,12.84,11.78,2,-1.0600000000000005
Brookfield,q75,0,31890,95756,12552,11096,-1455,0,13.15,11.63,10,-1.5199999999999996
Burbank,q75,0,31574,94806,11622,10120,-1502,0,12.29,10.7,4,-1.5899999999999999
Chicago,q75,0,32000,96086,6415,5897,-519,0,6.7,6.16,903,-0.54
Chicago Ridge,q75,0,31537,94696,11824,10249,-1575,0,12.49,10.82,1,-1.67
Cicero,q75,0,31830,95576,13740,11597,-2143,0,14.38,12.13,1,-2.25
Country Club Hills,q75,0,31676,95115,23339,19977,-3362,0,24.52,21.01,2,-3.509999999999998
Countryside,q75,0,31758,95362,7672,7378,-294,0,8.07,7.76,4,-0.3100000000000005
Crestwood,q75,0,31348,94129,10608,9763,-845,0,11.27,10.37,1,-0.9000000000000004
Des Plaines,q75,0,31632,94982,9472,8721,-751,0,9.99,9.2,20,-0.7900000000000009
Elk Grove Village,q75,0,31428,94369,9346,8645,-701,0,9.9,9.16,32,-0.7400000000000002
Elmwood Park,q75,0,31310,94015,11792,10456,-1336,0,12.51,11.09,8,-1.42
Evanston,q75,0,31492,94562,8411,7914,-497,0,8.88,8.36,28,-0.52000000000000135
Evergreen Park,q75,0,31401,94288,12005,10572,-1433,0,12.73,11.21,2,-1.5199999999999996
Flossmoor,q75,0,31260,93864,16873,14889,-1985,0,17.94,15.83,6,-2.110000000000001
Forest Park,q75,0,31540,94705,10770,9923,-846,0,11.34,10.45,9,-0.8900000000000006
Glencoe,q75,0,31666,95082,9066,8828,-237,0,9.55,9.3,4,-0.25
Glenview,q75,0,31602,94890,7903,7477,-426,0,8.33,7.88,24,-0.4500000000000002
Harwood Heights,q75,0,31773,95404,8545,7847,-697,0,8.97,8.24,8,-0.7300000000000004
Hazelcrest,q75,0,31693,95165,22714,18586,-4128,0,23.87,19.53,1,-4.34
Hickory Hills,q75,0,31666,95082,11276,9933,-1343,0,11.88,10.47,4,-1.4100000000000001
Hillside,q75,0,31799,95483,11693,10901,-792,0,12.25,11.42,1,-0.8300000000000001
Hoffman Estates,q75,0,31715,95231,10674,9701,-973,0,11.22,10.2,55,-1.0200000000000014
Indian Head Park,q75,0,31693,95165,8260,7808,-452,0,8.68,8.2,1,-0.4800000000000004
Inverness,q75,0,31703,95195,9612,8942,-670,0,10.15,9.45,3,-0.7000000000000011
Justice,q75,0,31529,94672,10785,9515,-1270,0,11.39,10.05,1,-1.3399999999999999
La Grange,q75,0,31632,94981,8601,8011,-590,0,9.05,8.43,9,-0.620000000000001
La Grange Park,q75,0,31607,94906,9423,8612,-811,0,9.93,9.07,13,-0.8599999999999994
Lemont,q75,0,31749,95333,7451,6966,-485,0,7.84,7.33,13,-0.5099999999999998
Lincolnwood,q75,0,31466,94483,9150,8704,-446,0,9.66,9.19,64,-0.47000000000000064
Lynwood,q75,0,31833,95585,11450,10715,-735,0,12,11.23,6,-0.7699999999999996
Lyons,q75,0,31643,95014,10897,9741,-1156,0,11.47,10.25,1,-1.2200000000000006
Matteson,q75,0,31361,94168,16948,7302,-9646,0,18,7.75,1,-10.25
Midlothian,q75,0,31494,94567,14194,12084,-2110,0,15.01,12.78,1,-2.2300000000000004
Morton Grove,q75,0,31490,94555,10018,9108,-909,0,10.57,9.61,25,-0.9600000000000009
Mt Prospect,q75,0,31572,94801,9630,8812,-818,0,10.17,9.31,41,-0.8599999999999994
Niles,q75,0,31516,94632,8825,8151,-674,0,9.31,8.6,8,-0.7100000000000009
Norridge,q75,0,31504,94597,8087,7421,-666,0,8.53,7.83,15,-0.6999999999999993
North Riverside,q75,0,31366,94183,9656,8991,-664,0,10.23,9.52,3,-0.7100000000000009
Northbrook,q75,0,31618,94940,8081,7764,-317,0,8.51,8.18,24,-0.33000000000000007
Northfield,q75,0,31681,95128,7704,7439,-265,0,8.13,7.85,6,-0.28000000000000114
Oak Forest,q75,0,31570,94795,12669,10688,-1981,0,13.36,11.27,3,-2.09
Oak Lawn,q75,0,31923,95855,11314,9933,-1381,0,11.88,10.43,11,-1.450000000000001
Oak Park,q75,0,31613,94924,11834,11029,-804,0,12.46,11.62,37,-0.8400000000000016
Olympia Fields,q75,0,31719,95243,16852,14932,-1920,0,17.74,15.72,3,-2.019999999999998
Orland Park,q75,0,31638,94999,9187,8515,-672,0,9.67,8.97,37,-0.6999999999999993
Palatine,q75,0,31512,94621,10248,9363,-884,0,10.84,9.9,56,-0.9399999999999995
Palos Heights,q75,0,31558,94759,10566,9580,-986,0,11.11,10.07,9,-1.0399999999999991
Palos Hills,q75,0,31419,94342,11135,9883,-1252,0,11.78,10.45,8,-1.33
Palos Park,q75,0,31425,94360,8816,8257,-559,0,9.29,8.7,15,-0.5899999999999999
Park Ridge,q75,0,31554,94747,9577,8927,-650,0,10.1,9.42,58,-0.6799999999999997
Prospect Heights,q75,0,31465,94480,10421,9799,-622,0,11.01,10.35,7,-0.6600000000000001
River Forest,q75,0,31598,94879,9849,9344,-506,0,10.36,9.83,3,-0.5299999999999994
River Grove,q75,0,31996,96074,13194,12167,-1026,0,13.73,12.66,1,-1.0700000000000003
Riverside,q75,0,31462,94471,11598,10725,-873,0,12.25,11.33,15,-0.9199999999999999
Rolling Meadows,q75,0,31645,95020,10865,10094,-771,0,11.4,10.59,5,-0.8100000000000005
Rosemont,q75,0,31868,95690,9622,9520,-102,0,10.08,9.97,3,-0.10999999999999943
Schaumburg,q75,0,31560,94765,9566,9081,-485,0,10.09,9.58,49,-0.5099999999999998
Schiller Park,q75,0,31458,94459,12060,11266,-794,0,12.77,11.93,1,-0.8399999999999999
Skokie,q75,0,31519,94642,8766,8238,-528,0,9.24,8.69,53,-0.5500000000000007
South Barrington,q75,0,31243,93813,7772,7517,-255,0,8.29,8.01,1,-0.27999999999999936
Streamwood,q75,0,31700,95186,11645,10560,-1085,0,12.26,11.11,15,-1.1500000000000004
Summit,q75,0,31692,95162,13306,13239,-68,0,13.98,13.91,1,-0.07000000000000028
Tinley Park,q75,0,31536,94693,11159,9802,-1356,0,11.79,10.36,17,-1.4299999999999997
Westchester,q75,0,31749,95333,9053,8221,-832,0,9.53,8.65,7,-0.879999999999999
Western Springs,q75,0,31722,95252,7674,7249,-425,0,8.07,7.62,10,-0.4500000000000002
Wheeling,q75,0,31600,94885,11101,10061,-1040,0,11.73,10.63,18,-1.0999999999999996
Willow Springs,q75,0,31600,94885,9253,8363,-889,0,9.76,8.82,3,-0.9399999999999995
Wilmette,q75,0,31596,94873,7994,7673,-321,0,8.44,8.1,25,-0.33999999999999986
Winnetka,q75,0,31514,94626,8197,7959,-237,0,8.66,8.41,2,-0.25
Worth,q75,0,32074,96309,13019,11254,-1765,0,13.52,11.69,1,-1.83
Alsip,q25,1,14461,43422,3846,4697,852,1296.3999080449637,12.96,11.84,313,-1.120000000000001
Arlington Heights,q25,1,14325,43014,3671,3863,192,501.24999399768234,10.03,9.29,45,-0.7400000000000002
Bedford Park,q25,1,14552,43695,4535,5827,1292,1452.999923289891,14.53,14.14,40,-0.3899999999999988
Bellwood,q25,1,14445,43374,4581,5149,568,1721.199931343485,17.3,14.09,649,-3.210000000000001
Berkeley,q25,1,14181,42581,4543,5051,508,1494.2998913659237,14.73,12.44,5,-2.290000000000001
Berwyn,q25,1,14312,42974,4036,4692,656,1468.0999473253155,13.7,11.98,256,-1.7199999999999989
Blue Island,q25,1,14290,42909,4275,4910,635,1499.6999205783416,14.99,12.75,189,-2.24
Bridgeview,q25,1,14458,43413,3789,4634,845,1291.99994926106,13.19,11.98,160,-1.209999999999999
Broadview,q25,1,14585,43794,3448,4285,838,1307.2998871622935,12.37,11.37,107,-1
Brookfield,q25,1,14351,43092,4395,4528,133,687.7799838841329,12.44,10.99,43,-1.4499999999999993
Burbank,q25,1,14317,42990,3479,4097,617,1228.899954404446,12.29,10.7,395,-1.5899999999999999
Burnham,q25,1,14278,42872,8230,9272,1042,2503.499861502278,25.04,21.63,2,-3.41
Calumet City,q25,1,14201,42641,7095,7486,392,2582.199960856961,25.7,19.9,95,-5.800000000000001
Calumet Park,q25,1,14162,42526,6752,7027,275,2062.5996605944056,20.63,16.44,4,-4.189999999999998
Chicago,q25,1,14000,42038,1714,2062,348,671.599999292102,6.71,5.82,7031,-0.8899999999999997
Chicago Heights,q25,1,14290,42909,5708,6392,684,2021.299903737784,20.46,16.89,91,-3.5700000000000003
Chicago Ridge,q25,1,14168,42542,3493,4103,610,1248.59992175943,12.49,10.84,129,-1.6500000000000004
Cicero,q25,1,14351,43092,4199,4813,614,1437.5999557815985,14.38,12.28,529,-2.1000000000000014
Country Club Hills,q25,1,14279,42876,6766,7287,521,2595.499880218498,24.64,19.45,287,-5.190000000000001
Crestwood,q25,1,14545,43674,2974,3717,743,1126.9999435647123,10.84,9.94,102,-0.9000000000000004
Des Plaines,q25,1,14535,43644,3144,3769,625,1023.6999825273496,10.24,9.46,62,-0.7799999999999994
Dixmoor,q25,1,14513,43578,5959,6633,674,1774.6998842792432,17.75,15.22,1,-2.5299999999999994
Dolton,q25,1,14167,42539,6301,6916,614,2791.4999299841675,23.85,19,97,-4.850000000000001
East Hazelcrest,q25,1,14107,42359,6000,6887,887,2127.399850023022,21.27,18.03,13,-3.2399999999999984
Elk Grove Village,q25,1,14364,43132,2693,3463,769,1294.2999821228605,9.24,8.85,2,-0.39000000000000057
Elmwood Park,q25,1,14404,43251,4183,4504,321,1200.863957792001,12.51,11.09,6,-1.42
Evanston,q25,1,14356,43108,2537,3131,594,883.7999934789899,8.86,8.38,34,-0.47999999999999865
Evergreen Park,q25,1,14421,43302,3939,4521,581,1273.1999527243106,12.73,11.21,209,-1.5199999999999996
Flossmoor,q25,1,14317,42990,5315,6239,924,1794.499932069382,17.94,15.78,99,-2.160000000000002
Forest Park,q25,1,14371,43152,3527,4159,632,1133.7999425427,11.34,10.45,17,-0.8900000000000006
Forestview,q25,1,14248,42782,4318,4998,680,1326.3999366041205,13.26,11.74,5,-1.5199999999999996
Franklin Park,q25,1,14414,43282,3981,4842,861,1319.0999496980617,12.98,11.98,110,-1
Glenview,q25,1,14115,42383,2812,3024,212,420.74999484622793,8.39,7.81,30,-0.580000000000001
Glenwood,q25,1,14251,42791,5389,5533,144,2025.299881011583,19,14.4,353,-4.6
Harvey,q25,1,14554,43701,6145,7244,1099,4118.939814970754,24.89,20.65,3,-4.240000000000002
Harwood Heights,q25,1,14356,43107,2236,2861,625,1097.9999357259442,9.15,8.56,9,-0.5899999999999999
Hazelcrest,q25,1,14144,42472,6556,6830,275,2356.3998599911974,23.69,18.09,58,-5.600000000000001
Hickory Hills,q25,1,14213,42677,3617,4332,716,1234.1999483618545,12.12,10.96,55,-1.1599999999999984
Hillside,q25,1,14348,43083,4132,5029,897,1286.099954302151,12.93,11.98,7,-0.9499999999999993
Hodgkins,q25,1,13999,42035,3353,4333,981,1046.5999424447332,10.47,10.31,1,-0.16000000000000014
Hoffman Estates,q25,1,14777,44371,3449,4100,651,1115.799989178936,11.16,10.02,34,-1.1400000000000006
Hometown,q25,1,14222,42704,3665,3880,215,1256.1997430133283,12.56,9.9,3,-2.66
Homewood,q25,1,14418,43293,4822,5388,566,1634.399951661037,16.21,13.56,637,-2.6500000000000004
Inverness,q25,1,14358,43114,3991,4049,58,439.22897900892883,10.27,9.57,2,-0.6999999999999993
Justice,q25,1,14466,43437,3340,3935,595,1139.1998874749092,11.44,10.05,39,-1.3899999999999988
Kenilworth,q25,1,14764,44332,4064,4263,199,294.9899706169153,9.83,9.62,1,-0.21000000000000085
La Grange,q25,1,14262,42825,3281,3563,281,563.5799900776747,9.17,8.57,15,-0.5999999999999996
La Grange Park,q25,1,14454,43401,3769,3872,103,548.0249654693057,10.35,9.4,8,-0.9499999999999993
Lansing,q25,1,14140,42456,5687,6122,435,2105.299935700253,19.73,15.77,554,-3.960000000000001
Lemont,q25,1,14315,42984,2308,2786,478,783.7999358853033,7.84,7.33,21,-0.5099999999999998
Lincolnwood,q25,1,14511,43572,3353,3637,284,695.6639736900112,9.66,9.19,161,-0.47000000000000064
Lynwood,q25,1,14407,43260,4425,4931,506,1574.9998853199306,15.13,12.58,101,-2.5500000000000007
Lyons,q25,1,14426,43318,3335,4006,671,1146.899907779302,11.47,10.25,292,-1.2200000000000006
Markham,q25,1,14282,42885,7618,8490,872,2635.899854970384,26.23,21.75,65,-4.48
Matteson,q25,1,14270,42849,5118,6087,969,1831.4999274025583,18.16,15.94,444,-2.2200000000000006
Maywood,q25,1,14445,43374,4895,5682,788,1882.599886848826,18.85,15.81,541,-3.040000000000001
Melrose Park,q25,1,14293,42918,3311,4117,806,1227.699984328073,11.48,10.67,133,-0.8100000000000005
Merrionette Park,q25,1,14258,42812,3283,4058,775,1115.799782061515,11.16,10.29,27,-0.870000000000001
Midlothian,q25,1,14262,42825,4339,4772,433,1504.2998932785374,15.04,12.28,498,-2.76
Morton Grove,q25,1,14190,42608,4025,4204,179,638.2499857616415,11.51,10.51,119,-1
Mt Prospect,q25,1,14372,43155,3664,3926,262,933.929982731482,10.37,9.33,4,-1.0399999999999991
Niles,q25,1,14122,42404,2902,3199,297,966.3999847629412,9.56,8.75,20,-0.8100000000000005
Norridge,q25,1,14419,43296,2339,2748,408,1016.5199256023052,8.71,8.07,5,-0.6400000000000006
North Lake,q25,1,14253,42797,4079,4989,910,1384.899891547802,13.63,12.51,225,-1.120000000000001
Northbrook,q25,1,14154,42500,2884,3240,356,748.7999902698683,8.32,8.05,5,-0.2699999999999996
Northfield,q25,1,14623,43908,3341,3425,84,271.5239892792976,8.23,7.8,1,-0.4300000000000006
Oak Forest,q25,1,14496,43528,4423,5049,627,1513.0999352899337,14.75,12.63,166,-2.119999999999999
Oak Lawn,q25,1,14416,43286,3591,4154,563,1233.7999690091067,12.13,10.66,342,-1.4700000000000006
Oak Park,q25,1,14318,42992,4740,4812,72,373.85999477323713,12.46,11.61,4,-0.8500000000000014
Olympia Fields,q25,1,14454,43401,5379,6394,1014,2064.5897336959083,18.77,16.54,58,-2.2300000000000004
Orland Hills,q25,1,14268,42842,3079,3687,608,1139.1999567972537,10.35,9.28,86,-1.0700000000000003
Orland Park,q25,1,14380,43179,3297,3601,305,582.0999901908928,10.08,9.19,9,-0.8900000000000006
Palatine,q25,1,14488,43504,3799,4142,343,811.1999901651463,10.84,9.79,16,-1.0500000000000007
Palos Hills,q25,1,14314,42981,3471,3997,527,1177.599946873771,11.46,10.11,20,-1.3500000000000014
Palos Park,q25,1,13988,42000,3436,3631,195,464.699977427184,9.29,8.7,4,-0.5899999999999999
Park Forest,q25,1,14249,42785,9890,10115,225,6287.039549743828,40.08,29.16,7,-10.919999999999998
Park Ridge,q25,1,14269,42846,3623,3866,243,506.4499920032928,10.14,9.48,52,-0.6600000000000001
Phoenix,q25,1,14477,43470,10026,7024,-3001,2995.3985624588863,29.95,16.16,1,-13.79
Posen,q25,1,14192,42616,4129,4370,241,1354.799696478202,13.59,10.84,62,-2.75
Richton Park,q25,1,14364,43131,5511,5926,416,1856.499875028352,18.59,14.95,143,-3.6400000000000006
River Forest,q25,1,14228,42724,4218,4198,-20,207.1399927278874,10.36,9.83,2,-0.5299999999999994
River Grove,q25,1,14482,43485,4141,4837,696,1275.4998710311932,13.1,11.73,32,-1.3699999999999992
Riverside,q25,1,14482,43485,4717,4923,206,612.8499694979561,12.26,11.32,2,-0.9399999999999995
Robbins,q25,1,14098,42332,4463,5220,758,1473.899652922433,14.74,12.96,14,-1.7799999999999994
Rolling Meadows,q25,1,14246,42776,3604,3918,314,882.3199827599667,11.13,9.83,8,-1.3000000000000007
Rosemont,q25,1,14542,43665,3662,4121,458,503.8999795411006,10.08,9.97,38,-0.10999999999999943
Sauk Village,q25,1,14464,43432,5385,2800,-2585,1731.5996918134233,17.1,6.52,12,-10.580000000000002
Schaumburg,q25,1,14326,43016,3837,4129,292,504.6999938752654,10.09,9.6,2,-0.4900000000000002
Schiller Park,q25,1,14577,43770,3776,4551,775,1276.6999662566495,12.77,11.93,20,-0.8399999999999999
Skokie,q25,1,14443,43368,3604,3865,261,603.049985646853,10.18,9.57,424,-0.6099999999999994
South Chicago Heights,q25,1,14372,43155,4067,4642,575,1337.599867478332,13.44,11.53,18,-1.9100000000000001
South Holland,q25,1,14300,42939,5268,5916,647,1974.2999665691095,19.15,15.76,1055,-3.389999999999999
Stickney,q25,1,14401,43242,4084,4600,515,1279.6999167125932,12.8,11.03,60,-1.7700000000000014
Stone Park,q25,1,14397,43230,4793,5789,996,1622.9998913329546,16.36,14.71,29,-1.6499999999999986
Streamwood,q25,1,14549,43686,3735,4351,616,1217.499965314399,12.17,10.7,300,-1.4700000000000006
Summit,q25,1,14429,43326,4024,4821,797,1398.2998979803883,13.98,12.45,223,-1.5300000000000011
Thornton,q25,1,14128,42422,6125,6929,804,2032.7995556506096,20.33,17.4,9,-2.9299999999999997
Tinley Park,q25,1,14509,43566,4177,4853,676,1403.9999752009076,13.95,12.16,153,-1.7899999999999991
Westchester,q25,1,14530,43629,3267,3473,206,983.4999543064648,9.84,8.52,59,-1.3200000000000003
Western Springs,q25,1,14643,43969,2929,3021,92,753.8399563038524,8.38,7.56,1,-0.8200000000000012
Wheeling,q25,1,14338,43053,3858,4628,771,1233.8999805703934,12.34,11.23,97,-1.1099999999999994
Willow Springs,q25,1,14259,42816,3816,4431,615,1329.4998453492778,13.16,11.61,40,-1.5500000000000007
Wilmette,q25,1,14001,42041,3208,3399,190,291.37499184993726,8.43,8.09,3,-0.33999999999999986
Worth,q25,1,14246,42778,3864,4475,610,1351.79992293961,13.25,11.49,144,-1.7599999999999998
Alsip,q50,1,21064,63249,5934,6686,752,1272.3999631240144,12.5,11.63,192,-0.8699999999999992
Arlington Heights,q50,1,21172,63574,4999,5496,497,1003.4999887969329,10.02,9.26,132,-0.7599999999999998
Barrington,q50,1,21080,63297,3792,4437,645,821.2999438350652,8.21,7.9,3,-0.3100000000000005
Bedford Park,q50,1,20708,62180,7001,8226,1226,2034.1998926058473,14.53,14.14,2,-0.3899999999999988
Bellwood,q50,1,21027,63138,4742,5280,538,7649.700974862986,17.26,14.04,10,-3.2200000000000024
Berkeley,q50,1,20920,62816,7328,7467,139,1458.4998896855664,14.49,12.33,35,-2.16
Berwyn,q50,1,20961,62940,6526,6917,391,1468.0999473253155,13.96,12.19,566,-1.7700000000000014
Blue Island,q50,1,20951,62910,7407,7285,-122,1368.6998955935194,14.24,11.76,47,-2.4800000000000004
Bridgeview,q50,1,20975,62982,5868,6554,686,1291.99994926106,12.87,11.79,161,-1.08
Broadview,q50,1,21038,63172,6032,6420,388,1307.2998871622935,12.44,10.98,14,-1.459999999999999
Brookfield,q50,1,21034,63159,6070,6446,376,1346.199945455733,12.62,11.09,733,-1.5299999999999994
Burbank,q50,1,21044,63189,5681,6014,332,1228.899954404446,12.29,10.7,317,-1.5899999999999999
Calumet City,q50,1,20998,63051,13173,12812,-361,2483.0999671784152,24.83,20.32,1,-4.509999999999998
Chicago,q50,1,21000,63057,3133,3320,187,671.599999292102,6.71,5.86,7283,-0.8499999999999996
Chicago Heights,q50,1,20968,62962,10028,9812,-216,3959.2798707042566,21.58,17.35,14,-4.229999999999997
Chicago Ridge,q50,1,20953,62916,6171,6500,330,1248.59992175943,12.53,10.96,35,-1.5699999999999985
Cicero,q50,1,21114,63400,6411,6698,287,1437.5999557815985,14.38,12.27,44,-2.110000000000001
Country Club Hills,q50,1,21006,63075,11476,11147,-329,2595.499880218498,24.22,19.4,41,-4.82
Countryside,q50,1,21168,63561,3567,4141,574,806.3999526385637,7.76,7.41,25,-0.34999999999999964
Crestwood,q50,1,20978,62991,5112,5525,413,1990.3499048155259,11.2,9.95,64,-1.25
Des Plaines,q50,1,21054,63218,4922,5454,532,1023.6999825273496,10.03,9.24,544,-0.7899999999999991
Elk Grove Village,q50,1,21090,63326,4680,5338,658,924.4999872306148,9.44,8.96,138,-0.47999999999999865
Elmwood Park,q50,1,21063,63246,6254,6653,399,1250.8999560333343,12.51,11.09,331,-1.42
Evanston,q50,1,21121,63420,4098,4655,557,895.6999930687798,8.9,8.35,122,-0.5500000000000007
Evergreen Park,q50,1,21027,63138,6118,6500,382,1273.1999527243106,12.73,11.21,177,-1.5199999999999996
Flossmoor,q50,1,21020,63117,8807,9325,518,1794.499932069382,17.94,15.78,207,-2.160000000000002
Forest Park,q50,1,21120,63417,5873,6464,591,1133.7999425427,11.34,10.46,59,-0.879999999999999
Forestview,q50,1,20935,62862,6641,7054,414,1326.3999366041205,13.26,11.74,11,-1.5199999999999996
Franklin Park,q50,1,20904,62768,6507,7229,722,1319.0999496980617,13.05,12.11,31,-0.9400000000000013
Glencoe,q50,1,21555,64723,5679,5917,239,477.3999868223294,9.55,9.3,3,-0.25
Glenview,q50,1,21147,63498,4330,4701,371,834.899993023996,8.45,7.8,33,-0.6499999999999995
Glenwood,q50,1,21054,63219,9136,8657,-479,1921.899885162787,18.96,14.85,4,-4.110000000000001
Harwood Heights,q50,1,21102,63363,4392,4881,488,914.9999464382868,8.99,8.28,89,-0.7100000000000009
Hazelcrest,q50,1,21066,63256,11898,11607,-291,2386.7998753853913,23.84,19.37,30,-4.469999999999999
Hickory Hills,q50,1,21033,63156,5711,6065,354,1202.8999544555395,11.97,10.51,371,-1.4600000000000009
Hillside,q50,1,20965,62952,6100,6747,647,1518.699950009198,13.39,12.12,49,-1.2700000000000014
Hodgkins,q50,1,21112,63394,5271,6223,952,1046.5999424447332,10.47,10.31,6,-0.16000000000000014
Hoffman Estates,q50,1,21096,63346,5365,5821,457,1115.799989178936,11.15,10.02,844,-1.1300000000000008
Homewood,q50,1,21005,63072,8119,8245,125,1665.9999571470146,16.32,13.8,111,-2.5199999999999996
Justice,q50,1,21084,63309,4991,5394,403,1183.6999340749346,11.4,10.03,139,-1.370000000000001
La Grange,q50,1,21106,63375,4679,5104,425,897.6999746494449,9.12,8.54,29,-0.5800000000000001
La Grange Park,q50,1,20964,62948,5095,5561,467,1218.09991017595,10.47,9.5,50,-0.9700000000000006
Lansing,q50,1,21158,63531,9772,8172,-1600,2105.299935700253,20.04,13.88,86,-6.159999999999998
Lemont,q50,1,21015,63102,3771,4259,487,783.7999358853033,7.84,7.33,110,-0.5099999999999998
Lincolnwood,q50,1,21135,63462,5370,5639,268,613.5369767960516,9.66,9.18,24,-0.4800000000000004
Lynwood,q50,1,21093,63336,7466,7511,45,1574.9998853199306,15.11,12.64,41,-2.469999999999999
Lyons,q50,1,21072,63272,5306,5769,463,1146.899907779302,11.49,10.27,50,-1.2200000000000006
Markham,q50,1,21266,63855,12941,12957,16,3690.259796958538,26.36,21.93,6,-4.43
Matteson,q50,1,21001,63060,9096,9314,218,1799.7999383624128,18.07,15.46,219,-2.6099999999999994
Maywood,q50,1,20943,62886,8231,8521,290,1882.599886848826,18.83,15.94,53,-2.889999999999999
Mc Cook,q50,1,21451,64411,6455,7689,1233,2503.6198110887576,13.91,13.63,1,-0.27999999999999936
Melrose Park,q50,1,20995,63042,4957,5493,536,1041.9999752654437,10.59,9.68,49,-0.9100000000000001
Merrionette Park,q50,1,21226,63735,5409,6020,611,2008.4396077107276,11.16,10.29,3,-0.870000000000001
Midlothian,q50,1,21230,63746,7189,7203,14,1504.2998932785374,15.03,12.47,36,-2.5599999999999987
Morton Grove,q50,1,21046,63194,5470,5880,410,1068.1999589389882,10.87,9.93,86,-0.9399999999999995
Mt Prospect,q50,1,21056,63225,4846,5367,521,1037.699980812758,9.92,9.13,295,-0.7899999999999991
Niles,q50,1,21302,63964,4527,5014,487,1018.8999882479684,9.24,8.51,147,-0.7300000000000004
Norridge,q50,1,21132,63453,4049,4519,470,847.0999380019209,8.56,7.89,136,-0.6700000000000008
North Lake,q50,1,20877,62687,6805,7613,808,1359.9998957544938,13.58,12.67,19,-0.9100000000000001
North Riverside,q50,1,21025,63132,4715,5296,581,1064.599920261561,10.12,9.35,310,-0.7699999999999996
Northbrook,q50,1,21208,63681,4313,4866,553,831.9999891887425,8.45,8.13,29,-0.3199999999999985
Northfield,q50,1,21114,63399,4410,4766,356,726.8399585465088,8.13,7.85,9,-0.28000000000000114
Oak Forest,q50,1,21045,63192,6916,7156,241,1500.5999499909108,13.98,12.03,401,-1.950000000000001
Oak Lawn,q50,1,21026,63135,5785,6114,329,1277.6999778752793,12.24,10.68,973,-1.5600000000000005
Oak Park,q50,1,21281,63900,6322,7041,719,1246.1999825774571,12.46,11.61,19,-0.8500000000000014
Olympia Fields,q50,1,21053,63216,9185,9728,543,1876.899757905371,18.5,16.34,114,-2.16
Orland Hills,q50,1,21074,63279,5710,5944,235,1139.1999567972537,11.23,9.77,165,-1.4600000000000009
Orland Park,q50,1,21050,63207,4667,5203,535,1156.199975778632,9.79,9.03,251,-0.7599999999999998
Palatine,q50,1,21134,63459,5256,5786,529,1081.599986886862,10.82,9.88,593,-0.9399999999999995
Palos Heights,q50,1,21012,63092,5371,5858,487,1148.199950835712,11.06,10.01,168,-1.0500000000000007
Palos Hills,q50,1,20988,63020,5377,5809,432,1851.480638094627,11.73,10.4,388,-1.33
Palos Park,q50,1,21032,63153,4702,5226,524,929.399954854368,9.29,8.7,18,-0.5899999999999999
Park Forest,q50,1,20877,62688,18403,15830,-2573,3492.7997498576824,34.93,25.25,2,-9.68
Park Ridge,q50,1,21075,63282,5088,5480,392,1012.8999840065856,10.12,9.44,61,-0.6799999999999997
Phoenix,q50,1,20745,62291,15663,10065,-5598,2995.3985624588863,29.95,16.16,1,-13.79
Posen,q50,1,21263,63846,6713,6402,-310,1354.799696478202,13.54,10.74,19,-2.799999999999999
Prospect Heights,q50,1,21198,63651,5524,6089,565,1125.2996566801244,11.12,10.21,34,-0.9099999999999984
Richton Park,q50,1,21065,63252,9372,9275,-96,1888.1998640684976,18.68,15.4,114,-3.2799999999999994
River Grove,q50,1,20920,62818,6333,6835,503,1373.2999246991749,13.03,11.66,88,-1.3699999999999992
Riverside,q50,1,21104,63369,6179,6796,617,1225.699938995912,12.26,11.32,13,-0.9399999999999995
Rolling Meadows,q50,1,20794,62438,5312,5619,308,1102.8999784499583,11.05,9.68,267,-1.370000000000001
Rosemont,q50,1,21047,63198,5537,6039,502,907.0199631739812,10.08,9.97,8,-0.10999999999999943
Sauk Village,q50,1,21134,63459,8814,8340,-474,1731.5996918134233,17.32,13.69,9,-3.630000000000001
Schaumburg,q50,1,21183,63606,5075,5783,708,1009.3999877505308,10.09,9.6,358,-0.4900000000000002
Schiller Park,q50,1,20873,62675,6106,6897,791,1276.6999662566495,12.77,11.93,60,-0.8399999999999999
Skokie,q50,1,21164,63549,5292,5788,495,1085.4999739750365,10.49,9.83,209,-0.6600000000000001
South Barrington,q50,1,21012,63094,4399,5056,657,828.4999463288945,8.29,8.01,2,-0.27999999999999936
South Chicago Heights,q50,1,20869,62664,7044,7222,178,1337.599867478332,13.38,11.53,2,-1.8500000000000014
South Holland,q50,1,21192,63633,9168,9193,25,2440.099972689301,19.3,15.99,65,-3.3100000000000005
Stickney,q50,1,21032,63154,6123,6383,260,1279.6999167125932,12.8,11.03,42,-1.7700000000000014
Stone Park,q50,1,21100,63357,7026,7647,621,1622.9998913329546,16.23,14.35,7,-1.8800000000000008
Streamwood,q50,1,21036,63164,5973,6278,305,1217.499965314399,12.12,10.59,498,-1.5299999999999994
Summit,q50,1,21122,63422,6869,7356,486,1398.2998979803883,13.98,12.44,18,-1.540000000000001
Thornton,q50,1,21058,63231,10821,10839,18,2032.7995556506096,20.33,17.14,1,-3.1899999999999977
Tinley Park,q50,1,21012,63094,5979,6313,334,1403.9999752009076,12.27,10.75,720,-1.5199999999999996
Westchester,q50,1,21137,63468,4671,4994,323,983.4999543064648,9.83,8.69,755,-1.1400000000000006
Western Springs,q50,1,21116,63405,4585,4769,184,414.595979874979,7.97,7.59,8,-0.3799999999999999
Wheeling,q50,1,20972,62973,6008,6586,578,1233.8999805703934,12.33,11.22,198,-1.1099999999999994
Willow Springs,q50,1,20880,62698,5463,5924,460,1437.2998683834503,12.06,10.7,30,-1.3600000000000012
Wilmette,q50,1,21130,63447,4742,5075,333,432.5999922671809,8.59,8.26,10,-0.33000000000000007
Winnetka,q50,1,21019,63114,4910,5096,186,544.5089883574659,8.64,8.45,1,-0.19000000000000128
Worth,q50,1,21025,63132,6153,6488,335,1351.79992293961,13.35,11.57,69,-1.7799999999999994
Alsip,q75,1,31508,94609,11071,11451,380,1378.4999567605146,13.31,12.29,13,-1.0200000000000014
Arlington Heights,q75,1,31546,94723,8301,8668,368,1012.1999812464057,10.25,9.53,600,-0.7200000000000006
Barrington,q75,1,31630,94975,6408,6872,464,821.2999438350652,8.21,7.81,29,-0.40000000000000124
Barrington Hills,q75,1,31412,94322,7964,8197,233,445.7999671471737,8.92,8.69,2,-0.23000000000000043
Bedford Park,q75,1,31200,93684,12159,13246,1087,1452.999923289891,14.53,14.14,1,-0.3899999999999988
Bellwood,q75,1,31726,95265,14899,14476,-424,1747.249926375833,17.47,15.2,2,-2.2699999999999996
Berkeley,q75,1,31175,93609,12194,11716,-478,1458.4998896855664,14.59,12.52,1,-2.0700000000000003
Berwyn,q75,1,31578,94818,11206,11013,-194,1468.0999473253155,14.45,12.6,26,-1.8499999999999996
Bridgeview,q75,1,31609,94912,9300,9852,552,1312.9999693849115,12.9,11.98,5,-0.9199999999999999
Brookfield,q75,1,31563,94774,10467,10404,-63,1346.199945455733,13.06,11.54,51,-1.5200000000000014
Burbank,q75,1,31643,95014,9681,9497,-184,1228.899954404446,12.29,10.7,39,-1.5899999999999999
Chicago,q75,1,32000,96086,5123,5319,196,671.599999292102,6.7,6.16,4473,-0.54
Chicago Heights,q75,1,31569,94792,16039,14820,-1219,2199.5999281690315,22,18,3,-4
Chicago Ridge,q75,1,31862,95672,10180,10545,366,1248.59992175943,12.25,11.34,3,-0.9100000000000001
Country Club Hills,q75,1,31447,94426,18454,17843,-611,3893.249820327748,24.39,20.67,7,-3.719999999999999
Countryside,q75,1,31498,94579,5793,6277,484,818.7999610654874,7.77,7.42,24,-0.34999999999999964
Crestwood,q75,1,31545,94720,8457,8540,82,1952.0999112145696,11.22,10.01,7,-1.2100000000000009
Des Plaines,q75,1,31505,94600,7920,8220,299,1023.6999825273496,10.05,9.26,128,-0.7900000000000009
Elk Grove Village,q75,1,31440,94404,8082,8328,246,1059.7999856659458,10.24,9.37,304,-0.870000000000001
Elmwood Park,q75,1,31568,94789,10079,10047,-33,1250.8999560333343,12.51,11.09,57,-1.42
Evanston,q75,1,31594,94867,7057,7445,387,895.6999930687798,8.91,8.35,120,-0.5600000000000005
Evergreen Park,q75,1,31444,94416,10573,10421,-152,1273.1999527243106,12.73,11.21,20,-1.5199999999999996
Flossmoor,q75,1,31579,94822,14231,14286,54,1794.499932069382,17.93,15.99,52,-1.9399999999999995
Forest Park,q75,1,31624,94957,8894,9240,346,1133.7999425427,11.34,10.45,55,-0.8900000000000006
Franklin Park,q75,1,31291,93957,10108,10195,88,2220.4799425322603,12.7,11.38,5,-1.3199999999999985
Glencoe,q75,1,31342,94111,8194,8573,379,716.0999802334942,9.55,9.3,5,-0.25
Glenview,q75,1,31541,94708,6614,7020,406,841.4999896924559,8.34,7.88,140,-0.45999999999999996
Harwood Heights,q75,1,31573,94804,7305,7558,253,914.9999464382868,9.03,8.31,26,-0.7199999999999989
Hickory Hills,q75,1,31674,95108,9923,9739,-184,1202.8999544555395,12.02,10.52,30,-1.5
Hillside,q75,1,31760,95364,10127,10695,567,1368.7999411967785,12.97,12.13,10,-0.8399999999999999
Hodgkins,q75,1,31160,93564,8746,9645,900,1046.5999424447332,10.47,10.31,1,-0.16000000000000014
Hoffman Estates,q75,1,31677,95117,9108,9298,190,1199.199978062412,11.24,10.21,341,-1.0299999999999994
Homewood,q75,1,31495,94570,13190,12646,-543,1665.9999571470146,16.17,13.81,7,-2.360000000000001
Indian Head Park,q75,1,31691,95159,6536,6807,271,867.9999255083707,8.32,7.71,9,-0.6100000000000003
Inverness,q75,1,31804,95496,8297,8699,403,1423.9299317583223,10.22,9.54,10,-0.6800000000000015
Justice,q75,1,31889,95753,9696,9559,-137,1139.1998874749092,11.39,10.05,3,-1.3399999999999999
Kenilworth,q75,1,31961,95969,7667,8460,793,1769.9398237014918,9.83,9.62,1,-0.21000000000000085
La Grange,q75,1,31663,95074,7337,7669,332,924.7999663622206,9.09,8.5,58,-0.5899999999999999
La Grange Park,q75,1,31586,94843,7714,7943,229,1218.09991017595,9.92,9.06,124,-0.8599999999999994
Lansing,q75,1,32062,96273,14042,13561,-480,1627.5999037803435,16.28,14.09,1,-2.1900000000000013
Lemont,q75,1,31593,94864,6213,6541,329,783.7999358853033,7.84,7.33,140,-0.5099999999999998
Lincolnwood,q75,1,31561,94768,7363,7910,547,966.199963458349,9.66,9.19,261,-0.47000000000000064
Lynwood,q75,1,31550,94736,10362,10706,344,1346.999886138848,12.87,11.84,24,-1.0299999999999994
Lyons,q75,1,31754,95346,7799,7997,198,1605.6598708910233,11.47,10.25,4,-1.2200000000000006
Markham,q75,1,31305,94000,16838,15921,-916,5365.282678238078,23.62,19.59,1,-4.030000000000001
Matteson,q75,1,31418,94339,14692,14324,-368,1799.7999383624128,18,15.63,3,-2.369999999999999
Mc Cook,q75,1,31818,95540,11898,13022,1124,1390.8998950493096,13.91,13.63,1,-0.27999999999999936
Midlothian,q75,1,31445,94420,12370,12395,25,1476.8998915655377,14.8,13.24,9,-1.5600000000000005
Morton Grove,q75,1,31575,94810,7919,8135,216,1276.499971523283,10.38,9.43,167,-0.9500000000000011
Mt Prospect,q75,1,31555,94750,8137,8326,189,1105.099978407872,10.41,9.45,345,-0.9600000000000009
Niles,q75,1,31630,94976,7462,7706,245,1026.1999851320163,9.53,8.72,66,-0.8099999999999987
Norridge,q75,1,31550,94736,6308,6593,285,1270.6499070028815,8.56,7.89,92,-0.6700000000000008
North Lake,q75,1,31698,95180,11407,11603,195,1339.199896694002,13.39,12.19,1,-1.200000000000001
North Riverside,q75,1,31482,94530,8198,8345,147,944.099948297348,9.79,8.9,16,-0.8899999999999988
Northbrook,q75,1,31631,94978,6760,7311,551,864.8999924513025,8.44,8.13,91,-0.3099999999999987
Northfield,q75,1,31494,94568,6639,7089,450,822.799967513023,8.18,7.82,26,-0.35999999999999943
Oak Forest,q75,1,31574,94806,11638,11132,-505,1513.0999352899337,14.03,11.98,10,-2.049999999999999
Oak Lawn,q75,1,31696,95174,9449,9304,-145,1233.7999690091067,11.89,10.4,106,-1.4900000000000002
Oak Park,q75,1,31583,94834,9848,10338,490,1246.1999825774571,12.46,11.61,311,-0.8500000000000014
Olympia Fields,q75,1,31707,95207,14872,14705,-167,1876.899757905371,17.83,15.74,17,-2.089999999999998
Orland Hills,q75,1,31200,93684,9588,9299,-290,1139.1999567972537,11.39,9.87,7,-1.5200000000000014
Orland Park,q75,1,31595,94870,7745,8062,317,963.4999798155266,9.73,9,518,-0.7300000000000004
Palatine,q75,1,31494,94567,8627,8873,246,1081.599986886862,10.83,9.89,394,-0.9399999999999995
Palos Heights,q75,1,31519,94642,8966,9117,151,1148.199950835712,11.1,10.05,137,-1.049999999999999
Palos Hills,q75,1,31561,94768,9456,9401,-55,1177.599946873771,11.64,10.31,32,-1.33
Palos Park,q75,1,31611,94918,7424,7810,386,929.399954854368,9.31,8.71,32,-0.5999999999999996
Park Ridge,q75,1,31580,94825,7844,8265,421,1028.2999813954611,10.12,9.45,369,-0.6699999999999999
Prospect Heights,q75,1,31567,94786,8980,9282,302,1091.9999427872458,11.01,10.13,61,-0.879999999999999
River Forest,q75,1,31626,94963,8076,8594,519,1864.2599345509864,10.36,9.77,11,-0.5899999999999999
River Grove,q75,1,31252,93840,10530,10514,-16,1252.199872933475,12.76,11.36,5,-1.4000000000000004
Riverside,q75,1,31581,94828,9393,9809,416,1225.699938995912,12.26,11.32,102,-0.9399999999999995
Rolling Meadows,q75,1,31658,95059,9282,9560,277,1140.699982480559,11.29,10.37,41,-0.9199999999999999
Rosemont,q75,1,31706,95204,7595,8480,885,1007.7999590822012,10.08,9.97,19,-0.10999999999999943
Schaumburg,q75,1,31545,94720,8013,8548,534,1009.3999877505308,10.1,9.57,405,-0.5299999999999994
Schiller Park,q75,1,31346,94123,9917,10457,540,1404.3699628823142,12.77,11.93,8,-0.8399999999999999
Skokie,q75,1,31556,94753,7372,7779,407,1195.9999792532328,9.38,8.81,299,-0.5700000000000003
South Barrington,q75,1,31580,94825,7237,7697,460,1288.8694765458633,9,8.5,2,-0.5
South Chicago Heights,q75,1,31373,94204,11263,11163,-101,1337.599867478332,13.38,11.85,1,-1.5300000000000011
South Holland,q75,1,31642,95012,20744,20398,-346,2440.099972689301,24.4,21.47,2,-2.9299999999999997
Stickney,q75,1,31705,95201,10903,10504,-399,1279.6999167125932,12.8,11.03,1,-1.7700000000000014
Streamwood,q75,1,31804,95498,10290,10493,203,1226.799095950743,12.28,11.19,68,-1.0899999999999999
Summit,q75,1,31997,96077,12036,11953,-83,1398.2998979803883,13.98,12.44,1,-1.540000000000001
Tinley Park,q75,1,31563,94774,9430,9317,-113,1149.0999755089606,11.61,10.21,224,-1.3999999999999986
Westchester,q75,1,31580,94825,7367,7503,136,1770.2999177516367,9.62,8.65,70,-0.9699999999999989
Western Springs,q75,1,31722,95254,6270,6723,454,1195.9499419470546,8.02,7.62,26,-0.39999999999999947
Wheeling,q75,1,31294,93965,8978,9158,180,1242.6999780914937,11.44,10.35,150,-1.0899999999999999
Willow Springs,q75,1,31653,95044,6575,6798,223,1437.2998683834503,8.65,7.91,24,-0.7400000000000002
Wilmette,q75,1,31534,94688,6655,7168,513,865.1999845343618,8.46,8.13,94,-0.33000000000000007
Worth,q75,1,31320,94044,10585,10319,-266,2433.239861291298,13.52,11.69,4,-1.83
