keypin_concat,pins,has_range,pins2,pins3,check_me,Alea_added
2.02402E+12,02-02-402-015-0000,0,02-02-402-015-0000,02-02-402-015-0000,0,
2.02402E+12,02-02-402-016-0000,0,02-02-402-016-0000,02-02-402-016-0000,0,
2.02402E+12,02-02-402-017-0000,0,02-02-402-017-0000,02-02-402-017-0000,0,
2.09315E+12,02-09-315-012-0000,0,02-09-315-012-0000,02-09-315-012-0000,0,
3.21304E+12,03-21-304-032-0000,0,03-21-304-032-0000,03-21-304-032-0000,0,
3.342E+12,03-34-200-204-0000,0,03-34-200-204-0000,03-34-200-204-0000,0,
4.22302E+12,04-22-302-042-0000,0,04-22-302-042-0000,04-22-302-042-0000,0,
6.28108E+12,"06-28-108-027-0000, 06-28-108-028-0000",0,06-28-108-027-0000,06-28-108-027-0000,0,
6.28108E+12,"06-28-108-027-0000, 06-28-108-028-0000",0,06-28-108-028-0000,06-28-108-028-0000,0,
7.162E+12,07-16-200-030-0000,0,07-16-200-030-0000,07-16-200-030-0000,0,
9.19301E+12,09-19-301-010-0000,0,09-19-301-010-0000,09-19-301-010-0000,0,
9.283E+12,09-28-300-033-0000,0,09-28-300-033-0000,09-28-300-033-0000,0,
1.0251E+13,"10-25-104-014-0000, 10-25-104-015-0000",0,10-25-104-014-0000,10-25-104-014-0000,0,
1.0251E+13,"10-25-104-014-0000, 10-25-104-015-0000",0,10-25-104-015-0000,10-25-104-015-0000,0,
1.0252E+13,"10-25-203-011-0000, 10-25-206-007-0000, 10-25-206-008-0000",0,10-25-203-011-0000,10-25-203-011-0000,0,
1.0252E+13,"10-25-203-011-0000, 10-25-206-007-0000, 10-25-206-008-0000",0,10-25-206-007-0000,10-25-206-007-0000,0,
1.0252E+13,"10-25-203-011-0000, 10-25-206-007-0000, 10-25-206-008-0000",0,10-25-206-008-0000,10-25-206-008-0000,0,
1.02721E+13,10-27-205-047-0000,0,10-27-205-047-0000,10-27-205-047-0000,0,
1.02731E+13,10-27-307-027-0000,0,10-27-307-027-0000,10-27-307-027-0000,0,
1.02731E+13,10-27-307-162-0000,0,10-27-307-162-0000,10-27-307-162-0000,0,
1.0352E+13,10-35-203-009-0000,0,10-35-203-009-0000,10-35-203-009-0000,0,
1.13021E+13,"11-30-210-016-0000, 11-30-210-017-0000, 11-30-210-018-0000, 11-30-210-019-0000, 11-30-210-020-0000",0,11-30-210-016-0000,11-30-210-016-0000,0,
1.13021E+13,"11-30-210-016-0000, 11-30-210-017-0000, 11-30-210-018-0000, 11-30-210-019-0000, 11-30-210-020-0000",0,11-30-210-017-0000,11-30-210-017-0000,0,
1.13021E+13,"11-30-210-016-0000, 11-30-210-017-0000, 11-30-210-018-0000, 11-30-210-019-0000, 11-30-210-020-0000",0,11-30-210-018-0000,11-30-210-018-0000,0,
1.13021E+13,"11-30-210-016-0000, 11-30-210-017-0000, 11-30-210-018-0000, 11-30-210-019-0000, 11-30-210-020-0000",0,11-30-210-019-0000,11-30-210-019-0000,0,
1.13021E+13,"11-30-210-016-0000, 11-30-210-017-0000, 11-30-210-018-0000, 11-30-210-019-0000, 11-30-210-020-0000",0,11-30-210-020-0000,11-30-210-020-0000,0,
1.2324E+13,12-32-403-025-0000,0,12-32-403-025-0000,12-32-403-025-0000,0,
1.2343E+13,12-34-300-016-0000,0,12-34-300-016-0000,12-34-300-016-0000,0,
1.30123E+13,"13-01-230-040-0000, 13-01-230-048-0000, 13-01-230-049-0000, 13-01-230-050-0000, 13-01-230-051-0000, 13-01-230-058-0000, 13-01-230-063-0000",0,13-01-230-040-0000,13-01-230-040-0000,0,
1.30123E+13,"13-01-230-040-0000, 13-01-230-048-0000, 13-01-230-049-0000, 13-01-230-050-0000, 13-01-230-051-0000, 13-01-230-058-0000, 13-01-230-063-0000",0,13-01-230-048-0000,13-01-230-048-0000,0,
1.30123E+13,"13-01-230-040-0000, 13-01-230-048-0000, 13-01-230-049-0000, 13-01-230-050-0000, 13-01-230-051-0000, 13-01-230-058-0000, 13-01-230-063-0000",0,13-01-230-049-0000,13-01-230-049-0000,0,
1.30123E+13,"13-01-230-040-0000, 13-01-230-048-0000, 13-01-230-049-0000, 13-01-230-050-0000, 13-01-230-051-0000, 13-01-230-058-0000, 13-01-230-063-0000",0,13-01-230-050-0000,13-01-230-050-0000,0,
1.30123E+13,"13-01-230-040-0000, 13-01-230-048-0000, 13-01-230-049-0000, 13-01-230-050-0000, 13-01-230-051-0000, 13-01-230-058-0000, 13-01-230-063-0000",0,13-01-230-051-0000,13-01-230-051-0000,0,
1.30123E+13,"13-01-230-040-0000, 13-01-230-048-0000, 13-01-230-049-0000, 13-01-230-050-0000, 13-01-230-051-0000, 13-01-230-058-0000, 13-01-230-063-0000",0,13-01-230-058-0000,13-01-230-058-0000,0,
1.30123E+13,"13-01-230-040-0000, 13-01-230-048-0000, 13-01-230-049-0000, 13-01-230-050-0000, 13-01-230-051-0000, 13-01-230-058-0000, 13-01-230-063-0000",0,13-01-230-063-0000,13-01-230-063-0000,0,
1.31311E+13,13-13-105-009-0000,0,13-13-105-009-0000,13-13-105-009-0000,0,
1.3234E+13,"13-23-402-027-0000, 13-23-402-077-0000, 13-23-402-078-0000, 13-23-402-079-0000, 13-23-402-080-0000",0,13-23-402-027-0000,13-23-402-027-0000,0,
1.3234E+13,"13-23-402-027-0000, 13-23-402-077-0000, 13-23-402-078-0000, 13-23-402-079-0000, 13-23-402-080-0000",0,13-23-402-077-0000,13-23-402-077-0000,0,
1.3234E+13,"13-23-402-027-0000, 13-23-402-077-0000, 13-23-402-078-0000, 13-23-402-079-0000, 13-23-402-080-0000",0,13-23-402-078-0000,13-23-402-078-0000,0,
1.3234E+13,"13-23-402-027-0000, 13-23-402-077-0000, 13-23-402-078-0000, 13-23-402-079-0000, 13-23-402-080-0000",0,13-23-402-079-0000,13-23-402-079-0000,0,
1.3234E+13,"13-23-402-027-0000, 13-23-402-077-0000, 13-23-402-078-0000, 13-23-402-079-0000, 13-23-402-080-0000",0,13-23-402-080-0000,13-23-402-080-0000,0,
1.3254E+13,13-25-404-001-0000,0,13-25-404-001-0000,13-25-404-001-0000,0,
1.43011E+13,14-30-113-030-0000,0,14-30-113-030-0000,14-30-113-030-0000,0,
1.43011E+13,"14-30-113-031-0000, 14-30-113-033-0000, 14-30-113-034-0000, 14-30-113-035-0000",0,14-30-113-031-0000,14-30-113-031-0000,0,
1.43011E+13,"14-30-113-031-0000, 14-30-113-033-0000, 14-30-113-034-0000, 14-30-113-035-0000",0,14-30-113-033-0000,14-30-113-033-0000,0,
1.43011E+13,"14-30-113-031-0000, 14-30-113-033-0000, 14-30-113-034-0000, 14-30-113-035-0000",0,14-30-113-034-0000,14-30-113-034-0000,0,
1.43011E+13,"14-30-113-031-0000, 14-30-113-033-0000, 14-30-113-034-0000, 14-30-113-035-0000",0,14-30-113-035-0000,14-30-113-035-0000,0,
1.43032E+13,"14-30-319-046-0000, 14-30-319-047-0000",0,14-30-319-046-0000,14-30-319-046-0000,0,
1.43032E+13,"14-30-319-046-0000, 14-30-319-047-0000",0,14-30-319-047-0000,14-30-319-047-0000,0,
1.43121E+13,14-31-210-035-0000,0,14-31-210-035-0000,14-31-210-035-0000,0,
1.4323E+13,14-32-302-016-1001,0,14-32-302-016-1001,14-32-302-016-1001,0,
1.43231E+13,14-32-309-010-0000 thru 14-32-309-014-0000,1,14-32-309-010-0000 thru 14-32-309-014-0000,thru,1,
1.43231E+13,14-32-309-010-0000 thru 14-32-309-014-0000,1,14-32-309-010-0000 thru 14-32-309-014-0000,14-32-309-011-0000,1,1
1.43231E+13,14-32-309-010-0000 thru 14-32-309-014-0000,1,14-32-309-010-0000 thru 14-32-309-014-0000,14-32-309-012-0000,1,1
1.43231E+13,14-32-309-010-0000 thru 14-32-309-014-0000,1,14-32-309-010-0000 thru 14-32-309-014-0000,14-32-309-013-0000,1,1
1.43231E+13,14-32-309-010-0000 thru 14-32-309-014-0000,1,14-32-309-010-0000 thru 14-32-309-014-0000,14-32-309-010-0000,0,
1.43231E+13,14-32-309-010-0000 thru 14-32-309-014-0000,1,14-32-309-010-0000 thru 14-32-309-014-0000,14-32-309-014-0000,0,
1.43231E+13,14-32-309-024-0000,0,14-32-309-024-0000,14-32-309-024-0000,0,
1.5021E+13,"15-02-101-007-0000, 15-02-101-008-0000, 15-02-101-009-0000, 15-02-101-010-0000",0,15-02-101-007-0000,15-02-101-007-0000,0,
1.5021E+13,"15-02-101-007-0000, 15-02-101-008-0000, 15-02-101-009-0000, 15-02-101-010-0000",0,15-02-101-008-0000,15-02-101-008-0000,0,
1.5021E+13,"15-02-101-007-0000, 15-02-101-008-0000, 15-02-101-009-0000, 15-02-101-010-0000",0,15-02-101-009-0000,15-02-101-009-0000,0,
1.5021E+13,"15-02-101-007-0000, 15-02-101-008-0000, 15-02-101-009-0000, 15-02-101-010-0000",0,15-02-101-010-0000,15-02-101-010-0000,0,
1.50431E+13,"15-04-310-009-0000, 15-04-310-017-0000",0,15-04-310-009-0000,15-04-310-009-0000,0,
1.50431E+13,"15-04-310-009-0000, 15-04-310-017-0000",0,15-04-310-017-0000,15-04-310-017-0000,0,
1.50441E+13,"15-04-412-011-0000, 15-04-412-012-0000",0,15-04-412-011-0000,15-04-412-011-0000,0,
1.50441E+13,"15-04-412-011-0000, 15-04-412-012-0000",0,15-04-412-012-0000,15-04-412-012-0000,0,
1.5064E+13,"15-06-400-036-0000, 15-06-400-041-0000",0,15-06-400-036-0000,15-06-400-036-0000,0,
1.5064E+13,"15-06-400-036-0000, 15-06-400-041-0000",0,15-06-400-041-0000,15-06-400-041-0000,0,
1.5094E+13,"15-09-400-076-0000, 15-09-400-094-0000",0,15-09-400-076-0000,15-09-400-076-0000,0,
1.5094E+13,"15-09-400-076-0000, 15-09-400-094-0000",0,15-09-400-094-0000,15-09-400-094-0000,0,
1.5094E+13,"15-09-400-103-0000, 15-09-400-104-0000",0,15-09-400-103-0000,15-09-400-103-0000,0,
1.5094E+13,"15-09-400-103-0000, 15-09-400-104-0000",0,15-09-400-104-0000,15-09-400-104-0000,0,
1.5094E+13,15-09-400-105-1001,0,15-09-400-105-1001,15-09-400-105-1001,0,
1.5094E+13,15-09-400-105-1002,0,15-09-400-105-1002,15-09-400-105-1002,0,
1.5094E+13,15-09-400-105-1003,0,15-09-400-105-1003,15-09-400-105-1003,0,
1.51136E+13,"15-11-359-019-0000, 15-11-359-020-0000, 15-11-359-021-0000",0,15-11-359-019-0000,15-11-359-019-0000,0,
1.51136E+13,"15-11-359-019-0000, 15-11-359-020-0000, 15-11-359-021-0000",0,15-11-359-020-0000,15-11-359-020-0000,0,
1.51136E+13,"15-11-359-019-0000, 15-11-359-020-0000, 15-11-359-021-0000",0,15-11-359-021-0000,15-11-359-021-0000,0,
1.5172E+13,"15-17-200-011-0000, 15-17-200-014-0000",0,15-17-200-011-0000,15-17-200-011-0000,0,
1.5172E+13,"15-17-200-011-0000, 15-17-200-014-0000",0,15-17-200-014-0000,15-17-200-014-0000,0,
1.5173E+13,"15-17-304-065-0000, 15-17-304-075-0000, 15-17-304-076-0000, 15-17-304-095-0000",0,15-17-304-065-0000,15-17-304-065-0000,0,
1.5173E+13,"15-17-304-065-0000, 15-17-304-075-0000, 15-17-304-076-0000, 15-17-304-095-0000",0,15-17-304-075-0000,15-17-304-075-0000,0,
1.5173E+13,"15-17-304-065-0000, 15-17-304-075-0000, 15-17-304-076-0000, 15-17-304-095-0000",0,15-17-304-076-0000,15-17-304-076-0000,0,
1.5173E+13,"15-17-304-065-0000, 15-17-304-075-0000, 15-17-304-076-0000, 15-17-304-095-0000",0,15-17-304-095-0000,15-17-304-095-0000,0,
1.5223E+13,"15-22-300-013-0000, 15-22-300-019-0000",0,15-22-300-013-0000,15-22-300-013-0000,0,
1.5223E+13,"15-22-300-013-0000, 15-22-300-019-0000",0,15-22-300-019-0000,15-22-300-019-0000,0,
1.60332E+13,16-03-316-011-0000,0,16-03-316-011-0000,16-03-316-011-0000,0,
1.6102E+13,16-10-200-039-0000,0,16-10-200-039-0000,16-10-200-039-0000,0,
1.6102E+13,16-10-202-002-0000,0,16-10-202-002-0000,16-10-202-002-0000,0,
1.6104E+13,"16-10-401-007-0000, 16-10-401-008-0000, 16-10-401-009-0000, 16-10-401-010-0000, 16-10-401-011-0000, 16-10-401-012-0000",0,16-10-401-007-0000,16-10-401-007-0000,0,
1.6104E+13,"16-10-401-007-0000, 16-10-401-008-0000, 16-10-401-009-0000, 16-10-401-010-0000, 16-10-401-011-0000, 16-10-401-012-0000",0,16-10-401-008-0000,16-10-401-008-0000,0,
1.6104E+13,"16-10-401-007-0000, 16-10-401-008-0000, 16-10-401-009-0000, 16-10-401-010-0000, 16-10-401-011-0000, 16-10-401-012-0000",0,16-10-401-009-0000,16-10-401-009-0000,0,
1.6104E+13,"16-10-401-007-0000, 16-10-401-008-0000, 16-10-401-009-0000, 16-10-401-010-0000, 16-10-401-011-0000, 16-10-401-012-0000",0,16-10-401-010-0000,16-10-401-010-0000,0,
1.6104E+13,"16-10-401-007-0000, 16-10-401-008-0000, 16-10-401-009-0000, 16-10-401-010-0000, 16-10-401-011-0000, 16-10-401-012-0000",0,16-10-401-011-0000,16-10-401-011-0000,0,
1.6104E+13,"16-10-401-007-0000, 16-10-401-008-0000, 16-10-401-009-0000, 16-10-401-010-0000, 16-10-401-011-0000, 16-10-401-012-0000",0,16-10-401-012-0000,16-10-401-012-0000,0,
1.61141E+13,16-11-410-037-0000,0,16-11-410-037-0000,16-11-410-037-0000,0,
1.61211E+13,16-12-113-032-0000,0,16-12-113-032-0000,16-12-113-032-0000,0,
1.6123E+13,16-12-301-019-0000 thru 16-12-301-021-0000,1,16-12-301-019-0000 thru 16-12-301-021-0000,thru,1,
1.6123E+13,16-12-301-019-0000 thru 16-12-301-021-0000,1,16-12-301-019-0000 thru 16-12-301-021-0000,16-12-301-020-0000,1,1
1.6123E+13,16-12-301-019-0000 thru 16-12-301-021-0000,1,16-12-301-019-0000 thru 16-12-301-021-0000,16-12-301-019-0000,0,
1.6123E+13,16-12-301-019-0000 thru 16-12-301-021-0000,1,16-12-301-019-0000 thru 16-12-301-021-0000,16-12-301-021-0000,0,
1.6123E+13,16-12-301-025-0000,0,16-12-301-025-0000,16-12-301-025-0000,0,
1.61231E+13,16-12-307-023-0000,0,16-12-307-023-0000,16-12-307-023-0000,0,
1.61231E+13,16-12-307-024-0000,0,16-12-307-024-0000,16-12-307-024-0000,0,
1.61342E+13,"16-13-422-002-0000, 16-13-422-003-0000 16-13-422-005-0000, 16-13-422-011-0000 thru 16-13-422-014-0000",1,16-13-422-011-0000 thru 16-13-422-014-0000,thru,1,
1.61342E+13,"16-13-422-002-0000, 16-13-422-003-0000 16-13-422-005-0000, 16-13-422-011-0000 thru 16-13-422-014-0000",1,16-13-422-011-0000 thru 16-13-422-014-0000,16-13-422-012-0000,,1
1.61342E+13,"16-13-422-002-0000, 16-13-422-003-0000 16-13-422-005-0000, 16-13-422-011-0000 thru 16-13-422-014-0000",1,16-13-422-011-0000 thru 16-13-422-014-0000,16-13-422-013-0000,1,1
1.61342E+13,"16-13-422-002-0000, 16-13-422-003-0000 16-13-422-005-0000, 16-13-422-011-0000 thru 16-13-422-014-0000",1,16-13-422-002-0000,16-13-422-002-0000,0,
1.61342E+13,"16-13-422-002-0000, 16-13-422-003-0000 16-13-422-005-0000, 16-13-422-011-0000 thru 16-13-422-014-0000",1,16-13-422-003-0000 16-13-422-005-0000,16-13-422-003-0000,0,
1.61342E+13,"16-13-422-002-0000, 16-13-422-003-0000 16-13-422-005-0000, 16-13-422-011-0000 thru 16-13-422-014-0000",1,16-13-422-003-0000 16-13-422-005-0000,16-13-422-005-0000,0,
1.61342E+13,"16-13-422-002-0000, 16-13-422-003-0000 16-13-422-005-0000, 16-13-422-011-0000 thru 16-13-422-014-0000",1,16-13-422-011-0000 thru 16-13-422-014-0000,16-13-422-011-0000,0,
1.61342E+13,"16-13-422-002-0000, 16-13-422-003-0000 16-13-422-005-0000, 16-13-422-011-0000 thru 16-13-422-014-0000",1,16-13-422-011-0000 thru 16-13-422-014-0000,16-13-422-014-0000,0,
1.61532E+13,16-15-321-008-0000,0,16-15-321-008-0000,16-15-321-008-0000,0,
1.62422E+13,"16-24-219-001-0000, 16-24-219-002-0000",0,16-24-219-001-0000,16-24-219-001-0000,0,
1.62422E+13,"16-24-219-001-0000, 16-24-219-002-0000",0,16-24-219-002-0000,16-24-219-002-0000,0,
1.62422E+13,"16-24-223-001-0000, 16-24-223-004-0000",0,16-24-223-001-0000,16-24-223-001-0000,0,
1.62422E+13,"16-24-223-001-0000, 16-24-223-004-0000",0,16-24-223-004-0000,16-24-223-004-0000,0,
1.62422E+13,16-24-223-002-0000,0,16-24-223-002-0000,16-24-223-002-0000,0,
1.6244E+13,16-24-403-055-0000,0,16-24-403-055-0000,16-24-403-055-0000,0,
1.6244E+13,16-24-404-003-0000,0,16-24-404-003-0000,16-24-404-003-0000,0,
1.62441E+13,"16-24-409-038-0000, 16-24-409-039-0000",0,16-24-409-038-0000,16-24-409-038-0000,0,
1.62441E+13,"16-24-409-038-0000, 16-24-409-039-0000",0,16-24-409-039-0000,16-24-409-039-0000,0,
1.62441E+13,16-24-409-040-0000,0,16-24-409-040-0000,16-24-409-040-0000,0,
1.62441E+13,16-24-410-001-0000,0,16-24-410-001-0000,16-24-410-001-0000,0,
1.62441E+13,16-24-411-001-0000,0,16-24-411-001-0000,16-24-411-001-0000,0,
1.62443E+13,16-24-426-001-0000,0,16-24-426-001-0000,16-24-426-001-0000,0,
1.62443E+13,16-24-426-002-0000 thru 16-24-426-005-0000,1,16-24-426-002-0000 thru 16-24-426-005-0000,thru,1,
1.62443E+13,16-24-426-002-0000 thru 16-24-426-005-0000,1,16-24-426-002-0000 thru 16-24-426-005-0000,16-24-426-003-0000,1,1
1.62443E+13,16-24-426-002-0000 thru 16-24-426-005-0000,1,16-24-426-002-0000 thru 16-24-426-005-0000,16-24-426-004-0000,1,1
1.62443E+13,16-24-426-002-0000 thru 16-24-426-005-0000,1,16-24-426-002-0000 thru 16-24-426-005-0000,16-24-426-002-0000,0,
1.62443E+13,16-24-426-002-0000 thru 16-24-426-005-0000,1,16-24-426-002-0000 thru 16-24-426-005-0000,16-24-426-005-0000,0,
1.6245E+13,16-24-504-017-0000,0,16-24-504-017-0000,16-24-504-017-0000,0,
1.62521E+13,16-25-214-001-0000 thru 16-25-214-003-0000,1,16-25-214-001-0000 thru 16-25-214-003-0000,16-25-214-002-0000,1,1
1.62521E+13,16-25-214-001-0000 thru 16-25-214-003-0000,1,16-25-214-001-0000 thru 16-25-214-003-0000,thru,1,
1.62521E+13,16-25-214-001-0000 thru 16-25-214-003-0000,1,16-25-214-001-0000 thru 16-25-214-003-0000,16-25-214-001-0000,0,
1.62521E+13,16-25-214-001-0000 thru 16-25-214-003-0000,1,16-25-214-001-0000 thru 16-25-214-003-0000,16-25-214-003-0000,0,
1.62721E+13,16-27-209-003-0000,0,16-27-209-003-0000,16-27-209-003-0000,0,
1.6341E+13,16-34-103-012-0000,0,16-34-103-012-0000,16-34-103-012-0000,0,
1.6342E+13,16-34-200-015-0000,0,16-34-200-015-0000,16-34-200-015-0000,0,
1.63421E+13,16-34-210-002-0000,0,16-34-210-002-0000,16-34-210-002-0000,0,
1.6352E+13,"16-35-200-001-0000, 16-35-200-002-0000",0,16-35-200-001-0000,16-35-200-001-0000,0,
1.6352E+13,"16-35-200-001-0000, 16-35-200-002-0000",0,16-35-200-002-0000,16-35-200-002-0000,0,
1.63541E+13,"16-35-406-003-0000, 16-35-406-026-0000",0,16-35-406-003-0000,16-35-406-003-0000,0,
1.63541E+13,"16-35-406-003-0000, 16-35-406-026-0000",0,16-35-406-026-0000,16-35-406-026-0000,0,
1.6362E+13,"16-36-200-001-0000, 16-36-200-002-0000",0,16-36-200-001-0000,16-36-200-001-0000,0,
1.6362E+13,"16-36-200-001-0000, 16-36-200-002-0000",0,16-36-200-002-0000,16-36-200-002-0000,0,
1.6362E+13,16-36-200-003-0000,0,16-36-200-003-0000,16-36-200-003-0000,0,
1.7032E+13,17-03-202-053-0000,0,17-03-202-053-0000,17-03-202-053-0000,0,
1.70422E+13,17-04-217-044-0000,0,17-04-217-044-0000,17-04-217-044-0000,0,
1.70512E+13,17-05-116-102-0000,0,17-05-116-102-0000,17-05-116-102-0000,0,
1.70521E+13,"17-05-212-001-0000, 17-05-212-002-0000, 17-05-212-003-0000, 17-05-212-004-0000, 17-05-212-005-0000, 17-05-212-006-0000, 17-05-212-007-0000, 17-05-212-008-0000, 17-05-212-009-0000, 17-05-212-010-0000",0,17-05-212-001-0000,17-05-212-001-0000,0,
1.70521E+13,"17-05-212-001-0000, 17-05-212-002-0000, 17-05-212-003-0000, 17-05-212-004-0000, 17-05-212-005-0000, 17-05-212-006-0000, 17-05-212-007-0000, 17-05-212-008-0000, 17-05-212-009-0000, 17-05-212-010-0000",0,17-05-212-002-0000,17-05-212-002-0000,0,
1.70521E+13,"17-05-212-001-0000, 17-05-212-002-0000, 17-05-212-003-0000, 17-05-212-004-0000, 17-05-212-005-0000, 17-05-212-006-0000, 17-05-212-007-0000, 17-05-212-008-0000, 17-05-212-009-0000, 17-05-212-010-0000",0,17-05-212-003-0000,17-05-212-003-0000,0,
1.70521E+13,"17-05-212-001-0000, 17-05-212-002-0000, 17-05-212-003-0000, 17-05-212-004-0000, 17-05-212-005-0000, 17-05-212-006-0000, 17-05-212-007-0000, 17-05-212-008-0000, 17-05-212-009-0000, 17-05-212-010-0000",0,17-05-212-004-0000,17-05-212-004-0000,0,
1.70521E+13,"17-05-212-001-0000, 17-05-212-002-0000, 17-05-212-003-0000, 17-05-212-004-0000, 17-05-212-005-0000, 17-05-212-006-0000, 17-05-212-007-0000, 17-05-212-008-0000, 17-05-212-009-0000, 17-05-212-010-0000",0,17-05-212-005-0000,17-05-212-005-0000,0,
1.70521E+13,"17-05-212-001-0000, 17-05-212-002-0000, 17-05-212-003-0000, 17-05-212-004-0000, 17-05-212-005-0000, 17-05-212-006-0000, 17-05-212-007-0000, 17-05-212-008-0000, 17-05-212-009-0000, 17-05-212-010-0000",0,17-05-212-006-0000,17-05-212-006-0000,0,
1.70521E+13,"17-05-212-001-0000, 17-05-212-002-0000, 17-05-212-003-0000, 17-05-212-004-0000, 17-05-212-005-0000, 17-05-212-006-0000, 17-05-212-007-0000, 17-05-212-008-0000, 17-05-212-009-0000, 17-05-212-010-0000",0,17-05-212-007-0000,17-05-212-007-0000,0,
1.70521E+13,"17-05-212-001-0000, 17-05-212-002-0000, 17-05-212-003-0000, 17-05-212-004-0000, 17-05-212-005-0000, 17-05-212-006-0000, 17-05-212-007-0000, 17-05-212-008-0000, 17-05-212-009-0000, 17-05-212-010-0000",0,17-05-212-008-0000,17-05-212-008-0000,0,
1.70521E+13,"17-05-212-001-0000, 17-05-212-002-0000, 17-05-212-003-0000, 17-05-212-004-0000, 17-05-212-005-0000, 17-05-212-006-0000, 17-05-212-007-0000, 17-05-212-008-0000, 17-05-212-009-0000, 17-05-212-010-0000",0,17-05-212-009-0000,17-05-212-009-0000,0,
1.70521E+13,"17-05-212-001-0000, 17-05-212-002-0000, 17-05-212-003-0000, 17-05-212-004-0000, 17-05-212-005-0000, 17-05-212-006-0000, 17-05-212-007-0000, 17-05-212-008-0000, 17-05-212-009-0000, 17-05-212-010-0000",0,17-05-212-010-0000,17-05-212-010-0000,0,
1.70542E+13,"17-05-415-003-0000, 17-05-415-004-0000",0,17-05-415-003-0000,17-05-415-003-0000,0,
1.70542E+13,"17-05-415-003-0000, 17-05-415-004-0000",0,17-05-415-004-0000,17-05-415-004-0000,0,
1.70542E+13,17-05-415-005-0000,0,17-05-415-005-0000,17-05-415-005-0000,0,
1.70623E+13,17-06-232-052-0000,0,17-06-232-052-0000,17-06-232-052-0000,0,
1.70623E+13,17-06-232-053-0000,0,17-06-232-053-0000,17-06-232-053-0000,0,
1.70623E+13,17-06-232-054-0000,0,17-06-232-054-0000,17-06-232-054-0000,0,
1.7073E+13,17-07-301-050-0000,0,17-07-301-050-0000,17-07-301-050-0000,0,
1.7073E+13,17-07-301-051-0000,0,17-07-301-051-0000,17-07-301-051-0000,0,
1.70731E+13,17-07-312-040-0000 thru 17-07-312-042-0000,1,17-07-312-040-0000 thru 17-07-312-042-0000,17-07-312-041-0000,1,1
1.70731E+13,17-07-312-040-0000 thru 17-07-312-042-0000,1,17-07-312-040-0000 thru 17-07-312-042-0000,thru,1,
1.70731E+13,17-07-312-040-0000 thru 17-07-312-042-0000,1,17-07-312-040-0000 thru 17-07-312-042-0000,17-07-312-040-0000,0,
1.70731E+13,17-07-312-040-0000 thru 17-07-312-042-0000,1,17-07-312-040-0000 thru 17-07-312-042-0000,17-07-312-042-0000,0,
1.70741E+13,"17-07-407-005-0000, 17-07-407-006-0000",0,17-07-407-005-0000,17-07-407-005-0000,0,
1.70741E+13,"17-07-407-005-0000, 17-07-407-006-0000",0,17-07-407-006-0000,17-07-407-006-0000,0,
1.70741E+13,"17-07-412-008-0000, 17-07-412-009-0000, 17-07-412-010-0000, 17-07-412-011-0000",0,17-07-412-008-0000,17-07-412-008-0000,0,
1.70741E+13,"17-07-412-008-0000, 17-07-412-009-0000, 17-07-412-010-0000, 17-07-412-011-0000",0,17-07-412-009-0000,17-07-412-009-0000,0,
1.70741E+13,"17-07-412-008-0000, 17-07-412-009-0000, 17-07-412-010-0000, 17-07-412-011-0000",0,17-07-412-010-0000,17-07-412-010-0000,0,
1.70741E+13,"17-07-412-008-0000, 17-07-412-009-0000, 17-07-412-010-0000, 17-07-412-011-0000",0,17-07-412-011-0000,17-07-412-011-0000,0,
1.70741E+13,"17-07-412-021-0000, 17-07-412-022-0000, 17-07-412-023-0000, 17-07-412-024-0000, 17-07-412-025-0000, 17-07-412-026-0000, 17-07-412-027-0000",0,17-07-412-021-0000,17-07-412-021-0000,0,
1.70741E+13,"17-07-412-021-0000, 17-07-412-022-0000, 17-07-412-023-0000, 17-07-412-024-0000, 17-07-412-025-0000, 17-07-412-026-0000, 17-07-412-027-0000",0,17-07-412-022-0000,17-07-412-022-0000,0,
1.70741E+13,"17-07-412-021-0000, 17-07-412-022-0000, 17-07-412-023-0000, 17-07-412-024-0000, 17-07-412-025-0000, 17-07-412-026-0000, 17-07-412-027-0000",0,17-07-412-023-0000,17-07-412-023-0000,0,
1.70741E+13,"17-07-412-021-0000, 17-07-412-022-0000, 17-07-412-023-0000, 17-07-412-024-0000, 17-07-412-025-0000, 17-07-412-026-0000, 17-07-412-027-0000",0,17-07-412-024-0000,17-07-412-024-0000,0,
1.70741E+13,"17-07-412-021-0000, 17-07-412-022-0000, 17-07-412-023-0000, 17-07-412-024-0000, 17-07-412-025-0000, 17-07-412-026-0000, 17-07-412-027-0000",0,17-07-412-025-0000,17-07-412-025-0000,0,
1.70741E+13,"17-07-412-021-0000, 17-07-412-022-0000, 17-07-412-023-0000, 17-07-412-024-0000, 17-07-412-025-0000, 17-07-412-026-0000, 17-07-412-027-0000",0,17-07-412-026-0000,17-07-412-026-0000,0,
1.70741E+13,"17-07-412-021-0000, 17-07-412-022-0000, 17-07-412-023-0000, 17-07-412-024-0000, 17-07-412-025-0000, 17-07-412-026-0000, 17-07-412-027-0000",0,17-07-412-027-0000,17-07-412-027-0000,0,
1.70831E+13,17-08-310-001-0000,0,17-08-310-001-0000,17-08-310-001-0000,0,
1.70831E+13,17-08-310-002-0000,0,17-08-310-002-0000,17-08-310-002-0000,0,
1.70831E+13,17-08-311-001-0000,0,17-08-311-001-0000,17-08-311-001-0000,0,
1.70831E+13,17-08-311-002-0000,0,17-08-311-002-0000,17-08-311-002-0000,0,
1.70841E+13,17-08-410-015-0000,0,17-08-410-015-0000,17-08-410-015-0000,0,
1.70842E+13,"17-08-420-001-0000, 17-08-420-002-0000",0,17-08-420-001-0000,17-08-420-001-0000,0,
1.70842E+13,"17-08-420-001-0000, 17-08-420-002-0000",0,17-08-420-002-0000,17-08-420-002-0000,0,
1.70842E+13,17-08-423-002-0000,0,17-08-423-002-0000,17-08-423-002-0000,0,
1.70843E+13,17-08-432-002-0000,0,17-08-432-002-0000,17-08-432-002-0000,0,
1.70843E+13,17-08-432-008-0000,0,17-08-432-008-0000,17-08-432-008-0000,0,
1.70843E+13,17-08-432-009-0000,0,17-08-432-009-0000,17-08-432-009-0000,0,
1.70843E+13,17-08-432-010-0000,0,17-08-432-010-0000,17-08-432-010-0000,0,
1.70843E+13,17-08-432-015-0000,0,17-08-432-015-0000,17-08-432-015-0000,0,
1.70844E+13,17-08-440-003-0000,0,17-08-440-003-0000,17-08-440-003-0000,0,
1.7091E+13,17-09-101-006-0000 thru 17-09-101-008-0000,1,17-09-101-006-0000 thru 17-09-101-008-0000,17-09-101-007-0000,1,1
1.7091E+13,17-09-101-006-0000 thru 17-09-101-008-0000,1,17-09-101-006-0000 thru 17-09-101-008-0000,thru,1,
1.7091E+13,17-09-101-006-0000 thru 17-09-101-008-0000,1,17-09-101-006-0000 thru 17-09-101-008-0000,17-09-101-006-0000,0,
1.7091E+13,17-09-101-006-0000 thru 17-09-101-008-0000,1,17-09-101-006-0000 thru 17-09-101-008-0000,17-09-101-008-0000,0,
1.7091E+13,"17-09-101-013-0000, -017",0,-17,-17,1,
1.7091E+13,"17-09-101-013-0000, -017",0,-17,17-09-101-017-0000,1,1
1.7091E+13,"17-09-101-013-0000, -017",0,17-09-101-013-0000,17-09-101-013-0000,0,
1.70923E+13,"17-09-226-008-0000, 17-09-226-014-0000",0,17-09-226-008-0000,17-09-226-008-0000,0,
1.70923E+13,"17-09-226-008-0000, 17-09-226-014-0000",0,17-09-226-014-0000,17-09-226-014-0000,0,
1.70925E+13,17-09-254-009-0000,0,17-09-254-009-0000,17-09-254-009-0000,0,
1.70932E+13,17-09-316-002-0000,0,17-09-316-002-0000,17-09-316-002-0000,0,
1.71013E+13,"17-10-133-004-0000, 17-10-137-003-0000, 17-10-137-004-0000",0,17-10-133-004-0000,17-10-133-004-0000,0,
1.71013E+13,"17-10-133-004-0000, 17-10-137-003-0000, 17-10-137-004-0000",0,17-10-137-003-0000,17-10-137-003-0000,0,
1.71013E+13,"17-10-133-004-0000, 17-10-137-003-0000, 17-10-137-004-0000",0,17-10-137-004-0000,17-10-137-004-0000,0,
1.71014E+13,"17-10-135-042-0000, 17-10-135-043-0000",0,17-10-135-042-0000,17-10-135-042-0000,0,
1.71014E+13,"17-10-135-042-0000, 17-10-135-043-0000",0,17-10-135-043-0000,17-10-135-043-0000,0,
1.71014E+13,"17-10-135-044-0000, 17-10-135-045-0000",0,17-10-135-044-0000,17-10-135-044-0000,0,
1.71014E+13,"17-10-135-044-0000, 17-10-135-045-0000",0,17-10-135-045-0000,17-10-135-045-0000,0,
1.7103E+13,"17-10-301-001-0000, 17-10-301-003-0000",0,17-10-301-001-0000,17-10-301-001-0000,0,
1.7103E+13,"17-10-301-001-0000, 17-10-301-003-0000",0,17-10-301-003-0000,17-10-301-003-0000,0,
1.7103E+13,"17-10-301-006-0000, 17-10-301-007-0000, 17-10-301-008-0000",0,17-10-301-006-0000,17-10-301-006-0000,0,
1.7103E+13,"17-10-301-006-0000, 17-10-301-007-0000, 17-10-301-008-0000",0,17-10-301-007-0000,17-10-301-007-0000,0,
1.7103E+13,"17-10-301-006-0000, 17-10-301-007-0000, 17-10-301-008-0000",0,17-10-301-008-0000,17-10-301-008-0000,0,
1.7103E+13,17-10-303-007-0000,0,17-10-303-007-0000,17-10-303-007-0000,0,
1.71031E+13,"17-10-311-002-0000, 17-10-311-004-0000, 17-10-311-005-0000, 17-10-311-010-0000, 17-10-311-014-0000",0,17-10-311-002-0000,17-10-311-002-0000,0,
1.71031E+13,"17-10-311-002-0000, 17-10-311-004-0000, 17-10-311-005-0000, 17-10-311-010-0000, 17-10-311-014-0000",0,17-10-311-004-0000,17-10-311-004-0000,0,
1.71031E+13,"17-10-311-002-0000, 17-10-311-004-0000, 17-10-311-005-0000, 17-10-311-010-0000, 17-10-311-014-0000",0,17-10-311-005-0000,17-10-311-005-0000,0,
1.71031E+13,"17-10-311-002-0000, 17-10-311-004-0000, 17-10-311-005-0000, 17-10-311-010-0000, 17-10-311-014-0000",0,17-10-311-010-0000,17-10-311-010-0000,0,
1.71031E+13,"17-10-311-002-0000, 17-10-311-004-0000, 17-10-311-005-0000, 17-10-311-010-0000, 17-10-311-014-0000",0,17-10-311-014-0000,17-10-311-014-0000,0,
1.71031E+13,17-10-311-015-0000 thru 17-10-311-050-0000 17-10-311-059-0000,1,17-10-311-015-0000 thru 17-10-311-050-0000 17-10-311-059-0000,thru,1,
1.71031E+13,17-10-311-015-0000 thru 17-10-311-050-0000 17-10-311-059-0000,1,17-10-311-015-0000 thru 17-10-311-050-0000 17-10-311-059-0000,17-10-311-016-0000,1,1
1.71031E+13,17-10-311-015-0000 thru 17-10-311-050-0000 17-10-311-059-0000,1,17-10-311-015-0000 thru 17-10-311-050-0000 17-10-311-059-0000,17-10-311-017-0000,1,1
1.71031E+13,17-10-311-015-0000 thru 17-10-311-050-0000 17-10-311-059-0000,1,17-10-311-015-0000 thru 17-10-311-050-0000 17-10-311-059-0000,17-10-311-019-0000,1,1
1.71031E+13,17-10-311-015-0000 thru 17-10-311-050-0000 17-10-311-059-0000,1,17-10-311-015-0000 thru 17-10-311-050-0000 17-10-311-059-0000,17-10-311-020-0000,1,1
1.71031E+13,17-10-311-015-0000 thru 17-10-311-050-0000 17-10-311-059-0000,1,17-10-311-015-0000 thru 17-10-311-050-0000 17-10-311-059-0000,17-10-311-021-0000,1,1
1.71031E+13,17-10-311-015-0000 thru 17-10-311-050-0000 17-10-311-059-0000,1,17-10-311-015-0000 thru 17-10-311-050-0000 17-10-311-059-0000,17-10-311-022-0000,1,1
1.71031E+13,17-10-311-015-0000 thru 17-10-311-050-0000 17-10-311-059-0000,1,17-10-311-015-0000 thru 17-10-311-050-0000 17-10-311-059-0000,17-10-311-023-0000,1,1
1.71031E+13,17-10-311-015-0000 thru 17-10-311-050-0000 17-10-311-059-0000,1,17-10-311-015-0000 thru 17-10-311-050-0000 17-10-311-059-0000,17-10-311-024-0000,1,1
1.71031E+13,17-10-311-015-0000 thru 17-10-311-050-0000 17-10-311-059-0000,1,17-10-311-015-0000 thru 17-10-311-050-0000 17-10-311-059-0000,17-10-311-025-0000,1,1
1.71031E+13,17-10-311-015-0000 thru 17-10-311-050-0000 17-10-311-059-0000,1,17-10-311-015-0000 thru 17-10-311-050-0000 17-10-311-059-0000,17-10-311-026-0000,1,1
1.71031E+13,17-10-311-015-0000 thru 17-10-311-050-0000 17-10-311-059-0000,1,17-10-311-015-0000 thru 17-10-311-050-0000 17-10-311-059-0000,17-10-311-027-0000,1,1
1.71031E+13,17-10-311-015-0000 thru 17-10-311-050-0000 17-10-311-059-0000,1,17-10-311-015-0000 thru 17-10-311-050-0000 17-10-311-059-0000,17-10-311-028-0000,1,1
1.71031E+13,17-10-311-015-0000 thru 17-10-311-050-0000 17-10-311-059-0000,1,17-10-311-015-0000 thru 17-10-311-050-0000 17-10-311-059-0000,17-10-311-029-0000,1,1
1.71031E+13,17-10-311-015-0000 thru 17-10-311-050-0000 17-10-311-059-0000,1,17-10-311-015-0000 thru 17-10-311-050-0000 17-10-311-059-0000,17-10-311-030-0000,1,1
1.71031E+13,17-10-311-015-0000 thru 17-10-311-050-0000 17-10-311-059-0000,1,17-10-311-015-0000 thru 17-10-311-050-0000 17-10-311-059-0000,17-10-311-031-0000,1,1
1.71031E+13,17-10-311-015-0000 thru 17-10-311-050-0000 17-10-311-059-0000,1,17-10-311-015-0000 thru 17-10-311-050-0000 17-10-311-059-0000,17-10-311-032-0000,1,1
1.71031E+13,17-10-311-015-0000 thru 17-10-311-050-0000 17-10-311-059-0000,1,17-10-311-015-0000 thru 17-10-311-050-0000 17-10-311-059-0000,17-10-311-033-0000,1,1
1.71031E+13,17-10-311-015-0000 thru 17-10-311-050-0000 17-10-311-059-0000,1,17-10-311-015-0000 thru 17-10-311-050-0000 17-10-311-059-0000,17-10-311-034-0000,1,1
1.71031E+13,17-10-311-015-0000 thru 17-10-311-050-0000 17-10-311-059-0000,1,17-10-311-015-0000 thru 17-10-311-050-0000 17-10-311-059-0000,17-10-311-035-0000,1,1
1.71031E+13,17-10-311-015-0000 thru 17-10-311-050-0000 17-10-311-059-0000,1,17-10-311-015-0000 thru 17-10-311-050-0000 17-10-311-059-0000,17-10-311-036-0000,1,1
1.71031E+13,17-10-311-015-0000 thru 17-10-311-050-0000 17-10-311-059-0000,1,17-10-311-015-0000 thru 17-10-311-050-0000 17-10-311-059-0000,17-10-311-037-0000,1,1
1.71031E+13,17-10-311-015-0000 thru 17-10-311-050-0000 17-10-311-059-0000,1,17-10-311-015-0000 thru 17-10-311-050-0000 17-10-311-059-0000,17-10-311-038-0000,1,1
1.71031E+13,17-10-311-015-0000 thru 17-10-311-050-0000 17-10-311-059-0000,1,17-10-311-015-0000 thru 17-10-311-050-0000 17-10-311-059-0000,17-10-311-039-0000,1,1
1.71031E+13,17-10-311-015-0000 thru 17-10-311-050-0000 17-10-311-059-0000,1,17-10-311-015-0000 thru 17-10-311-050-0000 17-10-311-059-0000,17-10-311-040-0000,1,1
1.71031E+13,17-10-311-015-0000 thru 17-10-311-050-0000 17-10-311-059-0000,1,17-10-311-015-0000 thru 17-10-311-050-0000 17-10-311-059-0000,17-10-311-041-0000,1,1
1.71031E+13,17-10-311-015-0000 thru 17-10-311-050-0000 17-10-311-059-0000,1,17-10-311-015-0000 thru 17-10-311-050-0000 17-10-311-059-0000,17-10-311-042-0000,1,1
1.71031E+13,17-10-311-015-0000 thru 17-10-311-050-0000 17-10-311-059-0000,1,17-10-311-015-0000 thru 17-10-311-050-0000 17-10-311-059-0000,17-10-311-043-0000,1,1
1.71031E+13,17-10-311-015-0000 thru 17-10-311-050-0000 17-10-311-059-0000,1,17-10-311-015-0000 thru 17-10-311-050-0000 17-10-311-059-0000,17-10-311-044-0000,1,1
1.71031E+13,17-10-311-015-0000 thru 17-10-311-050-0000 17-10-311-059-0000,1,17-10-311-015-0000 thru 17-10-311-050-0000 17-10-311-059-0000,17-10-311-045-0000,1,1
1.71031E+13,17-10-311-015-0000 thru 17-10-311-050-0000 17-10-311-059-0000,1,17-10-311-015-0000 thru 17-10-311-050-0000 17-10-311-059-0000,17-10-311-046-0000,1,1
1.71031E+13,17-10-311-015-0000 thru 17-10-311-050-0000 17-10-311-059-0000,1,17-10-311-015-0000 thru 17-10-311-050-0000 17-10-311-059-0000,17-10-311-047-0000,1,1
1.71031E+13,17-10-311-015-0000 thru 17-10-311-050-0000 17-10-311-059-0000,1,17-10-311-015-0000 thru 17-10-311-050-0000 17-10-311-059-0000,17-10-311-048-0000,1,1
1.71031E+13,17-10-311-015-0000 thru 17-10-311-050-0000 17-10-311-059-0000,1,17-10-311-015-0000 thru 17-10-311-050-0000 17-10-311-059-0000,17-10-311-049-0000,1,1
1.71031E+13,17-10-311-015-0000 thru 17-10-311-050-0000 17-10-311-059-0000,1,17-10-311-015-0000 thru 17-10-311-050-0000 17-10-311-059-0000,17-10-311-015-0000,0,
1.71031E+13,17-10-311-015-0000 thru 17-10-311-050-0000 17-10-311-059-0000,1,17-10-311-015-0000 thru 17-10-311-050-0000 17-10-311-059-0000,17-10-311-050-0000,0,
1.71031E+13,17-10-311-015-0000 thru 17-10-311-050-0000 17-10-311-059-0000,1,17-10-311-015-0000 thru 17-10-311-050-0000 17-10-311-059-0000,17-10-311-059-0000,0,
1.7151E+13,"17-15-101-008-0000, 17-15-101-010-0000",0,17-15-101-008-0000,17-15-101-008-0000,0,
1.7151E+13,"17-15-101-008-0000, 17-15-101-010-0000",0,17-15-101-010-0000,17-15-101-010-0000,0,
1.7151E+13,"17-15-102-014-0000, 17-15-102-015-0000, 17-15-102-016-0000, 17-15-102-017-0000, 17-15-102-023-0000",0,17-15-102-014-0000,17-15-102-014-0000,0,
1.7151E+13,"17-15-102-014-0000, 17-15-102-015-0000, 17-15-102-016-0000, 17-15-102-017-0000, 17-15-102-023-0000",0,17-15-102-015-0000,17-15-102-015-0000,0,
1.7151E+13,"17-15-102-014-0000, 17-15-102-015-0000, 17-15-102-016-0000, 17-15-102-017-0000, 17-15-102-023-0000",0,17-15-102-016-0000,17-15-102-016-0000,0,
1.7151E+13,"17-15-102-014-0000, 17-15-102-015-0000, 17-15-102-016-0000, 17-15-102-017-0000, 17-15-102-023-0000",0,17-15-102-017-0000,17-15-102-017-0000,0,
1.7151E+13,"17-15-102-014-0000, 17-15-102-015-0000, 17-15-102-016-0000, 17-15-102-017-0000, 17-15-102-023-0000",0,17-15-102-023-0000,17-15-102-023-0000,0,
1.7151E+13,"17-15-102-018-0000, 17-15-102-019-0000, 17-15-102-020-0000, 17-15-102-021-0000, 17-15-102-022-0000",0,17-15-102-018-0000,17-15-102-018-0000,0,
1.7151E+13,"17-15-102-018-0000, 17-15-102-019-0000, 17-15-102-020-0000, 17-15-102-021-0000, 17-15-102-022-0000",0,17-15-102-019-0000,17-15-102-019-0000,0,
1.7151E+13,"17-15-102-018-0000, 17-15-102-019-0000, 17-15-102-020-0000, 17-15-102-021-0000, 17-15-102-022-0000",0,17-15-102-020-0000,17-15-102-020-0000,0,
1.7151E+13,"17-15-102-018-0000, 17-15-102-019-0000, 17-15-102-020-0000, 17-15-102-021-0000, 17-15-102-022-0000",0,17-15-102-021-0000,17-15-102-021-0000,0,
1.7151E+13,"17-15-102-018-0000, 17-15-102-019-0000, 17-15-102-020-0000, 17-15-102-021-0000, 17-15-102-022-0000",0,17-15-102-022-0000,17-15-102-022-0000,0,
1.7162E+13,"17-16-204-035-0000, 17-16-204-036-0000",0,17-16-204-035-0000,17-16-204-035-0000,0,
1.7162E+13,"17-16-204-035-0000, 17-16-204-036-0000",0,17-16-204-036-0000,17-16-204-036-0000,0,
1.7162E+13,"17-16-204-037-0000, 17-16-204-043-0000",0,17-16-204-037-0000,17-16-204-037-0000,0,
1.7162E+13,"17-16-204-037-0000, 17-16-204-043-0000",0,17-16-204-043-0000,17-16-204-043-0000,0,
1.7162E+13,17-16-204-042-0000,0,17-16-204-042-0000,17-16-204-042-0000,0,
1.71621E+13,17-16-206-017-0000,0,17-16-206-017-0000,17-16-206-017-0000,0,
1.71621E+13,17-16-208-015-0000,0,17-16-208-015-0000,17-16-208-015-0000,0,
1.71622E+13,"17-16-220-003-0000, 17-16-220-004-0000, 17-16-220-005-0000, 17-16-220-006-0000, 17-16-220-007-0000, 17-16-220-008-0000",0,17-16-220-003-0000,17-16-220-003-0000,0,
1.71622E+13,"17-16-220-003-0000, 17-16-220-004-0000, 17-16-220-005-0000, 17-16-220-006-0000, 17-16-220-007-0000, 17-16-220-008-0000",0,17-16-220-004-0000,17-16-220-004-0000,0,
1.71622E+13,"17-16-220-003-0000, 17-16-220-004-0000, 17-16-220-005-0000, 17-16-220-006-0000, 17-16-220-007-0000, 17-16-220-008-0000",0,17-16-220-005-0000,17-16-220-005-0000,0,
1.71622E+13,"17-16-220-003-0000, 17-16-220-004-0000, 17-16-220-005-0000, 17-16-220-006-0000, 17-16-220-007-0000, 17-16-220-008-0000",0,17-16-220-006-0000,17-16-220-006-0000,0,
1.71622E+13,"17-16-220-003-0000, 17-16-220-004-0000, 17-16-220-005-0000, 17-16-220-006-0000, 17-16-220-007-0000, 17-16-220-008-0000",0,17-16-220-007-0000,17-16-220-007-0000,0,
1.71622E+13,"17-16-220-003-0000, 17-16-220-004-0000, 17-16-220-005-0000, 17-16-220-006-0000, 17-16-220-007-0000, 17-16-220-008-0000",0,17-16-220-008-0000,17-16-220-008-0000,0,
1.71622E+13,"17-16-220-009-0000, 17-16-220-010-0000, 17-16-220-014-0000, 17-16-220-016-0000, 17-16-220-017-0000, 17-16-220-019-0000",0,17-16-220-009-0000,17-16-220-009-0000,0,
1.71622E+13,"17-16-220-009-0000, 17-16-220-010-0000, 17-16-220-014-0000, 17-16-220-016-0000, 17-16-220-017-0000, 17-16-220-019-0000",0,17-16-220-010-0000,17-16-220-010-0000,0,
1.71622E+13,"17-16-220-009-0000, 17-16-220-010-0000, 17-16-220-014-0000, 17-16-220-016-0000, 17-16-220-017-0000, 17-16-220-019-0000",0,17-16-220-014-0000,17-16-220-014-0000,0,
1.71622E+13,"17-16-220-009-0000, 17-16-220-010-0000, 17-16-220-014-0000, 17-16-220-016-0000, 17-16-220-017-0000, 17-16-220-019-0000",0,17-16-220-016-0000,17-16-220-016-0000,0,
1.71622E+13,"17-16-220-009-0000, 17-16-220-010-0000, 17-16-220-014-0000, 17-16-220-016-0000, 17-16-220-017-0000, 17-16-220-019-0000",0,17-16-220-017-0000,17-16-220-017-0000,0,
1.71622E+13,"17-16-220-009-0000, 17-16-220-010-0000, 17-16-220-014-0000, 17-16-220-016-0000, 17-16-220-017-0000, 17-16-220-019-0000",0,17-16-220-019-0000,17-16-220-019-0000,0,
1.71622E+13,17-16-220-018-0000,0,17-16-220-018-0000,17-16-220-018-0000,0,
1.71633E+13,"17-16-325-019-0000, 17-16-333-029-0000, 17-16-333-035-0000, 17-16-333-036-0000",0,17-16-325-019-0000,17-16-325-019-0000,0,
1.71633E+13,"17-16-325-019-0000, 17-16-333-029-0000, 17-16-333-035-0000, 17-16-333-036-0000",0,17-16-333-029-0000,17-16-333-029-0000,0,
1.71633E+13,"17-16-325-019-0000, 17-16-333-029-0000, 17-16-333-035-0000, 17-16-333-036-0000",0,17-16-333-035-0000,17-16-333-035-0000,0,
1.71633E+13,"17-16-325-019-0000, 17-16-333-029-0000, 17-16-333-035-0000, 17-16-333-036-0000",0,17-16-333-036-0000,17-16-333-036-0000,0,
1.7172E+13,"17-17-203-012-0000, 17-17-203-013-0000",0,17-17-203-012-0000,17-17-203-012-0000,0,
1.7172E+13,"17-17-203-012-0000, 17-17-203-013-0000",0,17-17-203-013-0000,17-17-203-013-0000,0,
1.72044E+13,17-20-440-008-0000,0,17-20-440-008-0000,17-20-440-008-0000,0,
1.72131E+13,"17-21-307-084-0000, 17-21-307-092-0000,, 17-21-307-093-0000",0,17-21-307-084-0000,17-21-307-084-0000,0,
1.72131E+13,"17-21-307-084-0000, 17-21-307-092-0000,, 17-21-307-093-0000",0,17-21-307-092-0000,17-21-307-092-0000,0,
1.72131E+13,"17-21-307-084-0000, 17-21-307-092-0000,, 17-21-307-093-0000",0,17-21-307-093-0000,17-21-307-093-0000,0,
1.72131E+13,17-21-307-087-0000,0,17-21-307-087-0000,17-21-307-087-0000,0,
1.72133E+13,17-21-327-012-0000,0,17-21-327-012-0000,17-21-327-012-0000,0,
1.7292E+13,"17-29-202-004-0000, 005, 006, 040, 044, 17-29-203-022-0000",0,5,17-29-202-005-0000,1,1
1.7292E+13,"17-29-202-004-0000, 005, 006, 040, 044, 17-29-203-022-0000",0,6,17-29-202-005-0000,1,1
1.7292E+13,"17-29-202-004-0000, 005, 006, 040, 044, 17-29-203-022-0000",0,40,17-29-202-040-0000,1,1
1.7292E+13,"17-29-202-004-0000, 005, 006, 040, 044, 17-29-203-022-0000",0,44,17-29-202-044-0000,1,1
1.7292E+13,"17-29-202-004-0000, 005, 006, 040, 044, 17-29-203-022-0000",0,17-29-202-004-0000,17-29-202-004-0000,0,
1.7292E+13,"17-29-202-004-0000, 005, 006, 040, 044, 17-29-203-022-0000",0,17-29-203-022-0000,17-29-203-022-0000,0,
1.7292E+13,"17-29-202-010-0000 thru -013, 17-29-202-029-0000 thru -032, -034 -041, -045.",1,17-29-202-010-0000 thru -013,17-29-202-011-0000,1,1
1.7292E+13,"17-29-202-010-0000 thru -013, 17-29-202-029-0000 thru -032, -034 -041, -045.",1,17-29-202-010-0000 thru -013,17-29-202-012-0000,1,1
1.7292E+13,"17-29-202-010-0000 thru -013, 17-29-202-029-0000 thru -032, -034 -041, -045.",1,17-29-202-010-0000 thru -013,17-29-202-013-0000,1,1
1.7292E+13,"17-29-202-010-0000 thru -013, 17-29-202-029-0000 thru -032, -034 -041, -045.",1,17-29-202-029-0000 thru -032,17-29-202-030-0000,1,1
1.7292E+13,"17-29-202-010-0000 thru -013, 17-29-202-029-0000 thru -032, -034 -041, -045.",1,17-29-202-029-0000 thru -032,17-29-202-031-0000,1,1
1.7292E+13,"17-29-202-010-0000 thru -013, 17-29-202-029-0000 thru -032, -034 -041, -045.",1,17-29-202-029-0000 thru -032,17-29-202-032-0000,1,1
1.7292E+13,"17-29-202-010-0000 thru -013, 17-29-202-029-0000 thru -032, -034 -041, -045.",1,-75,17-29-202-034-0000,1,1
1.7292E+13,"17-29-202-010-0000 thru -013, 17-29-202-029-0000 thru -032, -034 -041, -045.",1,-75,17-29-202-041-0000,1,1
1.7292E+13,"17-29-202-010-0000 thru -013, 17-29-202-029-0000 thru -032, -034 -041, -045.",1,-45,17-29-202-045-0000,1,1
1.7292E+13,"17-29-202-010-0000 thru -013, 17-29-202-029-0000 thru -032, -034 -041, -045.",1,17-29-202-010-0000 thru -013,17-29-202-010-0000,0,
1.7292E+13,"17-29-202-010-0000 thru -013, 17-29-202-029-0000 thru -032, -034 -041, -045.",1,17-29-202-029-0000 thru -032,17-29-202-029-0000,0,
1.73021E+13,"17-30-208-005-0000, 17-30-208-006-0000",0,17-30-208-005-0000,17-30-208-005-0000,0,
1.73021E+13,"17-30-208-005-0000, 17-30-208-006-0000",0,17-30-208-006-0000,17-30-208-006-0000,0,
1.73021E+13,"17-30-209-013-0000, 17-30-209-014-0000",0,17-30-209-013-0000,17-30-209-013-0000,0,
1.73021E+13,"17-30-209-013-0000, 17-30-209-014-0000",0,17-30-209-014-0000,17-30-209-014-0000,0,
1.73021E+13,"17-30-210-017-0000, 17-30-210-027-0000",0,17-30-210-017-0000,17-30-210-017-0000,0,
1.73021E+13,"17-30-210-017-0000, 17-30-210-027-0000",0,17-30-210-027-0000,17-30-210-027-0000,0,
1.7303E+13,"17-30-300-036-0000 thru 17-30-300-039-0000, 17-30-300-042-0000 17-30-300-043-0000",1,17-30-300-036-0000 thru 17-30-300-039-0000,17-30-300-037-000,1,1
1.7303E+13,"17-30-300-036-0000 thru 17-30-300-039-0000, 17-30-300-042-0000 17-30-300-043-0000",1,17-30-300-036-0000 thru 17-30-300-039-0000,17-30-300-038-000,1,1
1.7303E+13,"17-30-300-036-0000 thru 17-30-300-039-0000, 17-30-300-042-0000 17-30-300-043-0000",1,17-30-300-036-0000 thru 17-30-300-039-0000,thru,1,1
1.7303E+13,"17-30-300-036-0000 thru 17-30-300-039-0000, 17-30-300-042-0000 17-30-300-043-0000",1,17-30-300-036-0000 thru 17-30-300-039-0000,17-30-300-036-0000,0,
1.7303E+13,"17-30-300-036-0000 thru 17-30-300-039-0000, 17-30-300-042-0000 17-30-300-043-0000",1,17-30-300-036-0000 thru 17-30-300-039-0000,17-30-300-039-0000,0,
1.7303E+13,"17-30-300-036-0000 thru 17-30-300-039-0000, 17-30-300-042-0000 17-30-300-043-0000",1,17-30-300-042-0000 17-30-300-043-0000,17-30-300-042-0000,0,
1.7303E+13,"17-30-300-036-0000 thru 17-30-300-039-0000, 17-30-300-042-0000 17-30-300-043-0000",1,17-30-300-042-0000 17-30-300-043-0000,17-30-300-043-0000,0,
1.7303E+13,17-30-300-064-0000,0,17-30-300-064-0000,17-30-300-064-0000,0,
1.7304E+13,"17-30-400-020-0000, 17-30-401-023-0000",0,17-30-400-020-0000,17-30-400-020-0000,0,
1.7304E+13,"17-30-400-020-0000, 17-30-401-023-0000",0,17-30-401-023-0000,17-30-401-023-0000,0,
1.7304E+13,"17-30-401-023-0000, 17-30-400-020-0000",0,17-30-401-023-0000,17-30-401-023-0000,0,
1.7304E+13,"17-30-401-023-0000, 17-30-400-020-0000",0,17-30-400-020-0000,17-30-400-020-0000,0,
1.7311E+13,"17-31-101-016-0000, 17-31-108-028-0000",0,17-31-101-016-0000,17-31-101-016-0000,0,
1.7311E+13,"17-31-101-016-0000, 17-31-108-028-0000",0,17-31-108-028-0000,17-31-108-028-0000,0,
1.73131E+13,"17-31-310-011-0000, 17-31-310-012-0000, 17-31-310-013-0000",0,17-31-310-011-0000,17-31-310-011-0000,0,
1.73131E+13,"17-31-310-011-0000, 17-31-310-012-0000, 17-31-310-013-0000",0,17-31-310-012-0000,17-31-310-012-0000,0,
1.73131E+13,"17-31-310-011-0000, 17-31-310-012-0000, 17-31-310-013-0000",0,17-31-310-013-0000,17-31-310-013-0000,0,
1.73141E+13,17-31-405-003-0000,0,17-31-405-003-0000,17-31-405-003-0000,0,
1.73223E+13,17-32-225-041-0000,0,17-32-225-041-0000,17-32-225-041-0000,0,
1.73242E+13,17-32-421-007-0000,0,17-32-421-007-0000,17-32-421-007-0000,0,
1.80132E+13,"18-01-322-009-0000, 18-01-322-010-0000",0,18-01-322-009-0000,18-01-322-009-0000,0,
1.80132E+13,"18-01-322-009-0000, 18-01-322-010-0000",0,18-01-322-010-0000,18-01-322-010-0000,0,
1.8042E+13,"18-04-200-017-0000, 18-04-200-036-0000, 18-04-200-037-0000",0,18-04-200-017-0000,18-04-200-017-0000,0,
1.8042E+13,"18-04-200-017-0000, 18-04-200-036-0000, 18-04-200-037-0000",0,18-04-200-036-0000,18-04-200-036-0000,0,
1.8042E+13,"18-04-200-017-0000, 18-04-200-036-0000, 18-04-200-037-0000",0,18-04-200-037-0000,18-04-200-037-0000,0,
1.80942E+13,"18-09-416-034-0000, 18-09-416-035-0000",0,18-09-416-034-0000,18-09-416-034-0000,0,
1.80942E+13,"18-09-416-034-0000, 18-09-416-035-0000",0,18-09-416-035-0000,18-09-416-035-0000,0,
1.80942E+13,"18-09-417-001-0000, 18-09-417-002-0000",0,18-09-417-001-0000,18-09-417-001-0000,0,
1.80942E+13,"18-09-417-001-0000, 18-09-417-002-0000",0,18-09-417-002-0000,18-09-417-002-0000,0,
1.80942E+13,"18-09-418-004-0000, 18-09-418-005-0000, 18-09-418-007-0000",0,18-09-418-004-0000,18-09-418-004-0000,0,
1.80942E+13,"18-09-418-004-0000, 18-09-418-005-0000, 18-09-418-007-0000",0,18-09-418-005-0000,18-09-418-005-0000,0,
1.80942E+13,"18-09-418-004-0000, 18-09-418-005-0000, 18-09-418-007-0000",0,18-09-418-007-0000,18-09-418-007-0000,0,
1.8102E+13,"18-10-200-023-0000, 18-11-136-005-0000",0,18-10-200-023-0000,18-10-200-023-0000,0,
1.8102E+13,"18-10-200-023-0000, 18-11-136-005-0000",0,18-11-136-005-0000,18-11-136-005-0000,0,
1.8102E+13,"18-10-203-005-0000, 18-11-134-003-0000",0,18-10-203-005-0000,18-10-203-005-0000,0,
1.8102E+13,"18-10-203-005-0000, 18-11-134-003-0000",0,18-11-134-003-0000,18-11-134-003-0000,0,
1.8103E+13,"18-10-300-017-0000, 18-10-300-018-0000",0,18-10-300-017-0000,18-10-300-017-0000,0,
1.8103E+13,"18-10-300-017-0000, 18-10-300-018-0000",0,18-10-300-018-0000,18-10-300-018-0000,0,
1.81321E+13,18-13-207-019-0000,0,18-13-207-019-0000,18-13-207-019-0000,0,
1.8193E+13,"18-19-300-026-0000, 18-19-300-029-0000",0,18-19-300-026-0000,18-19-300-026-0000,0,
1.8193E+13,"18-19-300-026-0000, 18-19-300-029-0000",0,18-19-300-029-0000,18-19-300-029-0000,0,
1.8222E+13,"18-22-200-011-0000, 18-22-200-012-0000, 18-22-200-015-0000, 18-22-200-028-0000, 18-22-200-029-0000",0,18-22-200-011-0000,18-22-200-011-0000,0,
1.8222E+13,"18-22-200-011-0000, 18-22-200-012-0000, 18-22-200-015-0000, 18-22-200-028-0000, 18-22-200-029-0000",0,18-22-200-012-0000,18-22-200-012-0000,0,
1.8222E+13,"18-22-200-011-0000, 18-22-200-012-0000, 18-22-200-015-0000, 18-22-200-028-0000, 18-22-200-029-0000",0,18-22-200-015-0000,18-22-200-015-0000,0,
1.8222E+13,"18-22-200-011-0000, 18-22-200-012-0000, 18-22-200-015-0000, 18-22-200-028-0000, 18-22-200-029-0000",0,18-22-200-028-0000,18-22-200-028-0000,0,
1.8222E+13,"18-22-200-011-0000, 18-22-200-012-0000, 18-22-200-015-0000, 18-22-200-028-0000, 18-22-200-029-0000",0,18-22-200-029-0000,18-22-200-029-0000,0,
1.8233E+13,"18-23-302-007-0000, 18-23-302-017-0000",0,18-23-302-007-0000,18-23-302-007-0000,0,
1.8233E+13,"18-23-302-007-0000, 18-23-302-017-0000",0,18-23-302-017-0000,18-23-302-017-0000,0,
1.8282E+13,"18-28-200-022-0000, 18-28-203-001-0000",0,18-28-200-022-0000,18-28-200-022-0000,0,
1.8282E+13,"18-28-200-022-0000, 18-28-203-001-0000",0,18-28-203-001-0000,18-28-203-001-0000,0,
1.8283E+13,"18-28-300-068-0000, 18-28-400-013-0000",0,18-28-300-068-0000,18-28-300-068-0000,0,
1.8283E+13,"18-28-300-068-0000, 18-28-400-013-0000",0,18-28-400-013-0000,18-28-400-013-0000,0,
1.9023E+13,"19-02-301-003-0000, 19-02-301-009-0000",0,19-02-301-003-0000,19-02-301-003-0000,0,
1.9023E+13,"19-02-301-003-0000, 19-02-301-009-0000",0,19-02-301-009-0000,19-02-301-009-0000,0,
1.9023E+13,19-02-301-008-0000,0,19-02-301-008-0000,19-02-301-008-0000,0,
1.9023E+13,19-02-303-036-0000,0,19-02-303-036-0000,19-02-303-036-0000,0,
1.90231E+13,19-02-314-005-0000,0,19-02-314-005-0000,19-02-314-005-0000,0,
1.9032E+13,19-03-200-031-0000,0,19-03-200-031-0000,19-03-200-031-0000,0,
1.9032E+13,19-03-200-032-0000,0,19-03-200-032-0000,19-03-200-032-0000,0,
1.9032E+13,19-03-201-018-0000,0,19-03-201-018-0000,19-03-201-018-0000,0,
1.9032E+13,19-03-201-019-0000,0,19-03-201-019-0000,19-03-201-019-0000,0,
1.9032E+13,19-03-201-044-0000,0,19-03-201-044-0000,19-03-201-044-0000,0,
1.9034E+13,"19-03-400-216-0000, 19-03-400-217-0000",0,19-03-400-216-0000,19-03-400-216-0000,0,
1.9034E+13,"19-03-400-216-0000, 19-03-400-217-0000",0,19-03-400-217-0000,19-03-400-217-0000,0,
1.9072E+13,"19-07-201-016-0000, 19-07-201-017-0000",0,19-07-201-016-0000,19-07-201-016-0000,0,
1.9072E+13,"19-07-201-016-0000, 19-07-201-017-0000",0,19-07-201-017-0000,19-07-201-017-0000,0,
1.9082E+13,"19-08-202-003-0000, 19-08-202-020-0000, 19-08-202-044-0000, 19-08-202-052-0000, 19-08-203-041-0000, 19-08-203-042-0000",0,19-08-202-003-0000,19-08-202-003-0000,0,
1.9082E+13,"19-08-202-003-0000, 19-08-202-020-0000, 19-08-202-044-0000, 19-08-202-052-0000, 19-08-203-041-0000, 19-08-203-042-0000",0,19-08-202-020-0000,19-08-202-020-0000,0,
1.9082E+13,"19-08-202-003-0000, 19-08-202-020-0000, 19-08-202-044-0000, 19-08-202-052-0000, 19-08-203-041-0000, 19-08-203-042-0000",0,19-08-202-044-0000,19-08-202-044-0000,0,
1.9082E+13,"19-08-202-003-0000, 19-08-202-020-0000, 19-08-202-044-0000, 19-08-202-052-0000, 19-08-203-041-0000, 19-08-203-042-0000",0,19-08-202-052-0000,19-08-202-052-0000,0,
1.9082E+13,"19-08-202-003-0000, 19-08-202-020-0000, 19-08-202-044-0000, 19-08-202-052-0000, 19-08-203-041-0000, 19-08-203-042-0000",0,19-08-203-041-0000,19-08-203-041-0000,0,
1.9082E+13,"19-08-202-003-0000, 19-08-202-020-0000, 19-08-202-044-0000, 19-08-202-052-0000, 19-08-203-041-0000, 19-08-203-042-0000",0,19-08-203-042-0000,19-08-203-042-0000,0,
1.9082E+13,"19-08-203-026-0000, 19-08-203-043-0000",0,19-08-203-026-0000,19-08-203-026-0000,0,
1.9082E+13,"19-08-203-026-0000, 19-08-203-043-0000",0,19-08-203-043-0000,19-08-203-043-0000,0,
1.9112E+13,"19-11-202-012-0000, 19-11-202-017-0000",0,19-11-202-012-0000,19-11-202-012-0000,0,
1.9112E+13,"19-11-202-012-0000, 19-11-202-017-0000",0,19-11-202-017-0000,19-11-202-017-0000,0,
1.9112E+13,19-11-202-019-0000,0,19-11-202-019-0000,19-11-202-019-0000,0,
1.9112E+13,19-11-202-023-0000,0,19-11-202-023-0000,19-11-202-023-0000,0,
1.9114E+13,19-11-400-011-0000,0,19-11-400-011-0000,19-11-400-011-0000,0,
1.9121E+13,19-12-101-059-0000,0,19-12-101-059-0000,19-12-101-059-0000,0,
1.9183E+13,19-18-303-007-0000,0,19-18-303-007-0000,19-18-303-007-0000,0,
1.91912E+13,"19-19-116-032-0000, 19-19-116-040-0000, 19-19-116-044-0000",0,19-19-116-032-0000,19-19-116-032-0000,0,
1.91912E+13,"19-19-116-032-0000, 19-19-116-040-0000, 19-19-116-044-0000",0,19-19-116-040-0000,19-19-116-040-0000,0,
1.91912E+13,"19-19-116-032-0000, 19-19-116-040-0000, 19-19-116-044-0000",0,19-19-116-044-0000,19-19-116-044-0000,0,
1.91912E+13,"19-19-116-038-0000, 19-19-116-047-0000",0,19-19-116-038-0000,19-19-116-038-0000,0,
1.91912E+13,"19-19-116-038-0000, 19-19-116-047-0000",0,19-19-116-047-0000,19-19-116-047-0000,0,
1.91912E+13,"19-19-116-056-0000, 19-19-301-005-0000",0,19-19-116-056-0000,19-19-116-056-0000,0,
1.91912E+13,"19-19-116-056-0000, 19-19-301-005-0000",0,19-19-301-005-0000,19-19-301-005-0000,0,
1.91912E+13,"19-19-116-060-0000, 19-19-117-073-0000, 19-19-301-010-0000",0,19-19-116-060-0000,19-19-116-060-0000,0,
1.91912E+13,"19-19-116-060-0000, 19-19-117-073-0000, 19-19-301-010-0000",0,19-19-117-073-0000,19-19-117-073-0000,0,
1.91912E+13,"19-19-116-060-0000, 19-19-117-073-0000, 19-19-301-010-0000",0,19-19-301-010-0000,19-19-301-010-0000,0,
1.91912E+13,"19-19-117-013-0000, 19-19-117-053-0000",0,19-19-117-013-0000,19-19-117-013-0000,0,
1.91912E+13,"19-19-117-013-0000, 19-19-117-053-0000",0,19-19-117-053-0000,19-19-117-053-0000,0,
1.91922E+13,"19-19-216-016-0000, 19-19-217-037-0000, 19-19-217-058-0000",0,19-19-216-016-0000,19-19-216-016-0000,0,
1.91922E+13,"19-19-216-016-0000, 19-19-217-037-0000, 19-19-217-058-0000",0,19-19-217-037-0000,19-19-217-037-0000,0,
1.91922E+13,"19-19-216-016-0000, 19-19-217-037-0000, 19-19-217-058-0000",0,19-19-217-058-0000,19-19-217-058-0000,0,
1.9193E+13,"19-19-301-007-0000, 19-19-301-018-0000",0,19-19-301-007-0000,19-19-301-007-0000,0,
1.9193E+13,"19-19-301-007-0000, 19-19-301-018-0000",0,19-19-301-018-0000,19-19-301-018-0000,0,
1.9253E+13,"19-25-304-002-0000, 19-25-305-002-0000, 19-25-306-002-0000, 19-25-307-003-0000, 19-25-312-004-0000, 19-25-313-001-0000, 19-25-314-001-0000, 19-25-315-001-0000",0,19-25-304-002-0000,19-25-304-002-0000,0,
1.9253E+13,"19-25-304-002-0000, 19-25-305-002-0000, 19-25-306-002-0000, 19-25-307-003-0000, 19-25-312-004-0000, 19-25-313-001-0000, 19-25-314-001-0000, 19-25-315-001-0000",0,19-25-305-002-0000,19-25-305-002-0000,0,
1.9253E+13,"19-25-304-002-0000, 19-25-305-002-0000, 19-25-306-002-0000, 19-25-307-003-0000, 19-25-312-004-0000, 19-25-313-001-0000, 19-25-314-001-0000, 19-25-315-001-0000",0,19-25-306-002-0000,19-25-306-002-0000,0,
1.9253E+13,"19-25-304-002-0000, 19-25-305-002-0000, 19-25-306-002-0000, 19-25-307-003-0000, 19-25-312-004-0000, 19-25-313-001-0000, 19-25-314-001-0000, 19-25-315-001-0000",0,19-25-307-003-0000,19-25-307-003-0000,0,
1.9253E+13,"19-25-304-002-0000, 19-25-305-002-0000, 19-25-306-002-0000, 19-25-307-003-0000, 19-25-312-004-0000, 19-25-313-001-0000, 19-25-314-001-0000, 19-25-315-001-0000",0,19-25-312-004-0000,19-25-312-004-0000,0,
1.9253E+13,"19-25-304-002-0000, 19-25-305-002-0000, 19-25-306-002-0000, 19-25-307-003-0000, 19-25-312-004-0000, 19-25-313-001-0000, 19-25-314-001-0000, 19-25-315-001-0000",0,19-25-313-001-0000,19-25-313-001-0000,0,
1.9253E+13,"19-25-304-002-0000, 19-25-305-002-0000, 19-25-306-002-0000, 19-25-307-003-0000, 19-25-312-004-0000, 19-25-313-001-0000, 19-25-314-001-0000, 19-25-315-001-0000",0,19-25-314-001-0000,19-25-314-001-0000,0,
1.9253E+13,"19-25-304-002-0000, 19-25-305-002-0000, 19-25-306-002-0000, 19-25-307-003-0000, 19-25-312-004-0000, 19-25-313-001-0000, 19-25-314-001-0000, 19-25-315-001-0000",0,19-25-315-001-0000,19-25-315-001-0000,0,
1.92531E+13,"19-25-310-009-0000, 19-25-310-010-0000",0,19-25-310-009-0000,19-25-310-009-0000,0,
1.92531E+13,"19-25-310-009-0000, 19-25-310-010-0000",0,19-25-310-010-0000,19-25-310-010-0000,0,
1.9281E+13,"19-28-101-030-0000, 19-28-200-032-0000",0,19-28-101-030-0000,19-28-101-030-0000,0,
1.9281E+13,"19-28-101-030-0000, 19-28-200-032-0000",0,19-28-200-032-0000,19-28-200-032-0000,0,
1.9282E+13,"19-28-200-033-0000, 19-28-200-034-0000",0,19-28-200-033-0000,19-28-200-033-0000,0,
1.9282E+13,"19-28-200-033-0000, 19-28-200-034-0000",0,19-28-200-034-0000,19-28-200-034-0000,0,
1.9291E+13,"19-29-100-038-0000, 19-29-200-031-0000",0,19-29-100-038-0000,19-29-100-038-0000,0,
1.9291E+13,"19-29-100-038-0000, 19-29-200-031-0000",0,19-29-200-031-0000,19-29-200-031-0000,0,
1.9291E+13,"19-29-100-055-0000, 19-29-100-062-0000",0,19-29-100-055-0000,19-29-100-055-0000,0,
1.9291E+13,"19-29-100-055-0000, 19-29-100-062-0000",0,19-29-100-062-0000,19-29-100-062-0000,0,
1.9291E+13,"19-29-100-069-0000, 19-29-100-070-0000, 19-29-100-074-0000",0,19-29-100-069-0000,19-29-100-069-0000,0,
1.9291E+13,"19-29-100-069-0000, 19-29-100-070-0000, 19-29-100-074-0000",0,19-29-100-070-0000,19-29-100-070-0000,0,
1.9291E+13,"19-29-100-069-0000, 19-29-100-070-0000, 19-29-100-074-0000",0,19-29-100-074-0000,19-29-100-074-0000,0,
2.0051E+13,"20-05-102-033-0000, 20-05-102-038-0000",0,20-05-102-033-0000,20-05-102-033-0000,0,
2.0051E+13,"20-05-102-033-0000, 20-05-102-038-0000",0,20-05-102-038-0000,20-05-102-038-0000,0,
2.00511E+13,20-05-110-010-0000,0,20-05-110-010-0000,20-05-110-010-0000,0,
2.00511E+13,"20-05-111-017-0000, 20-05-112-001-0000, 20-05-112-010-0000",0,20-05-111-017-0000,20-05-111-017-0000,0,
2.00511E+13,"20-05-111-017-0000, 20-05-112-001-0000, 20-05-112-010-0000",0,20-05-112-001-0000,20-05-112-001-0000,0,
2.00511E+13,"20-05-111-017-0000, 20-05-112-001-0000, 20-05-112-010-0000",0,20-05-112-010-0000,20-05-112-010-0000,0,
2.0052E+13,20-05-200-033-0000,0,20-05-200-033-0000,20-05-200-033-0000,0,
2.0052E+13,20-05-200-039-0000,0,20-05-200-039-0000,20-05-200-039-0000,0,
2.0052E+13,"20-05-200-161-0000, 20-05-200-163-0000",0,20-05-200-161-0000,20-05-200-161-0000,0,
2.0052E+13,"20-05-200-161-0000, 20-05-200-163-0000",0,20-05-200-163-0000,20-05-200-163-0000,0,
2.0053E+13,20-05-300-020-0000,0,20-05-300-020-0000,20-05-300-020-0000,0,
2.0053E+13,20-05-302-009-0000,0,20-05-302-009-0000,20-05-302-009-0000,0,
2.0053E+13,"20-05-302-010-0000, 20-05-302-011-0000",0,20-05-302-010-0000,20-05-302-010-0000,0,
2.0053E+13,"20-05-302-010-0000, 20-05-302-011-0000",0,20-05-302-011-0000,20-05-302-011-0000,0,
2.00531E+13,"20-05-311-006-0000, 20-05-311-007-0000, 20-05-311-008-0000,, 20-05-311-010-0000,, 20-05-311-011-0000,, 20-05-311-013-0000",0,20-05-311-006-0000,20-05-311-006-0000,0,
2.00531E+13,"20-05-311-006-0000, 20-05-311-007-0000, 20-05-311-008-0000,, 20-05-311-010-0000,, 20-05-311-011-0000,, 20-05-311-013-0000",0,20-05-311-007-0000,20-05-311-007-0000,0,
2.00531E+13,"20-05-311-006-0000, 20-05-311-007-0000, 20-05-311-008-0000,, 20-05-311-010-0000,, 20-05-311-011-0000,, 20-05-311-013-0000",0,20-05-311-008-0000,20-05-311-008-0000,0,
2.00531E+13,"20-05-311-006-0000, 20-05-311-007-0000, 20-05-311-008-0000,, 20-05-311-010-0000,, 20-05-311-011-0000,, 20-05-311-013-0000",0,20-05-311-010-0000,20-05-311-010-0000,0,
2.00531E+13,"20-05-311-006-0000, 20-05-311-007-0000, 20-05-311-008-0000,, 20-05-311-010-0000,, 20-05-311-011-0000,, 20-05-311-013-0000",0,20-05-311-011-0000,20-05-311-011-0000,0,
2.00531E+13,"20-05-311-006-0000, 20-05-311-007-0000, 20-05-311-008-0000,, 20-05-311-010-0000,, 20-05-311-011-0000,, 20-05-311-013-0000",0,20-05-311-013-0000,20-05-311-013-0000,0,
2.0054E+13,20-05-400-017-0000,0,20-05-400-017-0000,20-05-400-017-0000,0,
2.0061E+13,20-06-100-115-0000,0,20-06-100-115-0000,20-06-100-115-0000,0,
2.03022E+13,20-30-224-016-0000,0,20-30-224-016-0000,20-30-224-016-0000,0,
2.03022E+13,20-30-224-018-0000,0,20-30-224-018-0000,20-30-224-018-0000,0,
2.03031E+13,20-30-308-004-0000,0,20-30-308-004-0000,20-30-308-004-0000,0,
2.03031E+13,"20-30-308-009-0000, 20-30-308-011-0000",0,20-30-308-009-0000,20-30-308-009-0000,0,
2.03031E+13,"20-30-308-009-0000, 20-30-308-011-0000",0,20-30-308-011-0000,20-30-308-011-0000,0,
2.31221E+13,23-12-211-019-0000,0,23-12-211-019-0000,23-12-211-019-0000,0,
2.4014E+13,24-01-403-016-0000,0,24-01-403-016-0000,24-01-403-016-0000,0,
2.4074E+13,24-07-400-026-0000,0,24-07-400-026-0000,24-07-400-026-0000,0,
2.42141E+13,"24-21-405-005-0000, 24-21-405-006-0000",0,24-21-405-005-0000,24-21-405-005-0000,0,
2.42141E+13,"24-21-405-005-0000, 24-21-405-006-0000",0,24-21-405-006-0000,24-21-405-006-0000,0,
2.42141E+13,"24-21-406-001-0000, 24-21-406-002-0000",0,24-21-406-001-0000,24-21-406-001-0000,0,
2.42141E+13,"24-21-406-001-0000, 24-21-406-002-0000",0,24-21-406-002-0000,24-21-406-002-0000,0,
2.4274E+13,"24-27-401-011-0000, 24-27-401-012-0000",0,24-27-401-011-0000,24-27-401-011-0000,0,
2.4274E+13,"24-27-401-011-0000, 24-27-401-012-0000",0,24-27-401-012-0000,24-27-401-012-0000,0,
2.42741E+13,"24-27-408-002-0000, 24-27-408-003-0000",0,24-27-408-002-0000,24-27-408-002-0000,0,
2.42741E+13,"24-27-408-002-0000, 24-27-408-003-0000",0,24-27-408-003-0000,24-27-408-003-0000,0,
2.4281E+13,"24-28-100-030-0000, 24-28-100-031-0000",0,24-28-100-030-0000,24-28-100-030-0000,0,
2.4281E+13,"24-28-100-030-0000, 24-28-100-031-0000",0,24-28-100-031-0000,24-28-100-031-0000,0,
2.5054E+13,25-05-404-006-0000,0,25-05-404-006-0000,25-05-404-006-0000,0,
2.5054E+13,25-05-404-007-0000,0,25-05-404-007-0000,25-05-404-007-0000,0,
2.50542E+13,25-05-416-011-0000,0,25-05-416-011-0000,25-05-416-011-0000,0,
2.50542E+13,"25-05-416-012-0000, 25-05-416-015-0000, 25-05-416-016-0000,, 25-05-416-018-0000",0,25-05-416-012-0000,25-05-416-012-0000,0,
2.50542E+13,"25-05-416-012-0000, 25-05-416-015-0000, 25-05-416-016-0000,, 25-05-416-018-0000",0,25-05-416-015-0000,25-05-416-015-0000,0,
2.50542E+13,"25-05-416-012-0000, 25-05-416-015-0000, 25-05-416-016-0000,, 25-05-416-018-0000",0,25-05-416-016-0000,25-05-416-016-0000,0,
2.50542E+13,"25-05-416-012-0000, 25-05-416-015-0000, 25-05-416-016-0000,, 25-05-416-018-0000",0,25-05-416-018-0000,25-05-416-018-0000,0,
2.5113E+13,25-11-300-027-0000,0,25-11-300-027-0000,25-11-300-027-0000,0,
2.5141E+13,"25-14-100-005-0000, 25-14-100-016-0000, 25-14-100-036-0000, 25-14-100-037-0000",0,25-14-100-005-0000,25-14-100-005-0000,0,
2.5141E+13,"25-14-100-005-0000, 25-14-100-016-0000, 25-14-100-036-0000, 25-14-100-037-0000",0,25-14-100-016-0000,25-14-100-016-0000,0,
2.5141E+13,"25-14-100-005-0000, 25-14-100-016-0000, 25-14-100-036-0000, 25-14-100-037-0000",0,25-14-100-036-0000,25-14-100-036-0000,0,
2.5141E+13,"25-14-100-005-0000, 25-14-100-016-0000, 25-14-100-036-0000, 25-14-100-037-0000",0,25-14-100-037-0000,25-14-100-037-0000,0,
2.5143E+13,25-14-300-012-0000,0,25-14-300-012-0000,25-14-300-012-0000,0,
2.51523E+13,25-15-229-004-0000,0,25-15-229-004-0000,25-15-229-004-0000,0,
2.51541E+13,25-15-406-047-0000,0,25-15-406-047-0000,25-15-406-047-0000,0,
2.51643E+13,"25-16-429-026-0000, 25-16-429-027-0000,, 25-16-429-028-0000,, 25-16-429-035-0000",0,25-16-429-026-0000,25-16-429-026-0000,0,
2.51643E+13,"25-16-429-026-0000, 25-16-429-027-0000,, 25-16-429-028-0000,, 25-16-429-035-0000",0,25-16-429-027-0000,25-16-429-027-0000,0,
2.51643E+13,"25-16-429-026-0000, 25-16-429-027-0000,, 25-16-429-028-0000,, 25-16-429-035-0000",0,25-16-429-028-0000,25-16-429-028-0000,0,
2.51643E+13,"25-16-429-026-0000, 25-16-429-027-0000,, 25-16-429-028-0000,, 25-16-429-035-0000",0,25-16-429-035-0000,25-16-429-035-0000,0,
2.5183E+13,25-18-304-056-0000,0,25-18-304-056-0000,25-18-304-056-0000,0,
2.5231E+13,25-23-102-009-0000,0,25-23-102-009-0000,25-23-102-009-0000,0,
2.5291E+13,25-29-101-026-0000,0,25-29-101-026-0000,25-29-101-026-0000,0,
2.52931E+13,"25-29-313-021-0000, 25-29-313-022-0000, 25-29-313-059-0000",0,25-29-313-021-0000,25-29-313-021-0000,0,
2.52931E+13,"25-29-313-021-0000, 25-29-313-022-0000, 25-29-313-059-0000",0,25-29-313-022-0000,25-29-313-022-0000,0,
2.52931E+13,"25-29-313-021-0000, 25-29-313-022-0000, 25-29-313-059-0000",0,25-29-313-059-0000,25-29-313-059-0000,0,
2.53031E+13,"25-30-311-001-0000, 25-30-311-002-0000, 25-30-311-003-0000",0,25-30-311-001-0000,25-30-311-001-0000,0,
2.53031E+13,"25-30-311-001-0000, 25-30-311-002-0000, 25-30-311-003-0000",0,25-30-311-002-0000,25-30-311-002-0000,0,
2.53031E+13,"25-30-311-001-0000, 25-30-311-002-0000, 25-30-311-003-0000",0,25-30-311-003-0000,25-30-311-003-0000,0,
2.5312E+13,"25-31-204-027-0000, 25-31-204-028-0000",0,25-31-204-027-0000,25-31-204-027-0000,0,
2.5312E+13,"25-31-204-027-0000, 25-31-204-028-0000",0,25-31-204-028-0000,25-31-204-028-0000,0,
2.60512E+13,26-05-117-002-0000,0,26-05-117-002-0000,26-05-117-002-0000,0,
2.60512E+13,26-05-117-018-0000,0,26-05-117-018-0000,26-05-117-018-0000,0,
2.60512E+13,26-05-117-024-0000,0,26-05-117-024-0000,26-05-117-024-0000,0,
2.60731E+13,26-07-314-008-0000,0,26-07-314-008-0000,26-07-314-008-0000,0,
2.60731E+13,26-07-314-010-0000,0,26-07-314-010-0000,26-07-314-010-0000,0,
2.60731E+13,26-07-314-012-0000,0,26-07-314-012-0000,26-07-314-012-0000,0,
2.60731E+13,26-07-314-015-0000,0,26-07-314-015-0000,26-07-314-015-0000,0,
2.6074E+13,26-07-400-016-0000,0,26-07-400-016-0000,26-07-400-016-0000,0,
2.60841E+13,26-08-407-049-0000,0,26-08-407-049-0000,26-08-407-049-0000,0,
2.6181E+13,26-18-100-019-0000,0,26-18-100-019-0000,26-18-100-019-0000,0,
2.6182E+13,26-18-200-001-0000,0,26-18-200-001-0000,26-18-200-001-0000,0,
2.6191E+13,"26-19-102-016-0000, 26-19-200-014-0000, 26-19-201-014-0000, 26-19-301-008",0,26-19-301-008,26-19-301-008-0000,1,1
2.6191E+13,"26-19-102-016-0000, 26-19-200-014-0000, 26-19-201-014-0000, 26-19-301-008",0,26-19-102-016-0000,26-19-102-016-0000,0,
2.6191E+13,"26-19-102-016-0000, 26-19-200-014-0000, 26-19-201-014-0000, 26-19-301-008",0,26-19-200-014-0000,26-19-200-014-0000,0,
2.6191E+13,"26-19-102-016-0000, 26-19-200-014-0000, 26-19-201-014-0000, 26-19-301-008",0,26-19-201-014-0000,26-19-201-014-0000,0,
2.6192E+13,"26-19-200-028-0000, 26-19-200-039-0000",0,26-19-200-028-0000,26-19-200-028-0000,0,
2.6192E+13,"26-19-200-028-0000, 26-19-200-039-0000",0,26-19-200-039-0000,26-19-200-039-0000,0,
2.6193E+13,26-19-301-003-0000,0,26-19-301-003-0000,26-19-301-003-0000,0,
2.6301E+13,26-30-100-051-0000,0,26-30-100-051-0000,26-30-100-051-0000,0,
2.6302E+13,26-30-200-014-0000,0,26-30-200-014-0000,26-30-200-014-0000,0,
2.6302E+13,26-30-204-001-0000,0,26-30-204-001-0000,26-30-204-001-0000,0,
2.6302E+13,26-30-204-002-0000,0,26-30-204-002-0000,26-30-204-002-0000,0,
2.6313E+13,26-31-303-034-0000,0,26-31-303-034-0000,26-31-303-034-0000,0,
2.71331E+13,27-13-308-062-0000,0,27-13-308-062-0000,27-13-308-062-0000,0,
2.7143E+13,27-14-300-068-0000,0,27-14-300-068-0000,27-14-300-068-0000,0,
2.7222E+13,"27-22-201-019-0000, 27-22-201-020-0000",0,27-22-201-019-0000,27-22-201-019-0000,0,
2.7222E+13,"27-22-201-019-0000, 27-22-201-020-0000",0,27-22-201-020-0000,27-22-201-020-0000,0,
2.7242E+13,27-24-202-022-0000,0,27-24-202-022-0000,27-24-202-022-0000,0,
2.7362E+13,"27-36-204-014-0000, 27-36-204-015-0000",0,27-36-204-014-0000,27-36-204-014-0000,0,
2.7362E+13,"27-36-204-014-0000, 27-36-204-015-0000",0,27-36-204-015-0000,27-36-204-015-0000,0,
2.73621E+13,"27-36-205-029-0000, 27-36-205-030-0000",0,27-36-205-029-0000,27-36-205-029-0000,0,
2.73621E+13,"27-36-205-029-0000, 27-36-205-030-0000",0,27-36-205-030-0000,27-36-205-030-0000,0,
2.8014E+13,"28-01-400-003-0000, 28-01-400-024-0000",0,28-01-400-003-0000,28-01-400-003-0000,0,
2.8014E+13,"28-01-400-003-0000, 28-01-400-024-0000",0,28-01-400-024-0000,28-01-400-024-0000,0,
2.80222E+13,"28-02-220-009-0000, 28-02-220-010-0000",0,28-02-220-009-0000,28-02-220-009-0000,0,
2.80222E+13,"28-02-220-009-0000, 28-02-220-010-0000",0,28-02-220-010-0000,28-02-220-010-0000,0,
2.81113E+13,"28-11-127-022-0000, 28-11-127-023-0000, 28-11-127-024-0000",0,28-11-127-022-0000,28-11-127-022-0000,0,
2.81113E+13,"28-11-127-022-0000, 28-11-127-023-0000, 28-11-127-024-0000",0,28-11-127-023-0000,28-11-127-023-0000,0,
2.81113E+13,"28-11-127-022-0000, 28-11-127-023-0000, 28-11-127-024-0000",0,28-11-127-024-0000,28-11-127-024-0000,0,
2.81621E+13,"28-16-208-030-0000, 28-16-208-031-0000",0,28-16-208-030-0000,28-16-208-030-0000,0,
2.81621E+13,"28-16-208-030-0000, 28-16-208-031-0000",0,28-16-208-031-0000,28-16-208-031-0000,0,
2.82242E+13,"28-22-424-001-0000, 28-22-424-002-0000, 28-22-424-012-0000, 28-22-424-013-0000",0,28-22-424-001-0000,28-22-424-001-0000,0,
2.82242E+13,"28-22-424-001-0000, 28-22-424-002-0000, 28-22-424-012-0000, 28-22-424-013-0000",0,28-22-424-002-0000,28-22-424-002-0000,0,
2.82242E+13,"28-22-424-001-0000, 28-22-424-002-0000, 28-22-424-012-0000, 28-22-424-013-0000",0,28-22-424-012-0000,28-22-424-012-0000,0,
2.82242E+13,"28-22-424-001-0000, 28-22-424-002-0000, 28-22-424-012-0000, 28-22-424-013-0000",0,28-22-424-013-0000,28-22-424-013-0000,0,
2.82321E+13,"28-23-207-012-0000, 28-23-207-019-0000",0,28-23-207-012-0000,28-23-207-012-0000,0,
2.82321E+13,"28-23-207-012-0000, 28-23-207-019-0000",0,28-23-207-019-0000,28-23-207-019-0000,0,
2.82431E+13,"28-24-308-005-0000, 28-24-308-006-0000",0,28-24-308-005-0000,28-24-308-005-0000,0,
2.82431E+13,"28-24-308-005-0000, 28-24-308-006-0000",0,28-24-308-006-0000,28-24-308-006-0000,0,
2.9032E+13,"29-03-200-045-0000, 29-03-200-055-0000",0,29-03-200-045-0000,29-03-200-045-0000,0,
2.9032E+13,"29-03-200-045-0000, 29-03-200-055-0000",0,29-03-200-055-0000,29-03-200-055-0000,0,
2.90714E+13,"29-07-136-044-0000, 29-07-136-045-0000, 29-07-136-046-0000",0,29-07-136-044-0000,29-07-136-044-0000,0,
2.90714E+13,"29-07-136-044-0000, 29-07-136-045-0000, 29-07-136-046-0000",0,29-07-136-045-0000,29-07-136-045-0000,0,
2.90714E+13,"29-07-136-044-0000, 29-07-136-045-0000, 29-07-136-046-0000",0,29-07-136-046-0000,29-07-136-046-0000,0,
2.9084E+13,"29-08-403-014-0000, 29-08-403-015-0000, 29-08-403-016-0000, 29-08-403-017-0000, 29-08-403-026-0000, 29-08-403-027-0000",0,29-08-403-014-0000,29-08-403-014-0000,0,
2.9084E+13,"29-08-403-014-0000, 29-08-403-015-0000, 29-08-403-016-0000, 29-08-403-017-0000, 29-08-403-026-0000, 29-08-403-027-0000",0,29-08-403-015-0000,29-08-403-015-0000,0,
2.9084E+13,"29-08-403-014-0000, 29-08-403-015-0000, 29-08-403-016-0000, 29-08-403-017-0000, 29-08-403-026-0000, 29-08-403-027-0000",0,29-08-403-016-0000,29-08-403-016-0000,0,
2.9084E+13,"29-08-403-014-0000, 29-08-403-015-0000, 29-08-403-016-0000, 29-08-403-017-0000, 29-08-403-026-0000, 29-08-403-027-0000",0,29-08-403-017-0000,29-08-403-017-0000,0,
2.9084E+13,"29-08-403-014-0000, 29-08-403-015-0000, 29-08-403-016-0000, 29-08-403-017-0000, 29-08-403-026-0000, 29-08-403-027-0000",0,29-08-403-026-0000,29-08-403-026-0000,0,
2.9084E+13,"29-08-403-014-0000, 29-08-403-015-0000, 29-08-403-016-0000, 29-08-403-017-0000, 29-08-403-026-0000, 29-08-403-027-0000",0,29-08-403-027-0000,29-08-403-027-0000,0,
2.90923E+13,"29-09-228-043-0000, 29-09-228-044-0000, 29-09-228-045-0000",0,29-09-228-043-0000,29-09-228-043-0000,0,
2.90923E+13,"29-09-228-043-0000, 29-09-228-044-0000, 29-09-228-045-0000",0,29-09-228-044-0000,29-09-228-044-0000,0,
2.90923E+13,"29-09-228-043-0000, 29-09-228-044-0000, 29-09-228-045-0000",0,29-09-228-045-0000,29-09-228-045-0000,0,
2.9124E+13,"29-12-400-001-0000, 29-12-400-002-0000, 29-12-400-003-0000, 29-12-400-004-0000, 29-12-400-005-0000, 29-12-400-006-0000, 29-12-400-007-0000, 29-12-400-008-0000, 29-12-400-009-0000, 29-12-400-010-0000",0,29-12-400-001-0000,29-12-400-001-0000,0,
2.9124E+13,"29-12-400-001-0000, 29-12-400-002-0000, 29-12-400-003-0000, 29-12-400-004-0000, 29-12-400-005-0000, 29-12-400-006-0000, 29-12-400-007-0000, 29-12-400-008-0000, 29-12-400-009-0000, 29-12-400-010-0000",0,29-12-400-002-0000,29-12-400-002-0000,0,
2.9124E+13,"29-12-400-001-0000, 29-12-400-002-0000, 29-12-400-003-0000, 29-12-400-004-0000, 29-12-400-005-0000, 29-12-400-006-0000, 29-12-400-007-0000, 29-12-400-008-0000, 29-12-400-009-0000, 29-12-400-010-0000",0,29-12-400-003-0000,29-12-400-003-0000,0,
2.9124E+13,"29-12-400-001-0000, 29-12-400-002-0000, 29-12-400-003-0000, 29-12-400-004-0000, 29-12-400-005-0000, 29-12-400-006-0000, 29-12-400-007-0000, 29-12-400-008-0000, 29-12-400-009-0000, 29-12-400-010-0000",0,29-12-400-004-0000,29-12-400-004-0000,0,
2.9124E+13,"29-12-400-001-0000, 29-12-400-002-0000, 29-12-400-003-0000, 29-12-400-004-0000, 29-12-400-005-0000, 29-12-400-006-0000, 29-12-400-007-0000, 29-12-400-008-0000, 29-12-400-009-0000, 29-12-400-010-0000",0,29-12-400-005-0000,29-12-400-005-0000,0,
2.9124E+13,"29-12-400-001-0000, 29-12-400-002-0000, 29-12-400-003-0000, 29-12-400-004-0000, 29-12-400-005-0000, 29-12-400-006-0000, 29-12-400-007-0000, 29-12-400-008-0000, 29-12-400-009-0000, 29-12-400-010-0000",0,29-12-400-006-0000,29-12-400-006-0000,0,
2.9124E+13,"29-12-400-001-0000, 29-12-400-002-0000, 29-12-400-003-0000, 29-12-400-004-0000, 29-12-400-005-0000, 29-12-400-006-0000, 29-12-400-007-0000, 29-12-400-008-0000, 29-12-400-009-0000, 29-12-400-010-0000",0,29-12-400-007-0000,29-12-400-007-0000,0,
2.9124E+13,"29-12-400-001-0000, 29-12-400-002-0000, 29-12-400-003-0000, 29-12-400-004-0000, 29-12-400-005-0000, 29-12-400-006-0000, 29-12-400-007-0000, 29-12-400-008-0000, 29-12-400-009-0000, 29-12-400-010-0000",0,29-12-400-008-0000,29-12-400-008-0000,0,
2.9124E+13,"29-12-400-001-0000, 29-12-400-002-0000, 29-12-400-003-0000, 29-12-400-004-0000, 29-12-400-005-0000, 29-12-400-006-0000, 29-12-400-007-0000, 29-12-400-008-0000, 29-12-400-009-0000, 29-12-400-010-0000",0,29-12-400-009-0000,29-12-400-009-0000,0,
2.9124E+13,"29-12-400-001-0000, 29-12-400-002-0000, 29-12-400-003-0000, 29-12-400-004-0000, 29-12-400-005-0000, 29-12-400-006-0000, 29-12-400-007-0000, 29-12-400-008-0000, 29-12-400-009-0000, 29-12-400-010-0000",0,29-12-400-010-0000,29-12-400-010-0000,0,
2.91242E+13,"29-12-415-031-0000, 29-12-415-032-0000, 29-12-415-033-0000, 29-12-415-034-0000, 29-12-415-035-0000, 29-12-415-036-0000, 29-12-415-037-0000, 29-12-415-038-0000, 29-12-415-039-0000",0,29-12-415-031-0000,29-12-415-031-0000,0,
2.91242E+13,"29-12-415-031-0000, 29-12-415-032-0000, 29-12-415-033-0000, 29-12-415-034-0000, 29-12-415-035-0000, 29-12-415-036-0000, 29-12-415-037-0000, 29-12-415-038-0000, 29-12-415-039-0000",0,29-12-415-032-0000,29-12-415-032-0000,0,
2.91242E+13,"29-12-415-031-0000, 29-12-415-032-0000, 29-12-415-033-0000, 29-12-415-034-0000, 29-12-415-035-0000, 29-12-415-036-0000, 29-12-415-037-0000, 29-12-415-038-0000, 29-12-415-039-0000",0,29-12-415-033-0000,29-12-415-033-0000,0,
2.91242E+13,"29-12-415-031-0000, 29-12-415-032-0000, 29-12-415-033-0000, 29-12-415-034-0000, 29-12-415-035-0000, 29-12-415-036-0000, 29-12-415-037-0000, 29-12-415-038-0000, 29-12-415-039-0000",0,29-12-415-034-0000,29-12-415-034-0000,0,
2.91242E+13,"29-12-415-031-0000, 29-12-415-032-0000, 29-12-415-033-0000, 29-12-415-034-0000, 29-12-415-035-0000, 29-12-415-036-0000, 29-12-415-037-0000, 29-12-415-038-0000, 29-12-415-039-0000",0,29-12-415-035-0000,29-12-415-035-0000,0,
2.91242E+13,"29-12-415-031-0000, 29-12-415-032-0000, 29-12-415-033-0000, 29-12-415-034-0000, 29-12-415-035-0000, 29-12-415-036-0000, 29-12-415-037-0000, 29-12-415-038-0000, 29-12-415-039-0000",0,29-12-415-036-0000,29-12-415-036-0000,0,
2.91242E+13,"29-12-415-031-0000, 29-12-415-032-0000, 29-12-415-033-0000, 29-12-415-034-0000, 29-12-415-035-0000, 29-12-415-036-0000, 29-12-415-037-0000, 29-12-415-038-0000, 29-12-415-039-0000",0,29-12-415-037-0000,29-12-415-037-0000,0,
2.91242E+13,"29-12-415-031-0000, 29-12-415-032-0000, 29-12-415-033-0000, 29-12-415-034-0000, 29-12-415-035-0000, 29-12-415-036-0000, 29-12-415-037-0000, 29-12-415-038-0000, 29-12-415-039-0000",0,29-12-415-038-0000,29-12-415-038-0000,0,
2.91242E+13,"29-12-415-031-0000, 29-12-415-032-0000, 29-12-415-033-0000, 29-12-415-034-0000, 29-12-415-035-0000, 29-12-415-036-0000, 29-12-415-037-0000, 29-12-415-038-0000, 29-12-415-039-0000",0,29-12-415-039-0000,29-12-415-039-0000,0,
2.91531E+13,"29-15-308-067-0000, 29-15-308-068-0000, 29-15-308-069-0000",0,29-15-308-067-0000,29-15-308-067-0000,0,
2.91531E+13,"29-15-308-067-0000, 29-15-308-068-0000, 29-15-308-069-0000",0,29-15-308-068-0000,29-15-308-068-0000,0,
2.91531E+13,"29-15-308-067-0000, 29-15-308-068-0000, 29-15-308-069-0000",0,29-15-308-069-0000,29-15-308-069-0000,0,
2.91612E+13,"29-16-121-001-0000, 29-16-121-002-0000, 29-16-121-003-0000, 29-16-121-004-0000, 29-16-121-005-0000, 29-16-121-006-0000, 29-16-121-007-0000",0,29-16-121-001-0000,29-16-121-001-0000,0,
2.91612E+13,"29-16-121-001-0000, 29-16-121-002-0000, 29-16-121-003-0000, 29-16-121-004-0000, 29-16-121-005-0000, 29-16-121-006-0000, 29-16-121-007-0000",0,29-16-121-002-0000,29-16-121-002-0000,0,
2.91612E+13,"29-16-121-001-0000, 29-16-121-002-0000, 29-16-121-003-0000, 29-16-121-004-0000, 29-16-121-005-0000, 29-16-121-006-0000, 29-16-121-007-0000",0,29-16-121-003-0000,29-16-121-003-0000,0,
2.91612E+13,"29-16-121-001-0000, 29-16-121-002-0000, 29-16-121-003-0000, 29-16-121-004-0000, 29-16-121-005-0000, 29-16-121-006-0000, 29-16-121-007-0000",0,29-16-121-004-0000,29-16-121-004-0000,0,
2.91612E+13,"29-16-121-001-0000, 29-16-121-002-0000, 29-16-121-003-0000, 29-16-121-004-0000, 29-16-121-005-0000, 29-16-121-006-0000, 29-16-121-007-0000",0,29-16-121-005-0000,29-16-121-005-0000,0,
2.91612E+13,"29-16-121-001-0000, 29-16-121-002-0000, 29-16-121-003-0000, 29-16-121-004-0000, 29-16-121-005-0000, 29-16-121-006-0000, 29-16-121-007-0000",0,29-16-121-006-0000,29-16-121-006-0000,0,
2.91612E+13,"29-16-121-001-0000, 29-16-121-002-0000, 29-16-121-003-0000, 29-16-121-004-0000, 29-16-121-005-0000, 29-16-121-006-0000, 29-16-121-007-0000",0,29-16-121-007-0000,29-16-121-007-0000,0,
2.9164E+13,"29-16-400-171-0000, 29-16-400-172-0000, 29-16-400-173-0000, 29-16-400-174-0000",0,29-16-400-171-0000,29-16-400-171-0000,0,
2.9164E+13,"29-16-400-171-0000, 29-16-400-172-0000, 29-16-400-173-0000, 29-16-400-174-0000",0,29-16-400-172-0000,29-16-400-172-0000,0,
2.9164E+13,"29-16-400-171-0000, 29-16-400-172-0000, 29-16-400-173-0000, 29-16-400-174-0000",0,29-16-400-173-0000,29-16-400-173-0000,0,
2.9164E+13,"29-16-400-171-0000, 29-16-400-172-0000, 29-16-400-173-0000, 29-16-400-174-0000",0,29-16-400-174-0000,29-16-400-174-0000,0,
2.91843E+13,"29-18-426-007-0000, 29-18-426-015-0000, 29-18-426-016-0000",0,29-18-426-007-0000,29-18-426-007-0000,0,
2.91843E+13,"29-18-426-007-0000, 29-18-426-015-0000, 29-18-426-016-0000",0,29-18-426-015-0000,29-18-426-015-0000,0,
2.91843E+13,"29-18-426-007-0000, 29-18-426-015-0000, 29-18-426-016-0000",0,29-18-426-016-0000,29-18-426-016-0000,0,
2.91911E+13,29-19-110-001-0000,0,29-19-110-001-0000,29-19-110-001-0000,0,
2.91931E+13,"29-19-308-002-0000, 29-19-308-009-0000, 29-19-308-015-0000",0,29-19-308-002-0000,29-19-308-002-0000,0,
2.91931E+13,"29-19-308-002-0000, 29-19-308-009-0000, 29-19-308-015-0000",0,29-19-308-009-0000,29-19-308-009-0000,0,
2.91931E+13,"29-19-308-002-0000, 29-19-308-009-0000, 29-19-308-015-0000",0,29-19-308-015-0000,29-19-308-015-0000,0,
2.91931E+13,"29-19-310-007-0000, 29-19-310-012-0000",0,29-19-310-007-0000,29-19-310-007-0000,0,
2.91931E+13,"29-19-310-007-0000, 29-19-310-012-0000",0,29-19-310-012-0000,29-19-310-012-0000,0,
2.91931E+13,"29-19-310-011-0000, 29-19-310-013-0000, 29-19-310-015-0000, 29-19-311-001-0000, 29-19-311-002-0000, 29-19-311-011-0000, 29-19-311-015-0000",0,29-19-310-011-0000,29-19-310-011-0000,0,
2.91931E+13,"29-19-310-011-0000, 29-19-310-013-0000, 29-19-310-015-0000, 29-19-311-001-0000, 29-19-311-002-0000, 29-19-311-011-0000, 29-19-311-015-0000",0,29-19-310-013-0000,29-19-310-013-0000,0,
2.91931E+13,"29-19-310-011-0000, 29-19-310-013-0000, 29-19-310-015-0000, 29-19-311-001-0000, 29-19-311-002-0000, 29-19-311-011-0000, 29-19-311-015-0000",0,29-19-310-015-0000,29-19-310-015-0000,0,
2.91931E+13,"29-19-310-011-0000, 29-19-310-013-0000, 29-19-310-015-0000, 29-19-311-001-0000, 29-19-311-002-0000, 29-19-311-011-0000, 29-19-311-015-0000",0,29-19-311-001-0000,29-19-311-001-0000,0,
2.91931E+13,"29-19-310-011-0000, 29-19-310-013-0000, 29-19-310-015-0000, 29-19-311-001-0000, 29-19-311-002-0000, 29-19-311-011-0000, 29-19-311-015-0000",0,29-19-311-002-0000,29-19-311-002-0000,0,
2.91931E+13,"29-19-310-011-0000, 29-19-310-013-0000, 29-19-310-015-0000, 29-19-311-001-0000, 29-19-311-002-0000, 29-19-311-011-0000, 29-19-311-015-0000",0,29-19-311-011-0000,29-19-311-011-0000,0,
2.91931E+13,"29-19-310-011-0000, 29-19-310-013-0000, 29-19-310-015-0000, 29-19-311-001-0000, 29-19-311-002-0000, 29-19-311-011-0000, 29-19-311-015-0000",0,29-19-311-015-0000,29-19-311-015-0000,0,
2.92131E+13,"29-21-312-011-0000, 29-21-312-012-0000, 29-21-312-013-0000, 29-21-312-014-0000, 29-21-312-015-0000, 29-21-312-016-0000, 29-21-312-017-0000, 29-21-312-018-0000",0,29-21-312-011-0000,29-21-312-011-0000,0,
2.92131E+13,"29-21-312-011-0000, 29-21-312-012-0000, 29-21-312-013-0000, 29-21-312-014-0000, 29-21-312-015-0000, 29-21-312-016-0000, 29-21-312-017-0000, 29-21-312-018-0000",0,29-21-312-012-0000,29-21-312-012-0000,0,
2.92131E+13,"29-21-312-011-0000, 29-21-312-012-0000, 29-21-312-013-0000, 29-21-312-014-0000, 29-21-312-015-0000, 29-21-312-016-0000, 29-21-312-017-0000, 29-21-312-018-0000",0,29-21-312-013-0000,29-21-312-013-0000,0,
2.92131E+13,"29-21-312-011-0000, 29-21-312-012-0000, 29-21-312-013-0000, 29-21-312-014-0000, 29-21-312-015-0000, 29-21-312-016-0000, 29-21-312-017-0000, 29-21-312-018-0000",0,29-21-312-014-0000,29-21-312-014-0000,0,
2.92131E+13,"29-21-312-011-0000, 29-21-312-012-0000, 29-21-312-013-0000, 29-21-312-014-0000, 29-21-312-015-0000, 29-21-312-016-0000, 29-21-312-017-0000, 29-21-312-018-0000",0,29-21-312-015-0000,29-21-312-015-0000,0,
2.92131E+13,"29-21-312-011-0000, 29-21-312-012-0000, 29-21-312-013-0000, 29-21-312-014-0000, 29-21-312-015-0000, 29-21-312-016-0000, 29-21-312-017-0000, 29-21-312-018-0000",0,29-21-312-016-0000,29-21-312-016-0000,0,
2.92131E+13,"29-21-312-011-0000, 29-21-312-012-0000, 29-21-312-013-0000, 29-21-312-014-0000, 29-21-312-015-0000, 29-21-312-016-0000, 29-21-312-017-0000, 29-21-312-018-0000",0,29-21-312-017-0000,29-21-312-017-0000,0,
2.92131E+13,"29-21-312-011-0000, 29-21-312-012-0000, 29-21-312-013-0000, 29-21-312-014-0000, 29-21-312-015-0000, 29-21-312-016-0000, 29-21-312-017-0000, 29-21-312-018-0000",0,29-21-312-018-0000,29-21-312-018-0000,0,
2.9214E+13,"29-21-401-038-0000, 29-21-401-046-0000",0,29-21-401-038-0000,29-21-401-038-0000,0,
2.9214E+13,"29-21-401-038-0000, 29-21-401-046-0000",0,29-21-401-046-0000,29-21-401-046-0000,0,
2.92311E+13,"29-23-109-026-0000, 29-23-109-027-0000",0,29-23-109-026-0000,29-23-109-026-0000,0,
2.92311E+13,"29-23-109-026-0000, 29-23-109-027-0000",0,29-23-109-027-0000,29-23-109-027-0000,0,
2.9253E+13,"29-25-301-051-0000, 29-25-301-052-0000",0,29-25-301-051-0000,29-25-301-051-0000,0,
2.9253E+13,"29-25-301-051-0000, 29-25-301-052-0000",0,29-25-301-052-0000,29-25-301-052-0000,0,
2.92711E+13,"29-27-101-023-0000, 29-27-107-032-0000",0,29-27-101-023-0000,29-27-101-023-0000,0,
2.92711E+13,"29-27-101-023-0000, 29-27-107-032-0000",0,29-27-107-032-0000,29-27-107-032-0000,0,
2.93141E+13,"29-31-408-011-0000, 29-31-408-012-0000",0,29-31-408-011-0000,29-31-408-011-0000,0,
2.93141E+13,"29-31-408-011-0000, 29-31-408-012-0000",0,29-31-408-012-0000,29-31-408-012-0000,0,
2.9321E+13,"29-32-101-064-0000, 29-32-101-065-0000",0,29-32-101-064-0000,29-32-101-064-0000,0,
2.9321E+13,"29-32-101-064-0000, 29-32-101-065-0000",0,29-32-101-065-0000,29-32-101-065-0000,0,
3.01921E+13,"30-19-208-019-0000, 30-19-208-020-0000, 30-19-208-057-0000",0,30-19-208-019-0000,30-19-208-019-0000,0,
3.01921E+13,"30-19-208-019-0000, 30-19-208-020-0000, 30-19-208-057-0000",0,30-19-208-020-0000,30-19-208-020-0000,0,
3.01921E+13,"30-19-208-019-0000, 30-19-208-020-0000, 30-19-208-057-0000",0,30-19-208-057-0000,30-19-208-057-0000,0,
3.03041E+13,"30-30-405-024-0000, 30-30-405-025-0000",0,30-30-405-024-0000,30-30-405-024-0000,0,
3.03041E+13,"30-30-405-024-0000, 30-30-405-025-0000",0,30-30-405-025-0000,30-30-405-025-0000,0,
3.0324E+13,"30-32-402-019-0000, 30-32-402-020-0000, 30-32-402-021-0000, 30-32-402-022-0000, 30-32-402-029-0000, 30-32-402-030-0000",0,30-32-402-019-0000,30-32-402-019-0000,0,
3.0324E+13,"30-32-402-019-0000, 30-32-402-020-0000, 30-32-402-021-0000, 30-32-402-022-0000, 30-32-402-029-0000, 30-32-402-030-0000",0,30-32-402-020-0000,30-32-402-020-0000,0,
3.0324E+13,"30-32-402-019-0000, 30-32-402-020-0000, 30-32-402-021-0000, 30-32-402-022-0000, 30-32-402-029-0000, 30-32-402-030-0000",0,30-32-402-021-0000,30-32-402-021-0000,0,
3.0324E+13,"30-32-402-019-0000, 30-32-402-020-0000, 30-32-402-021-0000, 30-32-402-022-0000, 30-32-402-029-0000, 30-32-402-030-0000",0,30-32-402-022-0000,30-32-402-022-0000,0,
3.0324E+13,"30-32-402-019-0000, 30-32-402-020-0000, 30-32-402-021-0000, 30-32-402-022-0000, 30-32-402-029-0000, 30-32-402-030-0000",0,30-32-402-029-0000,30-32-402-029-0000,0,
3.0324E+13,"30-32-402-019-0000, 30-32-402-020-0000, 30-32-402-021-0000, 30-32-402-022-0000, 30-32-402-029-0000, 30-32-402-030-0000",0,30-32-402-030-0000,30-32-402-030-0000,0,
3.1212E+13,"31-21-202-013-0000, 31-21-202-014-0000",0,31-21-202-013-0000,31-21-202-013-0000,0,
3.1212E+13,"31-21-202-013-0000, 31-21-202-014-0000",0,31-21-202-014-0000,31-21-202-014-0000,0,
3.12211E+13,"31-22-107-007-0000, 31-22-107-008-0000",0,31-22-107-007-0000,31-22-107-007-0000,0,
3.12211E+13,"31-22-107-007-0000, 31-22-107-008-0000",0,31-22-107-008-0000,31-22-107-008-0000,0,
3.12521E+13,"31-25-209-011-0000, 31-25-209-012-0000",0,31-25-209-011-0000,31-25-209-011-0000,0,
3.12521E+13,"31-25-209-011-0000, 31-25-209-012-0000",0,31-25-209-012-0000,31-25-209-012-0000,0,
3.2092E+13,"32-09-201-017-0000, 32-09-201-020-0000, 32-09-201-021-0000, 32-09-201-022-0000",0,32-09-201-017-0000,32-09-201-017-0000,0,
3.2092E+13,"32-09-201-017-0000, 32-09-201-020-0000, 32-09-201-021-0000, 32-09-201-022-0000",0,32-09-201-020-0000,32-09-201-020-0000,0,
3.2092E+13,"32-09-201-017-0000, 32-09-201-020-0000, 32-09-201-021-0000, 32-09-201-022-0000",0,32-09-201-021-0000,32-09-201-021-0000,0,
3.2092E+13,"32-09-201-017-0000, 32-09-201-020-0000, 32-09-201-021-0000, 32-09-201-022-0000",0,32-09-201-022-0000,32-09-201-022-0000,0,
3.21711E+13,"32-17-113-036-0000, 32-17-113-037-0000",0,32-17-113-036-0000,32-17-113-036-0000,0,
3.21711E+13,"32-17-113-036-0000, 32-17-113-037-0000",0,32-17-113-037-0000,32-17-113-037-0000,0,
3.21741E+13,"32-17-407-001-0000, 32-17-407-002-0000, 32-17-407-003-0000, 32-17-407-004-0000",0,32-17-407-001-0000,32-17-407-001-0000,0,
3.21741E+13,"32-17-407-001-0000, 32-17-407-002-0000, 32-17-407-003-0000, 32-17-407-004-0000",0,32-17-407-002-0000,32-17-407-002-0000,0,
3.21741E+13,"32-17-407-001-0000, 32-17-407-002-0000, 32-17-407-003-0000, 32-17-407-004-0000",0,32-17-407-003-0000,32-17-407-003-0000,0,
3.21741E+13,"32-17-407-001-0000, 32-17-407-002-0000, 32-17-407-003-0000, 32-17-407-004-0000",0,32-17-407-004-0000,32-17-407-004-0000,0,
3.2202E+13,"32-20-201-011-0000, 32-20-201-012-0000, 32-20-201-013-0000, 32-20-201-014-0000, 32-20-201-059-0000",0,32-20-201-011-0000,32-20-201-011-0000,0,
3.2202E+13,"32-20-201-011-0000, 32-20-201-012-0000, 32-20-201-013-0000, 32-20-201-014-0000, 32-20-201-059-0000",0,32-20-201-012-0000,32-20-201-012-0000,0,
3.2202E+13,"32-20-201-011-0000, 32-20-201-012-0000, 32-20-201-013-0000, 32-20-201-014-0000, 32-20-201-059-0000",0,32-20-201-013-0000,32-20-201-013-0000,0,
3.2202E+13,"32-20-201-011-0000, 32-20-201-012-0000, 32-20-201-013-0000, 32-20-201-014-0000, 32-20-201-059-0000",0,32-20-201-014-0000,32-20-201-014-0000,0,
3.2202E+13,"32-20-201-011-0000, 32-20-201-012-0000, 32-20-201-013-0000, 32-20-201-014-0000, 32-20-201-059-0000",0,32-20-201-059-0000,32-20-201-059-0000,0,
3.22043E+13,"32-20-434-039-0000, 32-20-434-040-0000, 32-20-434-041-0000",0,32-20-434-039-0000,32-20-434-039-0000,0,
3.22043E+13,"32-20-434-039-0000, 32-20-434-040-0000, 32-20-434-041-0000",0,32-20-434-040-0000,32-20-434-040-0000,0,
3.22043E+13,"32-20-434-039-0000, 32-20-434-040-0000, 32-20-434-041-0000",0,32-20-434-041-0000,32-20-434-041-0000,0,
3.22141E+13,"32-21-411-011-0000, 32-21-412-016-0000",0,32-21-411-011-0000,32-21-411-011-0000,0,
3.22141E+13,"32-21-411-011-0000, 32-21-412-016-0000",0,32-21-412-016-0000,32-21-412-016-0000,0,
3.2253E+13,"32-25-302-026-0000, 32-25-302-027-0000",0,32-25-302-026-0000,32-25-302-026-0000,0,
3.2253E+13,"32-25-302-026-0000, 32-25-302-027-0000",0,32-25-302-027-0000,32-25-302-027-0000,0,
3.2331E+13,"32-33-102-017-0000, 32-33-102-046-0000, 32-33-102-047-0000",0,32-33-102-017-0000,32-33-102-017-0000,0,
3.2331E+13,"32-33-102-017-0000, 32-33-102-046-0000, 32-33-102-047-0000",0,32-33-102-046-0000,32-33-102-046-0000,0,
3.2331E+13,"32-33-102-017-0000, 32-33-102-046-0000, 32-33-102-047-0000",0,32-33-102-047-0000,32-33-102-047-0000,0,
3.2331E+13,"32-33-103-003-0000, 32-33-103-004-0000, 32-33-103-012-0000",0,32-33-103-003-0000,32-33-103-003-0000,0,
3.2331E+13,"32-33-103-003-0000, 32-33-103-004-0000, 32-33-103-012-0000",0,32-33-103-004-0000,32-33-103-004-0000,0,
3.2331E+13,"32-33-103-003-0000, 32-33-103-004-0000, 32-33-103-012-0000",0,32-33-103-012-0000,32-33-103-012-0000,0,
3.23341E+13,"32-33-413-017-0000, 32-33-413-018-0000, 32-33-413-019-0000, 32-33-413-036-0000, 32-33-413-037-0000, 32-33-413-038-0000",0,32-33-413-017-0000,32-33-413-017-0000,0,
3.23341E+13,"32-33-413-017-0000, 32-33-413-018-0000, 32-33-413-019-0000, 32-33-413-036-0000, 32-33-413-037-0000, 32-33-413-038-0000",0,32-33-413-018-0000,32-33-413-018-0000,0,
3.23341E+13,"32-33-413-017-0000, 32-33-413-018-0000, 32-33-413-019-0000, 32-33-413-036-0000, 32-33-413-037-0000, 32-33-413-038-0000",0,32-33-413-019-0000,32-33-413-019-0000,0,
3.23341E+13,"32-33-413-017-0000, 32-33-413-018-0000, 32-33-413-019-0000, 32-33-413-036-0000, 32-33-413-037-0000, 32-33-413-038-0000",0,32-33-413-036-0000,32-33-413-036-0000,0,
3.23341E+13,"32-33-413-017-0000, 32-33-413-018-0000, 32-33-413-019-0000, 32-33-413-036-0000, 32-33-413-037-0000, 32-33-413-038-0000",0,32-33-413-037-0000,32-33-413-037-0000,0,
3.23341E+13,"32-33-413-017-0000, 32-33-413-018-0000, 32-33-413-019-0000, 32-33-413-036-0000, 32-33-413-037-0000, 32-33-413-038-0000",0,32-33-413-038-0000,32-33-413-038-0000,0,
3.3301E+13,"33-30-100-011-0000, 33-30-100-017-0000",0,33-30-100-011-0000,33-30-100-011-0000,0,
3.3301E+13,"33-30-100-011-0000, 33-30-100-017-0000",0,33-30-100-017-0000,33-30-100-017-0000,0,
,,,,,,
