clean_name,incent_type,cur_munilevel_rate,av,eav,pins_in_muni,final_tax_to_dist,current_taxable_eav,new_av,new_taxable_eav,munilevy,cur_muni_taxable_eav,new_muni_taxable_eav,new_comp_rate,group_taxes_hyp,group_taxes_cur,pct_eav,pct_taxburden_current,pct_taxburden_no_incent,burden_shift,av_change_perPIN
Alsip,Industrial,12.923631779382797,18869551,56659602,100,7387650.1,56608480.33,47173877.5,141521200.825,82505440.33,640392525.5220001,725305246.017,11.375271416148864,1609842070.5236855,731587155.3753539,0.08847636370180201,8.867138366260434,19.511950534228312,-10.64,283043.265
Alsip,Not Incentive Prop,12.923631779382797,218473953,656008098,7515,75117790.23,583784045.192,218473953,583784045.192,82505440.33,640392525.5220001,725305246.017,11.375271416148864,6640701962.476315,7544610038.739974,1.0243843765435445,91.44378853762278,80.4880494657717,10.96,NA
Arlington Heights,Commercial,10.179163829995751,574594,1725333,1,187975.04,1725333.089,1436485,4313332.7225,319606289.91,3133985147.1478,3178537914.6463,10.055135363882078,43371144.39419951,17562448.17424364,5.50523668425871e-4,0.054950258266785554,0.13570178611444933,-0.08,861891
Arlington Heights,Industrial,10.179163829995751,9686967,29087058,33,2985805.95,27976511.91,24217417.5,69941279.775,319606289.91,3133985147.1478,3178537914.6463,10.055135363882078,703269035.6607729,284777498.12371737,0.009281172894667915,0.8910259500960062,2.2004230137611214,-1.31,440316.6818181818
Arlington Heights,Not Incentive Prop,10.179163829995751,1153844618,3464649101,30577,316432508.92,3104283302.1488,1153844618,3104283302.1488,319606289.91,3133985147.1478,3178537914.6463,10.055135363882078,31213988810.945034,31599008307.292835,1.1055091004988116,98.86854328239598,97.66387520012444,1.2,NA
Barrington,Not Incentive Prop,8.228960881934565,126052198,378496935,2812,28298165.78,343574936.2876,126052198,343574936.2876,28298165.78,343574936.2876,343574936.2876,8.236388278425569,2829816578,2827264710.7238207,1.1016430333648304,99.90982216670795,100,-0.09,NA
Barrington Hills,Not Incentive Prop,9.015275065963062,70117588,210269989,1516,18247263.55,202314697.493,70117588,202314697.493,18247263.55,202314697.493,202314697.493,9.019247625660686,1824726355.0000002,1823922647.7865024,1.039321372127575,99.95595464430623,100.00000000000001,-0.04,NA
Bartlett,Industrial,12.460399732396722,2464012,7398689,4,426576.34,3472334.88,6160030,8680837.2,48906288.830000006,385825978.481,391034480.801,12.506899322489348,108570356.89532031,43266680.6095438,0.019176233360772385,0.8846854186777556,2.2199671962989203,-1.34,924004.5
Bartlett,Not Incentive Prop,12.460399732396722,144300600,433226157,5975,48479712.49,382353643.601,144300600,382353643.601,48906288.830000006,385825978.481,391034480.801,12.506899322489348,4782058526.104681,4764279238.406812,1.1228537764761588,97.4164949413278,97.78003280370109,-0.36,NA
Bedford Park,Commercial,12.986591757387249,318412,956096,1,85711.31,783968.81,796030,1959922.0250000001,61689669.730000004,489198435.2677,722152911.9197501,8.542466382362981,16742568.01061528,10181082.885994691,0.0019544134467167776,0.1650370788262395,0.2713998645785144,-0.11,477618
Bedford Park,Industrial,12.986591757387249,52644767,158076436,153,19599673.07,154519015.6247,131611917.5,386297539.06175005,61689669.730000004,489198435.2677,722152911.9197501,8.542466382362981,3299933741.0245504,2006675374.6713207,0.32313356831057144,32.52854786634502,53.492485135153444,-20.96,516125.1666666667
Bedford Park,Not Incentive Prop,12.986591757387249,131407561,394577465,1132,42004285.35,333895450.833,131407561,333895450.833,61689669.730000004,489198435.2677,722152911.9197501,8.542466382362981,2852290663.964834,4336163909.616938,0.8065795729376743,70.28995176332154,46.236115000268036,24.05,NA
Bellwood,Commercial,17.31437171286425,444029,1333286,13,211308.06,1221988.087,1110072.5,3054970.2175000003,43823561.59,253182688.7922,264822890.2617,16.548252889579608,50554419.72932402,21157955.9670099,0.005266102537896247,0.4827986407165474,1.153589938725106,-0.67,51234.11538461538
Bellwood,Industrial,17.31437171286425,2797850,8401107,32,1131732.68,6538146.226,6994625,16345365.565,43823561.59,253182688.7922,264822890.2617,16.548252889579608,270487242.94224626,113203894.07002455,0.0331819961312411,2.5831742095525225,6.172187588787127,-3.59,131149.21875
Bellwood,Not Incentive Prop,17.31437171286425,121473416,364748222,6990,42480520.85,245422554.4792,121473416,245422554.4792,43823561.59,253182688.7922,264822890.2617,16.548252889579608,4061314496.32843,4249337334.973546,1.4406522963320274,96.9646733583423,92.67422247248777,4.29,NA
Bensenville,Industrial,11.619753246753248,1170488,3514625,7,414590.12,3500465.389,2926220,8751163.4725,3051321.88,26075152.747799996,31325850.831299998,9.74058740313989,85241472.68305144,40674544.06898012,0.13478828039833957,13.33013876234523,27.93591631278554,-14.61,250818.85714285713
Bensenville,Not Incentive Prop,11.619753246753248,7493854,22501797,70,2636731.76,22574687.358799998,7493854,22574687.358799998,3051321.88,26075152.747799996,31325850.831299998,9.74058740313989,219890715.31694856,262312296.73185578,0.8629593551239508,85.96677343389803,72.06408368721446,13.9,NA
Berkeley,Industrial,14.363460259394746,1434500,4307373,4,558041.62,3802798.187,3586250,9506995.4675,15594888.899999999,107095297.8815,112799495.162,13.825317992428054,131437235.4907597,54621340.63347289,0.04022000111308407,3.5025155346552608,8.428225191829338,-4.93,537937.5
Berkeley,Not Incentive Prop,14.363460259394746,43922851,131887136,3003,15036847.28,103292499.6945,43922851,103292499.6945,15594888.899999999,107095297.8815,112799495.162,13.825317992428054,1428051654.5092402,1483637714.4554946,1.231493245818616,95.13615159230116,91.57177480817066,3.56,NA
Berwyn,Commercial,13.933389337843764,153423,460683,9,67632.86,460682.9235,383557.5,1151707.3087499999,111162471.85000001,797894332.402,798585356.78725,13.919923638120832,16031677.79126565,6418874.534421594,5.773734456956838e-4,0.057743179218640174,0.1442184356326514,-0.09,25570.5
Berwyn,Not Incentive Prop,13.933389337843764,332266450,997696395,15954,111094838.99000001,797433649.4785,332266450,797433649.4785,111162471.85000001,797894332.402,798585356.78725,13.919923638120832,11100215507.208735,11110953509.281572,1.250411682956202,99.95237893121366,99.85578156436735,0.1,NA
Blue Island,Commercial,15.328818787322003,966973,2903530,22,419817.03,2330263.142,2417432.5,5825657.855,37498994.62,243894075.59910002,251377392.05010003,14.917409363737203,86903723.0361062,35720181.4304936,0.011904881218897118,0.9525637098398987,2.3174947466393223,-1.36,65929.97727272728
Blue Island,Industrial,15.328818787322003,1258724,3779570,15,389006.7,2658614.492,3146810,6646536.23,37498994.62,243894075.59910002,251377392.05010003,14.917409363737203,99149101.79382057,40753419.77321614,0.015496768384864969,1.0867869975234057,2.644046935086085,-1.56,125872.4
Blue Island,Not Incentive Prop,15.328818787322003,103112675,309616403,8671,36690170.89,238905197.96510002,103112675,238905197.96510002,37498994.62,243894075.59910002,251377392.05010003,14.917409363737203,3563846637.170073,3662134486.9563074,1.2694707825085954,97.65953791740104,95.03845831827459,2.62,NA
Bridgeview,Commercial,13.021548515568428,123380,370473,2,48347.95,371750.0288,308450,929375.0719999999,65534363.03,502077608.32479995,552085224.2379999,11.87033453402995,11031993.01222817,4840761.03568316,7.378799489507141e-4,0.07386599658361187,0.16833905911587174,-0.09,92535
Bridgeview,Industrial,13.021548515568428,13111339,39369418,31,4336211.21,32966660.58,32778347.5,82416651.44999999,65534363.03,502077608.32479995,552085224.2379999,11.87033453402995,978313223.8860445,429276970.1387472,0.07841301294307365,6.550410354064705,14.928248000796117,-8.38,634419.6290322581
Bridgeview,Not Incentive Prop,13.021548515568428,183447823,550838793,5491,61149803.870000005,468739197.71599996,183447823,468739197.71599996,65534363.03,502077608.32479995,552085224.2379999,11.87033453402995,5564091086.1017275,6103710204.207515,1.09711881961415,93.13755291118628,84.90341294008802,8.23,NA
Broadview,Industrial,12.19921534008683,2085871,6263244,15,776668.54,6092346.201,5214677.5,15230865.502500001,35666753.81,294949152.125,304087671.4265,11.729102216700978,178644378.3276472,74321843.23235893,0.021234995777664162,2.0837849059176525,5.008708650058311,-2.92,208587.1
Broadview,Not Incentive Prop,12.19921534008683,109674383,329319272,3440,34890085.27,288856805.924,109674383,288856805.924,35666753.81,294949152.125,304087671.4265,11.729102216700978,3388031002.672353,3523826377.9165454,1.1165289665265214,98.7986290170472,94.99129134994168,3.81,NA
Brookfield,Not Incentive Prop,12.451880514908131,169727701,509641323,9089,53101216.84,427420014.6565,169727701,427420014.6565,53101216.84,427420014.6565,427420014.6565,12.423661742343835,5310121684,5322182952.18302,1.192366537654017,100.2271373219066,100,0.23,NA
Buffalo Grove,Not Incentive Prop,11.771467088197149,140786211,422738600,6168,41682124.78,354301552.20460004,140786211,354301552.20460004,41682124.78,354301552.20460004,354301552.20460004,11.764589943407769,4168212478,4170649061.073613,1.193160451512443,100.05845630678554,100,0.06,NA
Burbank,Commercial,12.28893426117856,394119,1183421,1,46932.08,381903.1654,985297.5,954757.9135,61709566.74999999,502156861.2979,502729716.046,12.274899370450889,11719557.311354155,4693182.893736603,0.0023566759536875993,0.07605276038883554,0.18991475598642338,-0.11,591178.5
Burbank,Not Incentive Prop,12.28893426117856,208121791,624927272,10130,61662634.669999994,501774958.1325,208121791,501774958.1325,61709566.74999999,502156861.2979,502729716.046,12.274899370450889,6159237117.688645,6166279474.395917,1.244486175863019,99.92420623170098,99.81008524401358,0.11,NA
Burnham,Commercial,24.054519756838907,407729,1224289,14,288373.34,1207044.763,1019322.5,3017611.9075,11077166.81,46037834.6477,47848401.7922,23.150547134482856,69859366.69815548,29034882.098972436,0.026593105635153155,2.6211469590546352,6.306609613849037,-3.69,43685.25
Burnham,Not Incentive Prop,24.054519756838907,18736835,56261067,2289,10788793.47,44830789.8847,18736835,44830789.8847,11077166.81,46037834.6477,47848401.7922,23.150547134482856,1037857314.3018446,1078383120.99621,1.2220615376577175,97.35188965672081,93.69339038615097,3.66,NA
Burr Ridge,Industrial,7.217679492785308,1004519,3016270,4,218106.44,3016269.396,2511297.5,7540673.49,31665218.470000003,438514893.861,443039297.955,7.147270821383496,53895235.608657055,21770465.76422513,0.006878375266670176,0.6875198345734049,1.70203264694725,-1.01,376694.625
Burr Ridge,Not Incentive Prop,7.217679492785308,151150119,453850659,2283,31447112.03,435498624.465,151150119,435498624.465,31665218.470000003,438514893.861,443039297.955,7.147270821383496,3112626611.391343,3143289490.9372406,1.0349720507870848,99.26631309729412,98.29796735305274,0.97,NA
Calumet City,Commercial,25.770212494273935,6684945,20072886,116,5301259.4,20651277.16,16712362.5,51628192.9,92759713.83999999,359745056.80251,393078664.83501,23.59825707633732,1218335368.440933,532187800.69134593,0.055797531113872825,5.737272989105051,13.134315728295839,-7.4,86443.25431034483
Calumet City,Industrial,25.770212494273935,596167,1790109,25,401615.56,1571128.195,1490417.5,3927820.4875000003,92759713.83999999,359745056.80251,393078664.83501,23.59825707633732,92689717.61372958,40488307.44089506,0.004976048916170987,0.4364859028212701,0.9992454027360289,-0.56,35770.02
Calumet City,Not Incentive Prop,25.770212494273935,148493184,445880497,17323,87056838.88,337522651.44751,148493184,337522651.44751,92759713.83999999,359745056.80251,393078664.83501,23.59825707633732,7964946297.945337,8698030449.433088,1.2394346734409083,93.76948342505892,85.86643886896815,7.9,NA
Calumet Park,Commercial,20.62638097982709,1338331,4018604,46,816858.16,3960332.396,3345827.5,9900830.99,15016289.420000002,72802721.91239999,79140454.992,18.974226799072536,187860612.70354587,81687324.80664745,0.05519854058252647,5.4399141173883585,12.510454976536131,-7.07,43641.22826086957
Calumet Park,Industrial,20.62638097982709,88195,264823,2,54622.39,264822.9904,220487.5,662057.476,15016289.420000002,72802721.91239999,79140454.992,18.974226799072536,12562028.703645524,5462339.892207492,0.003637542567689279,0.36376096247400985,0.8365601083123984,-0.47,66146.25
Calumet Park,Not Incentive Prop,20.62638097982709,31839316,95603869,3422,14144808.870000001,68577566.526,31839316,68577566.526,15016289.420000002,72802721.91239999,79140454.992,18.974226799072536,1301206300.5928087,1414507013.8347132,1.3131908600208042,94.19817201650027,86.65298491515146,7.55,NA
Chicago,Commercial,6.7305353348858254,263699704,791811096,185,31617923.35,462902007.85800004,659249260,1157255019.645,6536952734.820001,96397769453.4938,97410237791.8208,6.710745074650548,7766043423.197307,3115578320.477865,0.008213998108970787,0.4766101954328502,1.1880219634800755,-0.71,2138105.708108108
Chicago,Industrial,6.7305353348858254,139567335,419078835,455,14306168.25,212076884.36,348918337.5,530192210.90000004,6536952734.820001,96397769453.4938,97410237791.8208,6.710745074650548,3557984767.91526,1427390963.8974752,0.00434739141139755,0.2183572410267365,0.5442879751850052,-0.33,460112.0934065934
Chicago,Not Incentive Prop,6.7305353348858254,40115624578,120455187803,934201,6491028643.22,95722790561.2758,40115624578,95722790561.2758,6536952734.820001,96397769453.4938,97410237791.8208,6.710745074650548,642371245290.8876,644265624226.5421,1.249564056159126,98.5574854771047,98.26769006133493,0.29,NA
Chicago Heights,Commercial,20.88720060551014,6313767,18958346,97,3997310.02,18210474.97,15784417.5,45526187.425,74443698.7,354769945.6929,393788344.9944,18.904495180287434,860649590.7527748,380365843.82001126,0.05343842180028107,5.109443115566358,11.561080464595115,-6.45,97635.57216494845
Chicago Heights,Industrial,20.88720060551014,2850850,8560248,16,1811668.57,7801791.231,7127125,19504478.0775,74443698.7,354769945.6929,393788344.9944,18.904495180287434,368722311.81012064,162957578.5242069,0.024129011219597558,2.1890043263555214,4.953035894898659,-2.76,267267.1875
Chicago Heights,Not Incentive Prop,20.88720060551014,137797916,413658628,16402,68634720.11,328757679.4919,137797916,328757679.4919,74443698.7,354769945.6929,393788344.9944,18.904495180287434,6214997967.437105,6866827602.149323,1.165991181107759,92.24189181977498,83.48588364050623,8.76,NA
Chicago Ridge,Commercial,12.4867558381985,321254,964629,10,112405.84,899606.5626,803135,2249016.4065,40095738.88,320617061.87851,326708144.12131,12.272647499448944,27601385.577451874,11233167.497627234,0.0030086639630099365,0.280158635590836,0.688387004416063,-0.41,48188.1
Chicago Ridge,Industrial,12.4867558381985,1052757,3161115,11,397048.19000000006,3161114.9326,2631892.5,7902787.331499999,40095738.88,320617061.87851,326708144.12131,12.272647499448944,96988123.18261026,39472070.33985951,0.00985947217368559,0.9844455157190884,2.4189134778855146,-1.43,143557.77272727274
Chicago Ridge,Not Incentive Prop,12.4867558381985,124859643,374915959,4775,39586284.85,316556340.38331,124859643,316556340.38331,40095738.88,320617061.87851,326708144.12131,12.272647499448944,3884984379.2399383,3952761731.400048,1.169357478367964,98.58308742557452,96.89269951769843,1.69,NA
Cicero,Industrial,14.376,10985842,32987187,25,1872679.46,13026429.19,27464605,32566072.974999998,107449932.6,747425797.148,766965440.933,14.009748922883544,456242505.7840531,187267946.03544,0.044134397188150716,1.742839120547201,4.246093922482862,-2.5,659150.52
Cicero,Not Incentive Prop,14.376,349410362,1049174457,18134,105577253.14,734399367.958,349410362,734399367.958,107449932.6,747425797.148,766965440.933,14.009748922883544,10288750754.215944,10557725313.764206,1.4037172131379483,98.25716087758818,95.75390607751712,2.5,NA
Country Club Hills,Commercial,24.768208597285067,3377865,10142715,10,1305289.62,5463017.176,8444662.5,13657542.94,48239067.65,196098647.22079998,204293172.98479998,23.612667494076824,322491020.2282964,135309148.98571917,0.05172251386609348,2.804970236312583,6.685266443541979,-3.88,506679.75
Country Club Hills,Not Incentive Prop,24.768208597285067,99891910,299843002,6620,46933778.03,190635630.04479998,99891910,190635630.04479998,48239067.65,196098647.22079998,204293172.98479998,23.612667494076824,4501415744.771704,4721703051.02447,1.5290416647412546,97.88130826414242,93.31473355645802,4.57,NA
Countryside,Commercial,7.879009246088193,404953,1215952,3,87487.73,1215951.772,1012382.5,3039879.43,26921653.27,338847065.08599997,351998013.949,7.648240104530989,23249727.769464802,9580495.254385324,0.0035884979546492142,0.3558657842555791,0.8636069834304348,-0.51,202476.5
Countryside,Industrial,7.879009246088193,2514852,7551348,12,608940.66,7551347.47,6287130,18878368.675,26921653.27,338847065.08599997,351998013.949,7.648240104530989,144386296.40825656,59497136.53655469,0.02228541657305916,2.210010504921516,5.363203179247266,-3.15,314356.5
Countryside,Not Incentive Prop,7.879009246088193,121526510,364907627,2797,26225224.88,330079765.844,121526510,330079765.844,26921653.27,338847065.08599997,351998013.949,7.648240104530989,2524529302.8222785,2600701527.031502,1.0769095105114332,96.60259349412169,93.77318983732229,2.83,NA
Crestwood,Commercial,10.848149992147007,1487348,4466062,26,475911,4544771.58,3718370,11361928.95,37948292.809999995,350687271.54851,362343695.97701,10.473010357659911,118993599.576346,49302363.779886946,0.012735169942950772,1.2991984653100117,3.135677279927313,-1.84,85808.53846153847
Crestwood,Industrial,10.848149992147007,1074426,3226179,9,320553.05,3226178.039,2686065,8065445.0975,37948292.809999995,350687271.54851,362343695.97701,10.473010357659911,84469490.04525486,34998063.2684427,0.009199589667895112,0.922256593825484,2.2259101474782486,-1.3,179071
Crestwood,Not Incentive Prop,10.848149992147007,137281641,412211532,6332,37151828.76,342916321.92951,137281641,342916321.92951,37948292.809999995,350687271.54851,362343695.97701,10.473010357659911,3591366191.378399,3720007695.0466948,1.1754391032780311,98.02832801127781,94.63841257259445,3.39,NA
Deer Park,Not Incentive Prop,10.550727272727272,213918,642330,22,60652.899999999994,562329.87206,213918,562329.87206,60652.899999999994,562329.87206,562329.87206,10.785999999930361,6065290,5932989.117412679,1.1422654778180876,97.81872123859996,100.00000000000001,-2.18,NA
Deerfield,Not Incentive Prop,8.824126582278481,60140188,180582942,79,15897800.65,179449720.28399998,60140188,179449720.28399998,15897800.65,179449720.28399998,179449720.28399998,8.85919500171964,1589780065,1583487046.9404821,1.0063149817910364,99.60415794624284,100,-0.4,NA
Des Plaines,Commercial,10.076131966456687,1246322,3742331,4,358620.32,3503177.884,3115805,8757944.71,221086974.35,2189470419.455979,2312559269.6259975,9.560272778900739,83728340.41013074,35298482.6611565,0.001709240265017996,0.15965880742153502,0.37871222696992296,-0.22,467370.75
Des Plaines,Industrial,10.076131966456687,26064680,78264416,53,7981735.78,78556055.56267901,65161700,196390138.9066975,221086974.35,2189470419.455979,2312559269.6259975,9.560272778900739,1877543299.0342352,791541182.6138576,0.03574582022416475,3.5802253160368407,8.492328888005497,-4.91,737679.6226415094
Des Plaines,Not Incentive Prop,10.076131966456687,804185722,2414728426,24866,212746618.25,2107411186.0093,804185722,2107411186.0093,221086974.35,2189470419.455979,2312559269.6259975,9.560272778900739,20147425795.555634,21234553217.816708,1.1028824160136363,96.04615233550827,91.12895888502459,4.92,NA
Dixmoor,Commercial,17.747,503933,1513160,14,257431.19,1450561.729,1259832.5,3626404.3225000002,5814239.16,32761814.167,34937656.7605,16.64175476866409,60349731.42706844,25743119.004563,0.046186697485274215,4.4275989164097265,10.379643796260428,-5.95,53992.82142857143
Dixmoor,Not Incentive Prop,17.747,14838108,44554340,2437,5556807.97,31311252.438,14838108,31311252.438,5814239.16,32761814.167,34937656.7605,16.64175476866409,521074184.5729316,555680797.017186,1.3599472780380477,95.57240108733092,89.62035620373958,5.95,NA
Dolton,Commercial,25.20729016493586,901509,2706959,26,630458.75,2567432.603,2253772.5,6418581.5075,54957926.150000006,217620773.3054,223333379.6894,24.60802152657723,157948591.9066505,64718018.602737576,0.012438881449066286,1.1775920806418123,2.873991123237653,-1.7,52010.13461538462
Dolton,Industrial,25.20729016493586,450090,1351486,10,340239.68,1240971.653,1125225,3102429.1325,54957926.150000006,217620773.3054,223333379.6894,24.60802152657723,76344642.87724032,31281532.543631095,0.006210280293891706,0.5691905560310356,1.3891470844236051,-0.82,67513.5
Dolton,Not Incentive Prop,25.20729016493586,100569589,301980273,9786,53987227.720000006,213812369.0494,100569589,213812369.0494,54957926.150000006,217620773.3054,223333379.6894,24.60802152657723,5261499380.21611,5389630427.4805765,1.3876445176316572,98.06830069916268,95.73686179233874,2.33,NA
East Dundee,Not Incentive Prop,8.951,1612361,4841436,2,115283.10999999999,1287935.5376,1612361,1287935.5376,115283.10999999999,1287935.5376,1287935.5376,8.951000002284585,11528310.999999998,11528310.9970576,3.7590670174547407,99.99999997447676,100,-0,NA
East Hazelcrest,Industrial,21.274,346147,1039376,7,221116.84,1039375.952,865367.5,2598439.88,4368216.03,20533120.3815,22092184.309499998,19.772676023355448,51378109.9134066,22111684.002848003,0.05061948601521182,5.061948367706531,11.761806092132902,-6.7,74174.35714285714
East Hazelcrest,Not Incentive Prop,21.274,8344078,25054773,770,4147099.19,19493744.4295,8344078,19493744.4295,4368216.03,20533120.3815,22092184.309499998,19.772676023355448,385443493.08659345,414709918.993183,1.2202126386291454,94.93805163138487,88.2381939078671,6.7,NA
Elgin,Commercial,11.48003128090999,86335,259238,1,29750.15,259237.9749,215837.5,648094.93725,51284180.59,446097267.5779,453803179.73725003,11.300974272523456,7324104.212014954,2976060.061051759,5.811243843916404e-4,0.05803076166594863,0.14281410227782979,-0.08,129502.5
Elgin,Industrial,11.48003128090999,1623530,4874975,5,573998.59,4878036.798,4058825,12195091.995000001,51284180.59,446097267.5779,453803179.73725003,11.300974272523456,137816420.88655177,56000015.03047001,0.010928053934221206,1.0919549534811044,2.6873086261892003,-1.6,487059
Elgin,Not Incentive Prop,11.48003128090999,172234321,517153302,8082,50680431.85,440959992.805,172234321,440959992.805,51284180.59,446097267.5779,453803179.73725003,11.300974272523456,4983277533.901434,5062234511.031244,1.1592837248430172,98.70947439917444,97.16987727153298,1.54,NA
Elk Grove Village,Industrial,9.664524564959116,72689605,218265074,247,15664539.23,169600189.0935,181724012.5,424000472.73375,195805552.93,2071990165.9004998,2326390449.54075,8.416710658722561,3568689298.161558,1639105193.7158418,0.10534078664661067,8.371086361896069,18.2256797356373,-9.85,441434.8481781377
Elk Grove Village,Not Incentive Prop,9.664524564959116,784076717,2354347297,14062,180141013.70000002,1902389976.807,784076717,1902389976.807,195805552.93,2071990165.9004998,2326390449.54075,8.416710658722561,16011865994.838442,18385694662.983253,1.1362733934486537,93.89771836325853,81.7743202643627,12.12,NA
Elmwood Park,Not Incentive Prop,12.509463666197844,191953956,576380157,8532,60171959.599999994,481029335.67355,191953956,481029335.67355,60171959.599999994,481029335.67355,481029335.67355,12.509000000123823,6017195960,6017418996.983561,1.1982224663968513,100.00370665979709,100.00000000000001,0,NA
Evanston,Commercial,8.883770613189355,1276888,3834112,10,333671.22,3725256.447,3192220,9313141.1175,286739428.03,3220695482.476,3227740241.5795,8.883596775733215,82734190.40337142,33094323.75045279,0.0011904608867437598,0.11541602066315873,0.2885344055115971,-0.17,191533.2
Evanston,Industrial,8.883770613189355,322372,967986,5,87613.47,971249.622,805930,2428124.0549999997,286739428.03,3220695482.476,3227740241.5795,8.883596775733215,21570475.026078258,8628358.84999487,3.005518544882218e-4,0.030091288488906843,0.07522674915785023,-0.05,96711.6
Evanston,Not Incentive Prop,8.883770613189355,1162993761,3492121457,25915,286318143.34,3215998976.407,1162993761,3215998976.407,286739428.03,3220695482.476,3227740241.5795,8.883596775733215,28569638137.570545,28570197198.651554,1.084275578365246,99.63818856352887,99.63623884533054,0,NA
Evergreen Park,Commercial,12.735583897010692,4550621,13664151,5,2439986.9499999997,13664149.473000001,11376552.5,34160373.682500005,57980172.830000006,449728761.923841,470224986.133341,12.33030454352731,421207810.8259206,174020921.99468595,0.030383093448477165,3.0013867413766024,7.264687051915443,-4.26,1365186.3
Evergreen Park,Not Incentive Prop,12.735583897010692,176833355,530977525,9161,55540185.88,436064612.450841,176833355,436064612.450841,57980172.830000006,449728761.923841,470224986.133341,12.33030454352731,5376809472.174081,5553537456.3851385,1.1806617009074416,95.7833891366332,92.73531294808457,3.05,NA
Flossmoor,Commercial,17.926620146185474,813010,2441224,4,426924.57,2408737.136,2032525,6021842.84,41964925.75,234227536.68570003,237840642.38970003,17.644135723969665,106250212.37737495,43180515.6690827,0.010422446628364515,1.0289668073363076,2.5318813384859844,-1.5,304878.75
Flossmoor,Not Incentive Prop,17.926620146185474,90981453,273189996,4374,41538001.18,231818799.54970002,90981453,231818799.54970002,41964925.75,234227536.68570003,237840642.38970003,17.644135723969665,4090242362.622625,4155727562.2721844,1.1663444865006716,99.0285932359164,97.46811866151401,1.56,NA
Ford Heights,Commercial,27.719192884697815,775968,2329998,11,500292.3,2214279.512,1939920,5535698.78,3653245.3699999996,13907801.2318,17229220.4998,21.203776282521936,117377718.49854963,61378040.89376255,0.16753172993819404,16.800963164913984,32.12971115010258,-15.33,105813.81818181818
Ford Heights,Not Incentive Prop,27.719192884697815,5530908,16434308,2322,3152953.07,11693521.7198,5530908,11693521.7198,3653245.3699999996,13907801.2318,17229220.4998,21.203776282521936,247946818.50145033,324134984.05253947,1.1816611214160277,88.7252158626672,67.87028884989742,20.85,NA
Forest Park,Industrial,11.334132220795892,948125,2846935,4,322785.45,2846934.645,2370312.5,7117336.6125,45152753.08,398496086.45,402766488.4175,11.210652916385516,79789990.45182054,32267533.690394614,0.007144198140970225,0.7146304818495602,1.7671124130670737,-1.05,355546.875
Forest Park,Not Incentive Prop,11.334132220795892,155037928,465532371,6228,44829967.629999995,395649151.805,155037928,395649151.805,45152753.08,398496086.45,402766488.4175,11.210652916385516,4435485317.54818,4484339799.603616,1.1682231942280596,99.31486994067508,98.23288758693293,1.08,NA
Forestview,Industrial,13.010892045454543,2745381,8243556,9,1115833.61,8609236.755,6863452.5,21523091.887500003,9139937.28,72049196.2952,84963051.42770001,10.757543575018257,231535598.84890324,112013850.0130644,0.1144156551896082,12.255428738900974,25.33229624622799,-13.08,457563.5
Forestview,Not Incentive Prop,13.010892045454543,22917212,68813510,519,8024103.67,63439959.5402,22917212,63439959.5402,9139937.28,72049196.2952,84963051.42770001,10.757543575018257,682458129.1510967,825410464.9455463,0.955090598346958,90.30811040155697,74.66770375377202,15.64,NA
Frankfort,Not Incentive Prop,8.411,31486,31486,1,2647.31,31474.37879,31486,31474.37879,2647.31,31474.37879,31474.37879,8.410999999914534,264731,264731.00000268995,1.000369227620902,100.0000000010161,100,0,NA
Franklin Park,Industrial,12.989024737540726,48962143,147018626,100,16998870.48,131398926.94982,122405357.5,328497317.37455,105413878,812862172.6368201,1009960563.06155,10.437425168409845,3428666168.120245,1706743912.6375186,0.18086538031790866,16.190884397949183,32.525756884878525,-16.33,734432.145
Franklin Park,Not Incentive Prop,12.989024737540726,258734654,776902576,8187,88415007.52,681463245.687,258734654,681463245.687,105413878,812862172.6368201,1009960563.06155,10.437425168409845,7112721631.879756,8851542955.953238,0.9557617541480965,83.96942721292578,67.47424311512148,16.5,NA
Glencoe,Not Incentive Prop,9.533992433795712,311355591,934907470,3965,85958759.89,901549830.095,311355591,901549830.095,85958759.89,901549830.095,901549830.095,9.534554499438169,8595875989,8595369258.81554,1.0370003285359002,99.99410496166874,100,-0.01,NA
Glenview,Commercial,8.356378586723768,7463904,22411865,3,1864399.26,22401501.349,18659760,56003753.3725,256929623.09,3072926554.37,3158936746.2935,8.133420949041327,455502100.90483534,187195426.18324718,0.0072933292102696536,0.7285863884900279,1.7728671977433963,-1.04,3731952
Glenview,Industrial,8.356378586723768,11652602,34989268,7,2940334.99,34938626.6,29131505,87346566.5,256929623.09,3072926554.37,3158936746.2935,8.133420949041327,710426393.7979313,291960391.16977745,0.011386301423391284,1.1363438269922908,2.76506221919407,-1.63,2496986.1428571427
Glenview,Not Incentive Prop,8.356378586723768,1083182989,3252473533,18670,252124888.84,3015586426.421,1083182989,3015586426.421,256929623.09,3072926554.37,3158936746.2935,8.133420949041327,24527033814.297234,25199381840.159294,1.0584286592774783,98.0789273618799,95.46207058306253,2.62,NA
Glenwood,Commercial,18.555715476190475,534459,1604822,10,208084.63,1177575.351,1336147.5,2943938.3775,18917354.580000002,102031806.9126,104066540.9595,18.17813334197602,53515304.37675554,21850753.16493113,0.015728644317498795,1.1550638897487497,2.8289000002851106,-1.67,80168.85
Glenwood,Industrial,18.555715476190475,139945,420213,2,31751.87,178914.0136,349862.5,447285.034,18917354.580000002,102031806.9126,104066540.9595,18.17813334197602,8130806.989922279,3319877.531064873,0.004118451027334571,0.17549375188932326,0.4298067658211795,-0.25,104958.75
Glenwood,Not Incentive Prop,18.555715476190475,51361324,154098736,4188,18677518.080000002,100675317.548,51361324,100675317.548,18917354.580000002,102031806.9126,104066540.9595,18.17813334197602,1830089346.6333222,1868102547.895814,1.5103009606798428,98.75072859663096,96.7412932338937,2.01,NA
Golf,Not Incentive Prop,9.401,14240077,42758673,217,3844800.88,40897786.195972994,14240077,40897786.195972994,3844800.88,40897786.195972994,40897786.195972994,9.400999999307,384480087.99999994,384480088.0283421,1.0455009177051797,100.00000000737155,99.99999999999999,0,NA
Hanover Park,Commercial,12.147540250772304,285415,857016,2,56684.42,476119.6086,713537.5,1190299.0215,33846815.99,277381431.31960005,278095610.7325,12.170927797403186,14487043.447996164,5783682.1096504545,0.0030896660815501473,0.17087817392806567,0.4280179102305027,-0.26,214061.25
Hanover Park,Not Incentive Prop,12.147540250772304,115260811,346090401,5501,33790131.57,276905311.711,115260811,276905311.711,33846815.99,277381431.31960005,278095610.7325,12.170927797403186,3370194555.5520043,3363718419.662024,1.247705729087659,99.38064545438573,99.5719820897695,-0.19,NA
Harvey,Commercial,26.927314647263525,4607497,13834938,117,3823680.54,13948981.64,11518742.5,34872454.1,54729654.12,202229364.30280003,231287205.9643,23.66307029038507,825189332.566527,375608617.629182,0.06841211239375114,6.862981754016281,15.077554313740418,-8.21,59070.47435897436
Harvey,Industrial,26.927314647263525,1802392,5412044,18,1513299.97,5422912.801,4505980,13557282.0025,54729654.12,202229364.30280003,231287205.9643,23.66307029038507,320806916.97172993,146024479.29720017,0.02676190976843745,2.668105283052357,5.861665346328155,-3.19,150199.33333333334
Harvey,Not Incentive Prop,26.927314647263525,78760735,236494676,15670,49392673.61,182857469.86180001,78760735,182857469.86180001,54729654.12,202229364.30280003,231287205.9643,23.66307029038507,4326969162.461743,4923860626.571197,1.1694378648488168,89.96696043017486,79.06078033993144,10.91,NA
Harwood Heights,Industrial,8.993298644067798,300000,900810,1,79244.24,900809.8215,750000,2252024.55375,24535395.08,273479318.287,274830533.01925,8.927463339119408,20104866.64239987,8101251.746258904,0.0032938871050375166,0.33018631735270615,0.8194229836872825,-0.49,450000
Harwood Heights,Not Incentive Prop,8.993298644067798,102709529,308405840,2949,24456150.84,272578508.4655,102709529,272578508.4655,24535395.08,273479318.287,274830533.01925,8.927463339119408,2433434641.3576,2451379930.5848036,1.1277117477539809,99.91198114364352,99.18057701631272,0.73,NA
Hazelcrest,Commercial,25.03964877061936,901020,2705492,25,635585.51,2687751.549,2252550,6719378.8725000005,33129544.96,131429143.39609998,136137611.92624998,24.335335761543487,163518340.971309,67300354.76964813,0.020585175632212807,2.0314300981466946,4.935725533469839,-2.9,54061.2
Hazelcrest,Industrial,25.03964877061936,156040,468541,3,108539.76,451227.4711,390100,1128068.67775,33129544.96,131429143.39609998,136137611.92624998,24.335335761543487,27451930.035126653,11298577.391998798,0.0035649703550750178,0.3410423356445279,0.8286238180533902,-0.49,78020
Hazelcrest,Not Incentive Prop,25.03964877061936,61599751,184940973,6398,32385419.69,128290164.37599999,61599751,128290164.37599999,33129544.96,131429143.39609998,136137611.92624998,24.335335761543487,3121984224.9935646,3212340656.700063,1.4071534533450205,96.9630177709529,94.23565064847678,2.73,NA
Hickory Hills,Industrial,11.997387346553351,102913,309017,1,38138.86,309016.853,257282.5,772542.1325000001,36842047.48,305930166.758,306393692.0375,12.024414482883948,9289366.806671051,3707394.882053937,0.0010100899930030169,0.10062944748297516,0.2521403516379989,-0.15,154369.5
Hickory Hills,Not Incentive Prop,11.997387346553351,120559882,362005123,5294,36803908.62,305621149.90500003,120559882,305621149.90500003,36842047.48,305930166.758,306393692.0375,12.024414482883948,3674915381.1933284,3666655316.7093325,1.1832933209439165,99.52365754644353,99.747859648362,-0.22,NA
Hillside,Industrial,13.785786378555798,4522546,13579849,19,1709969.05,13435425.65,11306365,33588564.125,32604671.36,236998200.494,257151338.96899998,12.679176196679476,425875322.7343422,185217907.91586918,0.05729937599397003,5.680716909267727,13.06178854042411,-7.38,357043.1052631579
Hillside,Not Incentive Prop,13.785786378555798,97639442,293181963,3637,30894702.31,223562774.84399998,97639442,223562774.84399998,32604671.36,236998200.494,257151338.96899998,12.679176196679476,2834591813.265658,3081988656.196552,1.2370640890474711,94.5259843955241,86.9382114595759,7.59,NA
Hinsdale,Not Incentive Prop,7.489295900178253,71538147,214807606,1122,15644671.81,208478720.31320003,71538147,208478720.31320003,15644671.81,208478720.31320003,208478720.31320003,7.504205602613459,1564467181,1561358825.3160577,1.0303574661111312,99.80131537933858,100,-0.2,NA
Hodgkins,Industrial,10.365630241423125,17772862,53366574,58,5549458.68,53208369.93,44432155,133020924.825,22775069.009999998,219671924.902,299484479.797,7.604757690761691,1011591901.0951514,551538288.4432368,0.24293761719349383,24.216755971236324,44.416633848660794,-20.2,459642.9827586207
Hodgkins,Not Incentive Prop,10.365630241423125,63603698,190982826,729,17225610.33,166463554.972,63603698,166463554.972,22775069.009999998,219671924.902,299484479.797,7.604757690761691,1265914999.9048486,1725499659.512564,0.8694002480526413,75.76265339766644,55.58336615133921,20.18,NA
Hoffman Estates,Commercial,11.144199824954873,492400,1478529,2,165523.1,1477159.431,1231000,3692898.5775,177316159.14,1615768745.8801,1628173330.54675,10.89049647315229,40217498.93397286,16461759.87238064,9.150622598499724e-4,0.09283846408709573,0.22681237361011825,-0.13,369300
Hoffman Estates,Industrial,11.144199824954873,2326491,6985755,9,671617.31,6792563.6801,5816227.5,16981409.20025,177316159.14,1615768745.8801,1628173330.54675,10.89049647315229,184935977.00447845,75697686.97476526,0.004323486896136798,0.42690800061261275,1.0429730595419802,-0.62,387748.5
Hoffman Estates,Not Incentive Prop,11.144199824954873,612314739,1838395044,18270,176479018.73,1607499022.769,612314739,1607499022.769,177316159.14,1615768745.8801,1628173330.54675,10.89049647315229,17506462438.061546,17914290328.15742,1.1377835155479732,101.03021865036672,98.73021456684789,2.3,NA
Homer Glen,Not Incentive Prop,8.717,63637,191082,3,16656.62,191082.0236,63637,191082.0236,16656.62,191082.0236,191082.0236,8.71700000145906,1665661.9999999998,1665661.9997212,0.99999987649283,99.99999998326192,99.99999999999999,-0,NA
Hometown,Not Incentive Prop,12.562,21515598,64604867,1702,5811465.68,46262264.60915,21515598,46262264.60915,5811465.68,46262264.60915,46262264.60915,12.561999999564605,581146568,581146568.0201423,1.396491666497928,100.00000000346597,100,0,NA
Homewood,Commercial,16.342899910132555,3510523,10541046,42,1687369.61,10130368.24,8776307.5,25325920.6,62854932.64,382261313.29187,401591971.20437,15.651441549366321,396387165.95479244,165559594.19910568,0.02757549779030749,2.6339952529635817,6.3063812067875356,-3.67,125375.82142857143
Homewood,Industrial,16.342899910132555,918086,2756737,8,459272.39,2756737.035,2295215,6891842.5875,62854932.64,382261313.29187,401591971.20437,15.651441549366321,107867271.4256898,45053077.44156059,0.00721165575522191,0.7167787085160193,1.716130570746083,-1,172141.125
Homewood,Not Incentive Prop,16.342899910132555,152412323,457648563,8852,60708290.64,369374208.01687,152412323,369374208.01687,62854932.64,382261313.29187,401591971.20437,15.651441549366321,5781238826.619518,6036645711.004189,1.1972139138510445,96.04092244564035,91.97748822246639,4.06,NA
Indian Head Park,Not Incentive Prop,8.315145414847162,59648967,179107950,2290,12849067.31,154840300.9356,59648967,154840300.9356,12849067.31,154840300.9356,154840300.9356,8.298270690744838,1284906731,1287519618.3582091,1.1567269562107942,100.2033522974991,100,0.2,NA
Inverness,Not Incentive Prop,9.68176256394824,159557199,479084349,3323,42636144.8,438510836.088,159557199,438510836.088,42636144.8,438510836.088,438510836.088,9.722939843485147,4263614479.9999995,4245557796.722441,1.0925256791233724,99.57649352768033,100,-0.42,NA
Justice,Not Incentive Prop,11.36357444413172,74665092,224196869,3553,20218646.12,177640209.482,74665092,177640209.482,20218646.12,177640209.482,177640209.482,11.381795922757412,2021864612,2018627744.7198603,1.262084016078114,99.83990682358608,100,-0.16,NA
Kenilworth,Not Incentive Prop,9.837305816135084,101609688,305103427,1066,29078701.830000002,295591415.9285,101609688,295591415.9285,29078701.830000002,295591415.9285,295591415.9285,9.837464913742213,2907870183,2907823155.1130376,1.032179591689499,99.99838273774265,100,-0,NA
La Grange,Industrial,9.268452916073969,247805,744084,4,69891.81,744083.9987,619512.5,1860209.99675,71548863.53,771164541.0157,772280667.01375,9.264619274578594,17234137.390653834,6896507.507554994,9.648835759745485e-4,0.09638877778489564,0.240872273022585,-0.14,92926.875
La Grange,Not Incentive Prop,9.268452916073969,276729959,830937029,7026,71478971.72,770420457.017,276729959,770420457.017,71548863.53,771164541.0157,772280667.01375,9.264619274578594,7137652215.609347,7140605731.442253,1.0775093832835905,99.8004074299271,99.75912772697743,0.04,NA
La Grange Park,Not Incentive Prop,10.130904162436549,156511637,469957471,4925,40669683.11,401890915.9817,156511637,401890915.9817,40669683.11,401890915.9817,401890915.9817,10.119582576445167,4066968310.9999995,4071518353.5644417,1.1693657465534737,100.11187799403638,99.99999999999999,0.11,NA
Lansing,Commercial,20.62785994613313,3603402,10819937,45,1125133.7,5396554.769,9008505,13491386.922500001,76739825.71,371200068.9105,382472784.6195,20.064127121186935,270692902.25415903,111319375.96656883,0.029148531765517516,1.450607620445283,3.52741095969006,-2.08,120113.4
Lansing,Industrial,20.62785994613313,785829,2359608,6,446026.55,2118589.037,1964572.5,5296472.5925,76739825.71,371200068.9105,382472784.6195,20.064127121186935,106269099.38980253,43701957.93864906,0.006356701406132887,0.5694821109419622,1.3847972471477032,-0.82,196457.25
Lansing,Not Incentive Prop,20.62785994613313,165582776,497176774,12944,75168665.46,363684925.1045,165582776,363684925.1045,76739825.71,371200068.9105,382472784.6195,20.064127121186935,7297020569.356038,7502041699.575542,1.3393768364840315,97.7594310407451,95.08779179316224,2.67,NA
Lemont,Industrial,7.838208343528261,647525,1944323,4,91966.6,1173342.689,1618812.5,2933356.7225,56597990.02,722098326.7649001,723858340.7984,7.81893180336551,22935716.168171268,9196904.454737686,0.002692601447659953,0.16249524853246167,0.4052390581373382,-0.24,242821.875
Lemont,Not Incentive Prop,7.838208343528261,267872365,804264055,8170,56506023.42,720924984.0759001,267872365,720924984.0759001,56597990.02,722098326.7649001,723858340.7984,7.81893180336551,5636863285.831829,5650760225.241698,1.113787451361664,99.84029862623906,99.59476094186266,0.25,NA
Lincolnwood,Commercial,9.662,1171078,3516396,2,339754.19,3516396.088,2927695,8790990.22,66684776.78,690175706.600543,696814526.979743,9.569946405830109,84129305.25957665,33975419.002256006,0.0050949286773943276,0.5094928804267342,1.2615968639608401,-0.75,878308.5
Lincolnwood,Industrial,9.662,321929,966657,2,87874.36,909484.1648,804822.5,2273710.412,66684776.78,690175706.600543,696814526.979743,9.569946405830109,21759286.785217896,8787436.0002976,0.0014005955161204735,0.1317757428998865,0.32630066164882043,-0.19,241446.75
Lincolnwood,Not Incentive Prop,9.662,251390673,754850794,5836,66257148.230000004,685749826.347743,251390673,685749826.347743,66684776.78,690175706.600543,696814526.979743,9.569946405830109,6562589085.955205,6625714822.171894,1.0937081482018742,99.35873136429346,98.41210247439032,0.95,NA
Lynwood,Commercial,14.297035195530729,984316,2955607,18,358840.67,2791110.484,2460790,6977776.210000001,21086681.029999997,150598583.627,156373190.5925,13.484844141187052,94094224.64393291,39904604.82436281,0.019625729066087345,1.892408045039927,4.462258641370122,-2.57,82026.33333333333
Lynwood,Industrial,14.297035195530729,346273,1039754,3,134308.07,1058627.493,865682.5,2646568.7325,21086681.029999997,150598583.627,156373190.5925,13.484844141187052,35688566.86670147,15135234.52637746,0.006904141957770632,0.7177627671630532,1.6924696122603355,-0.97,173136.5
Lynwood,Not Incentive Prop,14.297035195530729,60105318,180205032,3559,20593532.29,146748845.65,60105318,146748845.65,21086681.029999997,150598583.627,156373190.5925,13.484844141187052,1978885311.4893656,2098073411.1615565,1.196591811556002,99.49756475078415,93.84527174636955,5.65,NA
Lyons,Industrial,11.513348591549295,412272,1237930,15,141978.19,1237929.985,1030680,3094824.9625000004,22610760.57,196290023.68912002,198146918.66662002,11.411108849006304,35315384.515709355,14252719.449236391,0.006306637376337614,0.6303511730669921,1.5618839714116417,-0.93,41227.2
Lyons,Not Incentive Prop,11.513348591549295,80338058,241231029,4245,22468782.38,195052093.70412,80338058,195052093.70412,22610760.57,196290023.68912002,198146918.66662002,11.411108849006304,2225760672.4842906,2245702748.327071,1.2289520601518527,99.32008883003581,98.43811602858835,0.88,NA
Markham,Commercial,26.36818094078776,1814520,5448458,26,1195864.44,4457459.728,4536300,11143649.32,31891599.53,118979675.84992,134218931.30242,23.76088024284916,264782916.9608275,117535104.6441786,0.04579318241606777,3.685456558352142,8.30259130501591,-4.62,104683.84615384616
Markham,Industrial,26.36818094078776,2560590,7688683,23,1602559.44,5702043.907,6401475,14255109.767499998,31891599.53,118979675.84992,134218931.30242,23.76088024284916,338713956.0342368,150352525.47209236,0.06462181834902998,4.7144868143304555,10.62078920549636,-5.91,166995
Markham,Not Incentive Prop,26.36818094078776,52955053,159004609,11452,29093175.650000002,108820172.21492,52955053,108820172.21492,31891599.53,118979675.84992,134218931.30242,23.76088024284916,2585663080.0049357,2869389990.970695,1.336401430447391,89.97322283165816,81.07661948948773,8.9,NA
Matteson,Commercial,18.12660381549719,6290586,18888743,24,3406169.83,18788082.89,15726465,46970207.225,82090659.27,452060060.05567,499268789.38567,16.44217724304562,772292472.336032,340564134.9997515,0.04178370236396,4.14863442477201,9.407799610865911,-5.26,393161.625
Matteson,Industrial,18.12660381549719,4164493,12504723,2,2317503.91,12684403.33,10411232.5,31711008.325,82090659.27,452060060.05567,499268789.38567,16.44217724304562,521398019.4353452,229925153.7988833,0.027661640797154424,2.800868647462664,6.351490219130082,-3.55,3123369.75
Matteson,Not Incentive Prop,18.12660381549719,168827195,506684402,7627,76366985.53,420587573.83567,168827195,420587573.83567,82090659.27,452060060.05567,499268789.38567,16.44217724304562,6915375435.228622,7623824320.640362,1.1208342580355433,92.87078930095139,84.24071017000401,8.63,NA
Maywood,Commercial,18.856485674025365,1112661,3340987,14,616791.7,3276275.895,2781652.5,8190689.7375,47801940.050000004,253525544.03599998,259962272.63,18.388029757700924,150610646.62924555,61779049.47822213,0.01317810799974297,1.2923962795987425,3.150722470086139,-1.86,119213.67857142857
Maywood,Industrial,18.856485674025365,451202,1354824,3,191060.65,1014876.501,1128005,2537191.2525,47801940.050000004,253525544.03599998,259962272.63,18.388029757700924,46653948.251948476,19137004.20201149,0.00534393488889474,0.40033948793698565,0.975984409903641,-0.58,225601
Maywood,Not Incentive Prop,18.856485674025365,118542288,355946922,8499,46994087.7,249234391.64,118542288,249234391.64,47801940.050000004,253525544.03599998,259962272.63,18.388029757700924,4582929410.118806,4699684735.434087,1.4039883963308109,98.3157740149939,95.8732931200102,2.44,NA
Mc Cook,Industrial,13.22969784172662,28051854,84231300,45,4378517.47,34067644.17,70129635,85169110.42500001,14222399.239999998,110129559.578,161231025.833,8.82113052777527,751287839.9934306,450704638.5485595,0.7648382534422343,31.689775469174606,52.824268768975344,-21.13,935061.8
Mc Cook,Not Incentive Prop,13.22969784172662,27198056,81667598,372,9843881.77,76061915.40799999,27198056,76061915.40799999,14222399.239999998,110129559.578,161231025.833,8.82113052777527,670952084.006569,1006276158.1108103,0.7415592899212348,70.75291173662836,47.17573123102464,23.58,NA
Melrose Park,Commercial,10.868178667421134,1031143,3096214,4,389120.3,3331295.508,2577857.5,8328238.77,79217249.88,698849789.91516,807900145.4421599,9.80532684972408,81661103.22239405,36205114.77492145,0.004430442771365616,0.4570357444845124,1.0308500149411404,-0.57,386678.625
Melrose Park,Industrial,10.868178667421134,28514874,85621616,87,8654253.86,69368941.51,71287185,173422353.775,79217249.88,698849789.91516,807900145.4421599,9.80532684972408,1700462861.8123558,753914050.3005664,0.1225179104802971,9.517043970127867,21.465815392332527,-11.95,491635.7586206897
Melrose Park,Not Incentive Prop,10.868178667421134,238960616,717527108,6978,70173875.72,626149552.8971599,238960616,626149552.8971599,79217249.88,698849789.91516,807900145.4421599,9.80532684972408,6139601022.965251,6805105213.412194,1.026725797666917,85.90433552945495,77.50333459272635,8.4,NA
Merrionette Park,Not Incentive Prop,11.158,18568676,55756160,674,5572823.8,49944647.7826,18568676,49944647.7826,5572823.8,49944647.7826,49944647.7826,11.158000000835909,557282380,557282379.9582508,1.1163590589865897,99.99999999250842,100,-0,NA
Midlothian,Commercial,15.03320399113082,1301440,3907835,22,492806.52,3276995.635,3253600,8192489.087499999,30988553.84,206141194.775594,211056688.228094,14.682573719961875,120286824.97720192,49263743.85900027,0.01895707941468993,1.5897400089516496,3.8816533871914922,-2.29,88734.54545454546
Midlothian,Not Incentive Prop,15.03320399113082,87309697,262164748,6292,30495747.32,202864199.140594,87309697,202864199.140594,30988553.84,206141194.775594,211056688.228094,14.682573719961875,2978568559.022798,3049698888.177935,1.2717727200785531,98.41372088301154,96.11834661280851,2.3,NA
Morton Grove,Not Incentive Prop,10.666815567765568,354849898,1065507698,10920,92225884.28,871742577.2689,354849898,871742577.2689,92225884.28,871742577.2689,871742577.2689,10.579486041502797,9222588428.000002,9298717294.29598,1.2222733244694215,100.82546095264158,100.00000000000001,0.83,NA
Mt Prospect,Commercial,10.361974141497724,1243856,3734927,4,404370.4,3717493.909,3109640,9293734.7725,190531575.48,1849640876.342,1967793592.3805,9.682498012889052,89986568.46704915,38520575.75623329,0.002019271442241531,0.20217423626078596,0.4722921554621533,-0.27,466446
Mt Prospect,Industrial,10.361974141497724,25002579,75075244,42,7674892.26,75050983.45,62506447.5,187627458.625,190531575.48,1849640876.342,1967793592.3805,9.682498012889052,1816702495.2999854,777676349.8028736,0.04058909216392043,4.081614020372733,9.53491562080052,-5.45,892949.25
Mt Prospect,Not Incentive Prop,10.361974141497724,668417805,2007058026,19290,182452312.82,1770872398.983,668417805,1770872398.983,190531575.48,1849640876.342,1967793592.3805,9.682498012889052,17146468484.232967,18349734006.153885,1.08510687218879,96.30809990378759,89.99279222373734,6.32,NA
Niles,Commercial,9.304686902286903,527837,1584936,1,130804.77,1584936.023,1319592.5,3962340.0575,124183334.83,1360539460.666,1408369598.9004998,8.817524528145785,34938030.645860836,14747333.454170795,0.0011649320330805806,0.11875452913516185,0.28134234511972994,-0.16,791755.5
Niles,Industrial,9.304686902286903,9996222,30015655,19,2516119.83,30301822.8,24990555,75754557,124183334.83,1360539460.666,1408369598.9004998,8.817524528145785,667967664.466318,281948973.72257864,0.022061583561352193,2.270425207283658,5.3788832888143014,-3.11,789175.4210526316
Niles,Not Incentive Prop,9.304686902286903,510237415,1532090064,12005,121536410.23,1328652701.843,510237415,1328652701.843,124183334.83,1360539460.666,1408369598.9004998,8.817524528145785,11715427787.887821,12362697392.526667,1.1260901343133585,99.55198424531362,94.33977436606597,5.21,NA
Norridge,Not Incentive Prop,8.628542181069959,197407649,592755963,5832,44264197.37,510935997.093,197407649,510935997.093,44264197.37,510935997.093,510935997.093,8.663354631860686,4426419737,4408632802.743988,1.16013740737102,99.59816431082365,100,-0.4,NA
North Lake,Commercial,13.581068273092368,178754,536743,7,71880.63,536743.0556,446885,1341857.639,56252418.699999996,415884577.1706,638003722.554,8.816942082220978,11831081.085648784,7289544.083211812,0.0012906056859613303,0.1295863227159655,0.21032128678315454,-0.08,38304.42857142857
North Lake,Industrial,13.581068273092368,49086331,147391525,19,19961360.77,147542687.2,122715827.5,368856718,56252418.699999996,415884577.1706,638003722.554,8.816942082220978,3252188319.244116,2003787308.0587113,0.3544048832076274,35.62135379004977,57.814195272000205,-22.19,3875236.6578947366
North Lake,Not Incentive Prop,13.581068273092368,102292296,307153007,4207,36219177.3,267805146.915,102292296,267805146.915,56252418.699999996,415884577.1706,638003722.554,8.816942082220978,2361222469.6702347,3637079984.138147,0.7385534926292849,64.65641954944326,41.97548344121663,22.68,NA
North Riverside,Not Incentive Prop,9.98606468023256,96141104,288682904,2752,26167676.75,262274246.59199002,96141104,262274246.59199002,26167676.75,262274246.59199002,262274246.59199002,9.977219300035985,2616767675,2619087590.4268765,1.1006910047447125,100.0886557660063,100,0.09,NA
Northbrook,Industrial,8.483042790575572,6131463,18410943,8,1548709.46,18222523.1,15328657.5,45556307.75,224429595.28,2650549892.58,2677883677.23,8.380856763433044,381800889.9236247,154582443.20955184,0.006946084301804673,0.6887792272525094,1.7012056250749243,-1.01,1149649.3125
Northbrook,Not Incentive Prop,8.483042790575572,936298499,2811423547,15229,222880885.82,2632327369.48,936298499,2632327369.48,224429595.28,2650549892.58,2677883677.23,8.380856763433044,22061158638.076374,22330145714.102074,1.0606944449038114,99.49733093909839,98.29879437492507,1.2,NA
Northfield,Not Incentive Prop,8.154834152334152,197749544,593782600,3256,46112951.14,565962614.187,197749544,565962614.187,46112951.14,565962614.187,565962614.187,8.14770268991015,4611295114,4615331255.116465,1.0491551652275886,100.08752727849082,100,0.09,NA
Oak Brook,Not Incentive Prop,6.4740625,321393,965046,16,56975.29,887624.05128,321393,887624.05128,56975.29,887624.05128,887624.05128,6.418853783630431,5697529,5746533.584489925,1.087223806755071,100.86010241439622,100,0.86,NA
Oak Forest,Commercial,14.337595646983194,2596262,7795793,43,1132705.95,7499157.933,6490655,18747894.8325,68137329.34,474115537.386,488430897.8115,13.950249594221253,261537812.27958584,107519894.13622029,0.01644281274345387,1.5779880893145126,3.838392476090931,-2.26,90567.27906976744
Oak Forest,Industrial,14.337595646983194,685697,2058944,11,333596.6,2044415.684,1714242.5,5111039.21,68137329.34,474115537.386,488430897.8115,13.950249594221253,71300272.6653514,29312005.41154257,0.0043427051797370565,0.43019011304769417,1.0464201247097396,-0.62,93504.13636363637
Oak Forest,Not Incentive Prop,14.337595646983194,194603966,584261219,10835,66671026.79,464571963.769,194603966,464571963.769,68137329.34,474115537.386,488430897.8115,13.950249594221253,6480894849.055063,6660844965.444849,1.2323182282134855,97.75617902791211,95.11518739919933,2.64,NA
Oak Lawn,Commercial,12.064968040811731,1774121,5327154,3,654049.68,5389927.041,4435302.5,13474817.602500001,147203490.04999998,1220869119.0956001,1229885469.0509,11.968877895890307,161278446.55371588,65029297.49197195,0.0043634112098324416,0.4417646447776729,1.0956156440240319,-0.65,887060.5
Oak Lawn,Industrial,12.064968040811731,206805,620973,2,76615.64,620972.9292,517012.5,1552432.323,147203490.04999998,1220869119.0956001,1229885469.0509,11.968877895890307,18580872.915620342,7492018.545007246,5.086319166300206e-4,0.0508956584009147,0.126225763460561,-0.08,155103.75
Oak Lawn,Not Incentive Prop,12.064968040811731,497563529,1494033929,26654,146472824.73,1214858219.1254,497563529,1214858219.1254,147203490.04999998,1220869119.0956001,1229885469.0509,11.968877895890307,14540489685.530664,14657225587.865406,1.2237461867384736,99.57118260502416,98.77815859251542,0.79,NA
Oak Park,Commercial,12.467523777697805,543113,1630805,5,205176.18,1630841.587,1357782.5,4077103.9675000003,234665830.60000002,1880975710.2361999,1883421972.6167,12.459546188365376,50798865.19783398,20332556.263580922,8.669994998474567e-4,0.08664472459238776,0.21647320816989013,-0.13,162933.9
Oak Park,Not Incentive Prop,12.467523777697805,686550252,2061504537,19446,234460654.42000002,1879344868.6492,686550252,1879344868.6492,234665830.60000002,1880975710.2361999,1883421972.6167,12.459546188365376,23415784194.80217,23430776836.378258,1.0959761605539982,99.84741611707936,99.78352679183011,0.06,NA
Olympia Fields,Commercial,18.40913855932203,254479,764124,2,143418.4,764123.8212,636197.5,1910309.553,23807287.83,129207302.9977,130353488.72950001,18.263636870819113,34889199.98684878,14066861.300949413,0.0059139381619443135,0.5908636633200823,1.4654840247230623,-0.87,190859.25
Olympia Fields,Not Incentive Prop,18.40913855932203,54198518,162706346,2358,23663869.43,128443179.17650001,54198518,128443179.17650001,23807287.83,129207302.9977,130353488.72950001,18.263636870819113,2345839583.013151,2364528282.460015,1.2592658636555265,99.3195150722053,98.53451597527695,0.78,NA
Orland Hills,Commercial,10.952004776378637,652608,1959586,2,189981.85,1959585.869,1631520,4898964.672499999,15912484.11,148805031.43199998,151744410.23549998,10.486372503148283,51372368.43559883,21461393.79701208,0.013168815470433066,1.3487142327152388,3.2284317194267933,-1.88,489456
Orland Hills,Not Incentive Prop,10.952004776378637,56781701,170497831,2301,15722502.26,146845445.563,56781701,146845445.563,15912484.11,148805031.43199998,151744410.23549998,10.486372503148283,1539876042.5644011,1608252021.195425,1.1457800140172885,101.06857044304851,96.7715682805732,4.3,NA
Orland Park,Commercial,9.904173880742912,2847559,8550364,11,972595.05,8495974.035,7118897.5,21239935.0875,228659583.51,2299210045.9063,2318688046.25125,9.861593235005738,209459600.170851,84145604.12891696,0.0037188268271634256,0.36799509050639473,0.9160324573130812,-0.55,388303.5
Orland Park,Industrial,9.904173880742912,1572259,4721024,16,478710.33999999997,4489359.5283,3930647.5,11223398.820750002,228659583.51,2299210045.9063,2318688046.25125,9.861593235005738,110680593.8844796,44463397.38145318,0.002053324361732715,0.19445236757158993,0.484040914382402,-0.29,147399.28125
Orland Park,Not Incentive Prop,9.904173880742912,869038978,2608786404,25548,227208278.12,2286224712.343,869038978,2286224712.343,228659583.51,2299210045.9063,2318688046.25125,9.861593235005738,22545818156.944668,22643167081.496517,1.1346446613891996,99.02566397575137,98.59992662830452,0.43,NA
Palatine,Commercial,10.841407772580066,1605422,4820601,5,445220.12,4116310.281,4013555,10290775.7025,205823269.43,1899085632.3557398,1921336290.35724,10.71250621054634,110239998.62437063,44626598.27478463,0.0025383800066036185,0.21681998540967706,0.535605128271772,-0.32,481626.6
Palatine,Industrial,10.841407772580066,3518965,10566397,9,1168536.76,10717461.72,8797412.5,26793654.3,205823269.43,1899085632.3557398,1921336290.35724,10.71250621054634,287027188.09198165,116192372.79353733,0.005563939203148416,0.5645249592784944,1.3945322552054733,-0.83,586494.1666666666
Palatine,Not Incentive Prop,10.841407772580066,746234705,2240691940,27776,204209512.55,1884251860.35474,746234705,1884251860.35474,205823269.43,1899085632.3557398,1921336290.35724,10.71250621054634,20185059756.283646,20427942764.348328,1.1798793597424626,99.24991873329377,98.06986261652274,1.18,NA
Palos Heights,Commercial,11.000102902833303,1512310,4541013,1,50617.75,370121.0149,3780775,925302.53725,47565953.1,433220513.63460004,433775695.15695,10.965564376028388,10146464.539517282,4071369.2504010983,0.010481989788300096,0.0855941904883453,0.2133135967692253,-0.13,2268465
Palos Heights,Not Incentive Prop,11.000102902833303,169307086,508378433,5752,47515335.35,432850392.6197,169307086,432850392.6197,47565953.1,433220513.63460004,433775695.15695,10.965564376028388,4746448845.460484,4761398860.348497,1.1734865201438542,100.10098715647301,99.78668640323079,0.31,NA
Palos Hills,Industrial,10.900929498377838,253200,760284,4,73458.65,760284.1027,633000,1900710.2567500002,40531891.69,370782740.77261,371923166.92666,10.89792067133923,20713789.597262323,8287803.402270156,0.002050483791170473,0.20447610651034373,0.5110491697670458,-0.31,94950
Palos Hills,Not Incentive Prop,10.900929498377838,149982675,450353058,8010,40458433.04,370022456.66991,149982675,370022456.66991,40531891.69,370782740.77261,371923166.92666,10.89792067133923,4032475379.402737,4033588712.9752574,1.214600919831347,99.51641891835071,99.48895083023295,0.03,NA
Palos Park,Not Incentive Prop,9.259554942890905,89391720,268291000,2539,22482523.04,244321510.9087,89391720,244321510.9087,22482523.04,244321510.9087,244321510.9087,9.20202357802275,2248252304,2262308453.989227,1.098106339479282,100.62520340640678,100,0.63,NA
Park Forest,Commercial,41.82463749600766,568420,1706793,20,634608.37,1444162.597,1421050,3610406.4925,37786877.97,89518886.8709,92213393.19725001,40.97764615295263,147945959.71798784,60401577.104818,0.019066289357032085,1.5984802224934382,3.915273440569661,-2.32,42631.5
Park Forest,Industrial,41.82463749600766,117286,352175,3,154756.24,352174.9539,293215,880437.3847500001,37786877.97,89518886.8709,92213393.19725001,40.97764615295263,36078251.612116516,14729589.78204071,0.003934086004754399,0.389807006382875,0.9547825475489135,-0.56,58643
Park Forest,Not Incentive Prop,41.82463749600766,48693981,146213336,6239,36997513.36,87722549.32000001,48693981,87722549.32000001,37786877.97,89518886.8709,92213393.19725001,40.97764615295263,3594663585.6698956,3668963825.5346537,1.6333238840521118,97.09624141077602,95.12994401188143,1.97,NA
Park Ridge,Commercial,10.119869918213835,438861,1317768,1,49474.61,488445.1575,1097152.5,1221112.8937499998,167681272.18,1657309992.9637,1658042660.69995,10.113206140860852,12349366.415756863,4943001.456081469,0.00079512463304676575,0.029478554115305904,0.0736478573617944,-0.04,658291.5
Park Ridge,Not Incentive Prop,10.119869918213835,629069766,1888907826,16750,167631797.57,1656821547.8062,629069766,1656821547.8062,167681272.18,1657309992.9637,1658042660.69995,10.113206140860852,16755777851.584244,16766818541.492449,1.139743218842326,99.99219545217818,99.92635214263821,0.07,NA
Phoenix,Commercial,29.94986577181208,215108,645905,9,156812.4,529338.4543,537770,1323346.13575,1611281.7999999998,5385127.64702,6179135.328469999,26.076169469474387,34507798.10259105,15853615.654143482,0.11994237506281365,9.8391328283752,21.41636435202772,-11.58,35851.333333333336
Phoenix,Not Incentive Prop,29.94986577181208,4391823,13187365,2077,1454469.4,4855789.19272,4391823,4855789.19272,1611281.7999999998,5385127.64702,6179135.328469999,26.076169469474387,126620381.89740893,145430234.53817973,2.448849101524561,90.25747981400879,78.58363564797229,11.67,NA
Posen,Commercial,13.961203305269722,971486,2917078,20,111365.6,757261.9991,2428715,1893154.99775,7632636.52,54416632.504700005,56903716.4909,13.413247834560341,25393357.174057275,10572288.724790078,0.05360636749707086,1.3851424336908,3.3269443799031158,-1.94,72861.45
Posen,Industrial,13.961203305269722,516211,1550027,9,122039.57,900793.9917,1290527.5,2251984.97925,7632636.52,54416632.504700005,56903716.4909,13.413247834560341,30206432.646387476,12576168.054289147,0.028484434421150978,1.6476833426215804,3.9575358484891505,-2.31,86035.16666666667
Posen,Not Incentive Prop,13.961203305269722,27348899,82120597,3178,7399231.35,52758576.513900004,27348899,52758576.513900004,7632636.52,54416632.504700005,56903716.4909,13.413247834560341,707663862.1795553,736573212.8071862,1.5091083960939182,96.50311669855154,92.71551977160775,3.79,NA
Prospect Heights,Commercial,11.707147517274626,1240312,3724284,2,407762.98,3575143.396,3100780,8937858.49,47307965.51,408148966.53,418199550.34499997,11.312294685867688,101107689.0994644,41854731.13238218,0.009124815460548902,0.8847290447004086,2.1372233620592325,-1.25,930234
Prospect Heights,Industrial,11.707147517274626,1040751,3125063,2,380779.95,3125245.814,2601877.5,7813114.534999999,47307965.51,408148966.53,418199550.34499997,11.312294685867688,88384254.03435609,36587713.772243015,0.007656672578565258,0.7733943613472254,1.8682742553296516,-1.09,780563.25
Prospect Heights,Not Incentive Prop,11.707147517274626,156596441,470212132,6219,46519422.58,401448577.32,156596441,401448577.32,47307965.51,408148966.53,418199550.34499997,11.312294685867688,4541304607.866179,4699817715.285269,1.1520600823705338,99.34516660395842,95.99450238261112,3.35,NA
Richton Park,Commercial,18.72908266043349,340567,1022621,5,158828.64,846851.2199,851417.5,2117128.0497500002,27056970.3,144229368.90976998,145548970.422725,18.58959924032243,39356561.98529791,15860746.49859604,0.007090241105053663,0.586198170849751,1.454581261276615,-0.87,102170.1
Richton Park,Industrial,18.72908266043349,224000,672605,1,5759.15,32883.12207,560000,82207.80517499999,27056970.3,144229368.90976998,145548970.422725,18.58959924032243,1528210.152629754,615870.7113821548,0.004663439943502646,0.022761998278209104,0.05648120006362109,-0.03,336000
Richton Park,Not Incentive Prop,18.72908266043349,66998942,200904829,4700,26892382.51,143349634.5678,66998942,143349634.5678,27056970.3,144229368.90976998,145548970.422725,18.58959924032243,2664812257.8620725,2684807155.16326,1.3929536717704578,99.22793000823377,98.48893753865977,0.74,NA
River Forest,Commercial,10.357,815915,2449948,2,149129.52,1439891.088,2039787.5,3599727.7199999997,61661342.480000004,595359104.7569001,597518941.3889,10.319562813635931,37147616.318526454,14912951.998416,0.004115076061531594,0.24185253513176508,0.6024457922007678,-0.36,611936.25
River Forest,Not Incentive Prop,10.357,215719311,647740407,4690,61512212.96,593919213.6689,215719311,593919213.6689,61661342.480000004,595359104.7569001,597518941.3889,10.319562813635931,6128986631.681474,6151221295.968797,1.0879827012379168,99.7581474643365,99.39755420779923,0.36,NA
River Grove,Industrial,12.85440361125863,3352782,10067399,6,1381379.32,10363453.94,8381955,25908634.849999998,27917026.990000002,217501469.6982,233046650.60819998,11.979158214521755,310363635.99042207,133216019.75144848,0.04628657918481788,4.771855534587083,11.117359885835825,-6.35,838195.5
River Grove,Not Incentive Prop,12.85440361125863,85765593,257528394,3760,26535647.67,207138015.7582,85765593,207138015.7582,27917026.990000002,217501469.6982,233046650.60819998,11.979158214521755,2481339063.009578,2662635657.791153,1.1840305923327343,95.37676267408132,88.88264011416418,6.49,NA
Riverdale,Commercial,31.023814231499053,500618,1503205,15,458927.07,1496192.319,1251545,3740480.7975,29466293.34,95532566.178,102331660.7175,28.794894105496414,107706748.46765527,46417592.55925177,0.01573500074518222,1.5752776239500972,3.6552527060281848,-2.08,50061.8
Riverdale,Industrial,31.023814231499053,1019809,3062179,11,919538.05,3036537.374,2549522.5,7591343.435,29466293.34,95532566.178,102331660.7175,28.794894105496414,218591930.3292804,94204971.39797996,0.03205377100720218,3.1970417965702627,7.418372165342748,-4.22,139064.86363636365
Riverdale,Not Incentive Prop,31.023814231499053,39561789,118792097,5244,28087828.22,90999836.485,39561789,90999836.485,29466293.34,95532566.178,102331660.7175,28.794894105496414,2620330655.203064,2823162022.20743,1.2434722707925792,95.80987977117009,88.92637512862906,6.88,NA
Riverside,Not Incentive Prop,12.255880486515071,119721326,359487235,3782,39140544.669999994,319360878.34260005,119721326,319360878.34260005,39140544.669999994,319360878.34260005,319360878.34260005,12.255898365864113,3914054466.9999995,3914048757.0353856,1.125645811301764,99.99985411637314,100,-0,NA
Robbins,Commercial,14.993915721895917,147102,441704,6,65102.76,441704.0505,367755,1104260.12625,6690817.32,44558201.0088,45220757.08455,14.795898501854065,16338520.747639555,6622873.307217058,0.009912967534590677,0.9898451848954467,2.4419319742598433,-1.45,36775.5
Robbins,Not Incentive Prop,14.993915721895917,18886425,56710461,7315,6625714.5600000005,44116496.9583,18886425,44116496.9583,6690817.32,44558201.0088,45220757.08455,14.795898501854065,652743211.2523605,661479037.3380278,1.2727277968156747,98.86371211492407,97.55806802574016,1.31,NA
Rolling Meadows,Commercial,11.12151901635928,962646,2890537,2,317120.82,2890537.052,2406615,7226342.630000001,96495893.87,866408188.146,890292509.1539999,10.838673006661056,78323964.80066507,32147162.791309092,0.003336230012074759,0.33314539616180966,0.8116818411587927,-0.48,721984.5
Rolling Meadows,Industrial,11.12151901635928,4380793,13154206,21,1460609.22,13032343.62,10951982.5,32580859.049999997,96495893.87,866408188.146,890292509.1539999,10.838673006661056,353133277.51906353,144939457.3975585,0.015182458083814139,1.5020272012073594,3.6595679189708044,-2.16,312913.78571428574
Rolling Meadows,Not Incentive Prop,11.12151901635928,329207341,988510766,9574,94718163.83,850485307.474,329207341,850485307.474,96495893.87,866408188.146,890292509.1539999,10.838673006661056,9218132144.680271,9458688520.206259,1.1409296213085007,98.02166849657951,95.52875023987039,2.49,NA
Roselle,Not Incentive Prop,10.48582422646478,38944190,116937721,1519,10575003.08,100842832.685,38944190,100842832.685,10575003.08,100842832.685,100842832.685,10.486618432301329,1057500307.9999999,1057420218.0337074,1.1596036910751522,99.99242648293463,99.99999999999999,-0.01,NA
Rosemont,Not Incentive Prop,10.645729672650477,287796410,864166281,1894,64649664.22,603872836.301,287796410,603872836.301,64649664.22,603872836.301,603872836.301,10.705840755482404,6464966422,6428666971.91716,1.4310401611925743,99.43852067105385,100,-0.56,NA
Sauk Village,Commercial,17.202081745374205,11236092,33738614,19,404583.87,2470018.743,28090230,6175046.8575,11855618.38,69435576.0236,74007336.0335,16.01951781460349,98921273.13973254,42489464.32969244,0.48589809334242157,3.5839095834402555,8.343830744974817,-4.76,887059.8947368421
Sauk Village,Industrial,17.202081745374205,447012,1342244,8,100055.53,577821.2636,1117530,1444553.159,11855618.38,69435576.0236,74007336.0335,16.01951781460349,23141045.064742245,9939728.610662615,0.019330782242575385,0.8383981579088762,1.951905360228223,-1.11,83814.75
Sauk Village,Not Incentive Prop,17.202081745374205,31921965,95769894,3594,11350978.98,66387736.017000005,31921965,66387736.017000005,11855618.38,69435576.0236,74007336.0335,16.01951781460349,1063499519.7955253,1142007261.8547573,1.3792626126907828,96.32625015842972,89.70426389479697,6.62,NA
Schaumburg,Commercial,10.139514004437048,72400,217395,1,21943.86,217395.0862,181000,543487.7154999999,369684365.69,3653124975.9242,3735427439.9735003,9.896708519457215,5378739.504209189,2204280.5210206993,5.950932460091965e-5,0.005962601412441406,0.014549545513427386,-0.01,108600
Schaumburg,Industrial,10.139514004437048,22526141,67639244,79,5516933.7,54650914.28,56315352.5,136627285.7,369684365.69,3653124975.9242,3735427439.9735003,9.896708519457215,1352160422.3775048,554133710.6973487,0.018515447581392428,1.498937369620925,3.657607807822101,-2.16,427711.53797468357
Schaumburg,Not Incentive Prop,10.139514004437048,1355620339,4070499608,28768,364145488.13,3598256666.558,1355620339,3598256666.558,369684365.69,3653124975.9242,3735427439.9735003,9.896708519457215,35610897407.11828,36484573862.12381,1.114251397044036,98.69114641628656,96.32784264666445,2.36,NA
Schiller Park,Commercial,12.906407066052228,2219666,6664991,2,96966.52,759509.0468,5549165,1898772.617,46866444.839999996,365297920.5548,392225674.79,11.948846761521303,22688143.03550578,9802532.928350113,0.018245357076978365,0.2091588760746742,0.48410207159860563,-0.27,1664749.5
Schiller Park,Industrial,12.906407066052228,5682277,17062174,23,2170807.87,17192327.11,14205692.5,42980817.775,46866444.839999996,365297920.5548,392225674.79,11.948846761521303,513571205.27834594,221891172.09438527,0.04670755851576337,4.734542439732992,10.958185691952007,-6.22,370583.2826086957
Schiller Park,Not Incentive Prop,12.906407066052228,130622135,392219100,5183,44598670.449999996,347346084.398,130622135,347346084.398,46866444.839999996,365297920.5548,392225674.79,11.948846761521303,4150385135.686147,4482989958.039921,1.073696503402793,95.65457702935764,88.55771223644938,7.1,NA
Skokie,Commercial,10.178082901554404,74900,224902,1,26898.27,224901.92310000001,187250,562254.80775,261876689.1,2536979463.5997,2569608227.43435,10.191308009683379,5730111.925705563,2289070.418030814,8.864951538901633e-5,0.008741023975435674,0.021880954526339945,-0.01,112350
Skokie,Industrial,10.178082901554404,7797338,23413070,25,2327969.62,21527607.3,19493345,53819018.25,261876689.1,2536979463.5997,2569608227.43435,10.191308009683379,548486191.7645209,219109771.77150777,0.009228718772039006,0.8366906291832593,2.0944445022942704,-1.26,467840.28
Skokie,Not Incentive Prop,10.178082901554404,977118124,2933992401,27766,259521821.21,2515226954.3766,977118124,2515226954.3766,261876689.1,2536979463.5997,2569608227.43435,10.191308009683379,25633452606.309772,25600188457.86923,1.1564904025028968,97.75665236127055,97.88367454317938,-0.13,NA
South Barrington,Not Incentive Prop,8.503980613893376,155638201,467244523,2476,38588220.69,452977315.919,155638201,452977315.919,38588220.69,452977315.919,452977315.919,8.518797594027914,3858822069,3852110313.1086316,1.0314965155640403,99.82606723576899,100,-0.17,NA
South Chicago Heights,Commercial,13.863642558528428,995241,2988410,27,377843.41,2781199.107,2488102.5,6952997.7675,9113780.8,66631235.129,76726515.1745,11.878267609668475,82589568.17179246,38557550.30354646,0.044849986559822155,4.230686599742058,9.06205338752414,-4.83,55291.166666666664
South Chicago Heights,Industrial,13.863642558528428,1315146,3948988,27,528216.58,3948987.59,3287865,9872468.975,9113780.8,66631235.129,76726515.1745,11.878267609668475,117267828.45319943,54747352.41582461,0.059266318451918903,6.007095586040933,12.867088975104538,-6.86,73063.66666666667
South Chicago Heights,Not Incentive Prop,13.863642558528428,26023711,78141400,2338,8207720.8100000005,59901048.432000004,26023711,59901048.432000004,9113780.8,66631235.129,76726515.1745,11.878267609668475,711520683.3750082,830446724.3423477,1.1727442819980147,91.11989223422486,78.07085763737133,13.05,NA
South Holland,Commercial,19.475852995297483,8526452,25602373,103,4392535.71,22418881.01,21316130,56047202.525000006,76544154.96000001,390642020.5401,448440755.7501,17.068955927515056,956667229.7597357,436626830.8698264,0.06553921916695564,5.704247843587747,12.498240136816001,-6.79,124171.63106796116
South Holland,Industrial,19.475852995297483,5431810,16310096,34,3181309.85,16113609.13,13579525,40284022.825,76544154.96000001,390642020.5401,448440755.7501,17.068955927515056,687606210.1829356,313826282.6395634,0.04175202651637356,4.099937909087387,8.983131508111374,-4.88,239638.67647058822
South Holland,Not Incentive Prop,19.475852995297483,152929852,459188275,9645,68970309.4,352109530.4001,152929852,352109530.4001,76544154.96000001,390642020.5401,448440755.7501,17.068955927515056,6010142056.057329,6857633452.3155775,1.1754707657029018,89.59055666496285,78.51862835507262,11.07,NA
Steger,Commercial,12.627239364719228,171213,514102,28,60622.66,481208.6045,428032.5,1203021.51125,6572488.64,52064750.0293,53396216.73025,12.30890321912368,14807875.35250016,6076336.233384007,0.009874281538097917,0.9245107243553953,2.2530088926102976,-1.33,9172.125
Steger,Industrial,12.627239364719228,135356,406436,31,51202.79,406435.8628,338390,1016089.657,6572488.64,52064750.0293,53396216.73025,12.30890321912368,12506949.249965576,5132162.925981783,0.007806356503608944,0.7808553513120692,1.9029244377614591,-1.12,6549.4838709677415
Steger,Not Incentive Prop,12.627239364719228,22588714,67811201,3467,6460663.1899999995,51177105.562,22588714,51177105.562,6572488.64,52064750.0293,53396216.73025,12.30890321912368,629934039.3975341,646225561.9248778,1.3024397689768705,98.32281154385956,95.84406666962823,2.48,NA
Stickney,Not Incentive Prop,12.689706021251476,54225161,162821895,2541,15989321.030000001,127870038.32970001,54225161,127870038.32970001,15989321.030000001,127870038.32970001,127870038.32970001,12.50435304380933,1598932103,1622633195.3300512,1.2733389082138238,101.482307615538,99.99999999999999,1.48,NA
Stone Park,Not Incentive Prop,16.349259651778954,20591720,61830759,1321,8556694.92,52308558.0225,20591720,52308558.0225,8556694.92,52308558.0225,52308558.0225,16.35811661319248,855669492,855206197.1199976,1.1820390646862053,99.94585586089794,100,-0.05,NA
Streamwood,Commercial,12.15308592209911,2280352,6847213,4,813074.6499999999,6786802.013,5700880,16967005.0325,96395215.38,793089162.559,842287581.5634999,11.444454066515615,194178109.7407855,82480588.00026421,0.008633597990302406,0.8556502278159464,2.0143957246769473,-1.16,855132
Streamwood,Industrial,12.15308592209911,10112578,30365036,30,3184319.96,26012143.99,25281445,65030359.974999994,96395215.38,793089162.559,842287581.5634999,11.444454066515615,744236967.6628629,316127820.92848396,0.03828703938157907,3.279497013231156,7.720683695025766,-4.44,505628.9
Streamwood,Not Incentive Prop,12.15308592209911,299730653,899991166,14677,92397820.77,760290216.556,299730653,760290216.556,96395215.38,793089162.559,842287581.5634999,11.444454066515615,8701106460.596352,9239872327.536407,1.1347919105287827,95.85405552663445,90.26492058029729,5.59,NA
Summit,Commercial,13.95276037521319,110423,331568,7,28079.72,200813.2733,276057.5,502033.18325,22524739.66,162046705.1203,168240243.63175002,13.388437376079246,6721439.834656341,2801899.4825170967,0.002046126144643614,0.1243920917537964,0.2984025536416052,-0.17,23662.071428571428
Summit,Industrial,13.95276037521319,1463408,4394174,10,549281.94,3928212.401,3658520,9820531.0025,22524739.66,162046705.1203,168240243.63175002,13.388437376079246,131481564.32681598,54809406.33409387,0.027116713028739827,2.4332981051685936,5.8372068361928395,-3.4,219511.2
Summit,Not Incentive Prop,13.95276037521319,66102741,198486679,3501,21947378,157917679.446,66102741,157917679.446,22524739.66,162046705.1203,168240243.63175002,13.388437376079246,2114270961.8385277,2203387540.3197675,1.2248732786800431,97.82077722445771,93.86439061016556,3.96,NA
Thornton,Commercial,20.353800133244505,358434,1076270,2,227652.61,1076269.904,896085,2690674.7600000002,10569592.889999999,51880185.841869995,55005273.106869996,19.215599328930317,51702928.11262575,21906182.515442252,0.020745299627114952,2.0725663460669255,4.891666940317297,-2.82,268825.5
Thornton,Industrial,20.353800133244505,356551,1070617,6,204727.68,1007121.606,891377.5,2517804.015,10569592.889999999,51880185.841869995,55005273.106869996,19.215599328930317,48381113.14101206,20498751.87839622,0.02063633702591629,1.9394078931640122,4.577386626384251,-2.64,89137.75
Thornton,Not Incentive Prop,20.353800133244505,20154785,60518762,1493,10137212.6,49796794.33187,20154785,49796794.33187,10569592.889999999,51880185.841869995,55005273.106869996,19.215599328930317,956875247.7463621,1013553999.1071647,1.1665101236233086,95.89338110326828,90.53094643329845,5.36,NA
Tinley Park,Commercial,12.864784283587108,4601632,13817320,13,2295984.5,16783534.5087,11504080,41958836.271749996,150710182.95000002,1166079972.3083,1197297231.82835,12.587532898564865,528158231.9561498,215916550.97056562,0.011849375967454518,1.4326606652862908,3.5044628147745858,-2.07,530957.5384615385
Tinley Park,Industrial,12.864784283587108,1432431,4301160,7,464638.06,4027971.838,3581077.5,10069929.595,150710182.95000002,1166079972.3083,1197297231.82835,12.587532898564865,126755570.06329447,51818988.79623388,0.0036885634794719003,0.34383203431864634,0.8410551137433574,-0.5,306949.5
Tinley Park,Not Incentive Prop,12.864784283587108,472899221,1419828536,20799,147949560.39000002,1145268465.9616,472899221,1145268465.9616,150710182.95000002,1166079972.3083,1197297231.82835,12.587532898564865,14416104492.980556,14733631761.390709,1.2176081998813468,97.76135542399795,95.65448207148205,2.11,NA
University Park,Not Incentive Prop,20.70725,995216,2960898,4,619608.36,2950903.8101000004,995216,2950903.8101000004,619608.36,2950903.8101000004,2950903.8101000004,20.997240163480715,61960835.99999999,61105102.92169323,1.0033868233406296,98.6189129560699,99.99999999999999,-1.38,NA
Westchester,Industrial,9.68692680115274,47893,143808,1,10311.72,104847.1784,119732.5,262117.946,54069539.59,554152735.7484001,554310006.516,9.754386345980441,2556799.7134988387,1015646.9424682027,2.595096815786408e-4,0.0187840871250186,0.04728724773479875,-0.03,71839.5
Westchester,Not Incentive Prop,9.68692680115274,222005054,666614629,8674,54059227.870000005,554047888.57,222005054,554047888.57,54069539.59,554152735.7484001,554310006.516,9.754386345980441,5404397159.286501,5367021340.910821,1.2029438564436874,99.26145814460449,99.95271275226519,-0.69,NA
Western Springs,Not Incentive Prop,8.037145855194124,282003960,846773216,5718,62892452.71,783263528.3818,282003960,783263528.3818,62892452.71,783263528.3818,783263528.3818,8.029539284170935,6289245271,6295203220.658509,1.0810834225224417,100.0947323470748,100,0.09,NA
Wheeling,Commercial,12.164830287206266,37273,111920,1,13809.79,111919.8476,93182.5,279799.619,129663803.61,1059245290.3486,1115438172.295,11.624472501529901,3252522.9770040433,1361485.9518239894,1.0566013464470243e-4,0.010500123503387557,0.025084278622482123,-0.01,55909.5
Wheeling,Industrial,12.164830287206266,12868989,38641715,90,4628536.68,37350001.45,32172472.5,93375003.625,129663803.61,1059245290.3486,1115438172.295,11.624472501529901,1085435161.9690673,454356428.866158,0.036480421817389364,3.5041115270130554,8.37115009547164,-4.87,214483.15
Wheeling,Not Incentive Prop,12.164830287206266,420222896,1261673224,13697,125021457.14,1021783369.051,420222896,1021783369.051,129663803.61,1059245290.3486,1115438172.295,11.624472501529901,11877692676.053928,12429821274.795263,1.191105814201714,95.86192081933223,91.60376562590588,4.26,NA
Willow Springs,Commercial,11.165558099101707,407881,1224745,6,97795.87,1224744.771,1019702.5,3061861.9274999998,18254021.46,164094004.0553,165931121.2118,11.000963126561388,33683430.163049676,13674958.897171516,0.0074636791700643645,0.7491477386031031,1.8452607956476936,-1.1,101970.25
Willow Springs,Not Incentive Prop,11.165558099101707,77095144,231493594,3445,18156225.59,162869259.2843,77095144,162869259.2843,18254021.46,164094004.0553,165931121.2118,11.000963126561388,1791718715.8369503,1818526177.0965118,1.4107376764478623,99.62331758409753,98.1547392043523,1.47,NA
Wilmette,Not Incentive Prop,8.615768833481745,675016197,2026871158,11230,165407871.01,1920277457.5049999,675016197,1920277457.5049999,165407871.01,1920277457.5049999,1920277457.5049999,8.613748516577028,16540787100.999998,16544666670.009144,1.055509530707868,100.02345456105236,100,0.02,NA
Winnetka,Not Incentive Prop,8.662896207974981,468793613,1407646595,5116,118036507.47999999,1361680668.468,468793613,1361680668.468,118036507.47999999,1361680668.468,1361680668.468,8.668442624863033,11803650747.999998,11796098299.344275,1.0337567592728738,99.93601599355179,100,-0.06,NA
Worth,Not Incentive Prop,13.252432369942197,70903537,212902086,4325,22944632.65,173363848.71425,70903537,173363848.71425,22944632.65,173363848.71425,173363848.71425,13.234958049309862,2294463265,2297492680.4784884,1.2280650641929367,100.13203155285593,100,0.13,NA
NA,Commercial,9.89365086042065,1486,4462,1,636.1,4461.98092,3715,11154.9523,232948670.06000003,2365522749.00972,2379111857.0541,9.791413101040373,109222.74609170045,44145.28136833852,1.8862638297889672e-6,1.8950647521176286e-4,4.6887044284720837e-4,-0,2229
NA,Industrial,9.89365086042065,2965221,8903671,17,845465.39,9054943.382,7413052.5,22637358.455,232948670.06000003,2365522749.00972,2379111857.0541,9.791413101040373,221651728.14923403,89586448.38238455,0.0037639337874587546,0.3845759169147005,0.9515045872214841,-0.57,261637.14705882352
NA,Not Incentive Prop,9.89365086042065,959330363,2879272836,41822,232102568.57000002,2356463343.6468,959330363,2356463343.6468,232948670.06000003,2365522749.00972,2379111857.0541,9.791413101040373,23073106055.10468,23314025587.420883,1.217182475715083,100.08224378965522,99.04802654233568,1.03,NA
