year,clean_name,incentive,cur_munilevel_rate,av,eav,pins_in_muni,incent_pins,final_tax_to_dist,current_taxable_eav,new_av,new_taxable_eav,munilevy,cur_muni_taxable_eav,new_muni_taxable_eav,new_comp_rate,group_taxes_hyp,group_taxes_cur,pct_eav,rate_change,pct_taxburden_current,pct_taxburden_no_incent,burden_shift,av_change_perPIN
2021,Alsip,Incentive,12.923631779382797,18869551,56659602,100,1,7387650.1,56608480.33,47173877.5,141521200.825,82505440.33,640392525.5220001,725305246.017,11.375271416148864,1609842070.5236855,731587155.3753539,0.08847636370180201,1.5483603632339324,8.867138366260434,19.511950534228312,-10.64,283043.265
2021,Alsip,Non-Incentive,12.923631779382797,218473953,656008098,7515,7,75117790.23,583784045.192,218473953,583784045.192,82505440.33,640392525.5220001,725305246.017,11.375271416148864,6640701962.476315,7544610038.739974,1.0243843765435445,1.5483603632339324,91.44378853762278,80.4880494657717,10.96,NA
2021,Arlington Heights,Incentive,10.179163829995751,10261561,30812391,34,2,3173780.99,29701844.999,25653902.5,74254612.4975,319606289.91,3133985147.1478,3178537914.6463,10.055135363882078,746640180.0549724,302339946.297961,0.009831696563093786,0.12402846611367302,0.9459762083627917,2.3361247998755705,-1.39,452715.92647058825
2021,Arlington Heights,Non-Incentive,10.179163829995751,1153844618,3464649101,30577,8,316432508.92,3104283302.1488,1153844618,3104283302.1488,319606289.91,3133985147.1478,3178537914.6463,10.055135363882078,31213988810.945034,31599008307.292835,1.1055091004988116,0.12402846611367302,98.86854328239598,97.66387520012444,1.2,NA
2021,Barrington,Non-Incentive,8.228960881934565,126052198,378496935,2812,8,28298165.78,343574936.2876,126052198,343574936.2876,28298165.78,343574936.2876,343574936.2876,8.236388278425569,2829816578,2827264710.7238207,1.1016430333648304,-0.007427396491003435,99.90982216670795,100,-0.09,NA
2021,Barrington Hills,Non-Incentive,9.015275065963062,70117588,210269989,1516,4,18247263.55,202314697.493,70117588,202314697.493,18247263.55,202314697.493,202314697.493,9.019247625660686,1824726355.0000002,1823922647.7865024,1.039321372127575,-0.003972559697624334,99.95595464430623,100.00000000000001,-0.04,NA
2021,Bartlett,Incentive,12.460399732396722,2464012,7398689,4,1,426576.34,3472334.88,6160030,8680837.2,48906288.830000006,385825978.481,391034480.801,12.506899322489348,108570356.89532031,43266680.6095438,0.019176233360772385,-0.046499590092626164,0.8846854186777556,2.2199671962989203,-1.34,924004.5
2021,Bartlett,Non-Incentive,12.460399732396722,144300600,433226157,5975,7,48479712.49,382353643.601,144300600,382353643.601,48906288.830000006,385825978.481,391034480.801,12.506899322489348,4782058526.104681,4764279238.406812,1.1228537764761588,-0.046499590092626164,97.4164949413278,97.78003280370109,-0.36,NA
2021,Bedford Park,Incentive,12.986591757387249,52963179,159032532,154,3,19685384.380000003,155302984.4347,132407947.5,388257461.08675003,61689669.730000004,489198435.2677,722152911.91975,8.542466382362983,3316676309.0351663,2016856457.5573153,0.3250879817572882,4.4441253750242655,32.69358494517126,53.763884999731964,-21.07,515875.12012987013
2021,Bedford Park,Non-Incentive,12.986591757387249,131407561,394577465,1132,5,42004285.35,333895450.833,131407561,333895450.833,61689669.730000004,489198435.2677,722152911.91975,8.542466382362983,2852290663.9648347,4336163909.616938,0.8065795729376743,4.4441253750242655,70.28995176332154,46.23611500026804,24.05,NA
2021,Bellwood,Incentive,17.31437171286425,3241879,9734393,45,2,1343040.74,7760134.313,8104697.5,19400335.7825,43823561.59,253182688.7922,264822890.2617,16.548252889579608,321041662.67157024,134361850.03703445,0.03844809866913735,0.7661188232846428,3.06597285026907,7.325777527512232,-4.26,108062.63333333333
2021,Bellwood,Non-Incentive,17.31437171286425,121473416,364748222,6990,7,42480520.85,245422554.4792,121473416,245422554.4792,43823561.59,253182688.7922,264822890.2617,16.548252889579608,4061314496.32843,4249337334.973546,1.4406522963320274,0.7661188232846428,96.9646733583423,92.67422247248777,4.29,NA
2021,Bensenville,Incentive,11.619753246753248,1170488,3514625,7,1,414590.12,3500465.389,2926220,8751163.4725,3051321.88,26075152.747799996,31325850.831299998,9.74058740313989,85241472.68305144,40674544.06898012,0.13478828039833957,1.8791658436133591,13.33013876234523,27.93591631278554,-14.61,250818.85714285713
2021,Bensenville,Non-Incentive,11.619753246753248,7493854,22501797,70,4,2636731.76,22574687.358799998,7493854,22574687.358799998,3051321.88,26075152.747799996,31325850.831299998,9.74058740313989,219890715.31694856,262312296.73185578,0.8629593551239508,1.8791658436133591,85.96677343389803,72.06408368721446,13.9,NA
2021,Berkeley,Incentive,14.363460259394746,1434500,4307373,4,1,558041.62,3802798.187,3586250,9506995.4675,15594888.899999999,107095297.8815,112799495.162,13.825317992428054,131437235.4907597,54621340.63347289,0.04022000111308407,0.5381422669666911,3.5025155346552608,8.428225191829338,-4.93,537937.5
2021,Berkeley,Non-Incentive,14.363460259394746,43922851,131887136,3003,6,15036847.28,103292499.6945,43922851,103292499.6945,15594888.899999999,107095297.8815,112799495.162,13.825317992428054,1428051654.5092402,1483637714.4554946,1.231493245818616,0.5381422669666911,95.13615159230116,91.57177480817066,3.56,NA
2021,Berwyn,Incentive,13.933389337843764,153423,460683,9,1,67632.86,460682.9235,383557.5,1151707.3087499999,111162471.85000001,797894332.402,798585356.78725,13.919923638120832,16031677.79126565,6418874.534421594,5.773734456956838e-4,0.0134656997229321,0.057743179218640174,0.1442184356326514,-0.09,25570.5
2021,Berwyn,Non-Incentive,13.933389337843764,332266450,997696395,15954,8,111094838.99000001,797433649.4785,332266450,797433649.4785,111162471.85000001,797894332.402,798585356.78725,13.919923638120832,11100215507.208735,11110953509.281572,1.250411682956202,0.0134656997229321,99.95237893121366,99.85578156436735,0.1,NA
2021,Blue Island,Incentive,15.328818787322003,2225697,6683100,37,2,808823.73,4988877.634,5564242.5,12472194.084999999,37498994.62,243894075.59910002,251377392.05010003,14.917409363737203,186052824.82992676,76473601.20370974,0.02740164960376209,0.41140942358480004,2.039350707363304,4.961541681725406,-2.92,90230.95945945945
2021,Blue Island,Non-Incentive,15.328818787322003,103112675,309616403,8671,8,36690170.89,238905197.96510002,103112675,238905197.96510002,37498994.62,243894075.59910002,251377392.05010003,14.917409363737203,3563846637.170073,3662134486.9563074,1.2694707825085954,0.41140942358480004,97.65953791740104,95.03845831827459,2.62,NA
2021,Bridgeview,Incentive,13.021548515568428,13234719,39739891,33,2,4384559.16,33338410.608799998,33086797.5,83346026.522,65534363.03,502077608.32479995,552085224.2379999,11.87033453402995,989345216.8982728,434117731.1744304,0.07915089289202436,1.1512139815384774,6.624276350648317,15.09658705991199,-8.47,601578.1363636364
2021,Bridgeview,Non-Incentive,13.021548515568428,183447823,550838793,5491,6,61149803.870000005,468739197.71599996,183447823,468739197.71599996,65534363.03,502077608.32479995,552085224.2379999,11.87033453402995,5564091086.1017275,6103710204.207515,1.09711881961415,1.1512139815384774,93.13755291118628,84.90341294008802,8.23,NA
2021,Broadview,Incentive,12.19921534008683,2085871,6263244,15,1,776668.54,6092346.201,5214677.5,15230865.502500001,35666753.81,294949152.125,304087671.4265,11.729102216700978,178644378.3276472,74321843.23235893,0.021234995777664162,0.4701131233858522,2.0837849059176525,5.008708650058311,-2.92,208587.1
2021,Broadview,Non-Incentive,12.19921534008683,109674383,329319272,3440,8,34890085.27,288856805.924,109674383,288856805.924,35666753.81,294949152.125,304087671.4265,11.729102216700978,3388031002.672353,3523826377.9165454,1.1165289665265214,0.4701131233858522,98.7986290170472,94.99129134994168,3.81,NA
2021,Brookfield,Non-Incentive,12.451880514908131,169727701,509641323,9089,6,53101216.84,427420014.6565,169727701,427420014.6565,53101216.84,427420014.6565,427420014.6565,12.423661742343835,5310121684,5322182952.18302,1.192366537654017,0.028218772564295946,100.2271373219066,100,0.23,NA
2021,Buffalo Grove,Non-Incentive,11.771467088197149,140786211,422738600,6168,5,41682124.78,354301552.20460004,140786211,354301552.20460004,41682124.78,354301552.20460004,354301552.20460004,11.764589943407769,4168212478,4170649061.073613,1.193160451512443,0.006877144789379841,100.05845630678554,100,0.06,NA
2021,Burbank,Incentive,12.28893426117856,394119,1183421,1,1,46932.08,381903.1654,985297.5,954757.9135,61709566.74999999,502156861.2979,502729716.046,12.274899370450889,11719557.311354155,4693182.893736603,0.0023566759536875993,0.014034890727671723,0.07605276038883554,0.18991475598642338,-0.11,591178.5
2021,Burbank,Non-Incentive,12.28893426117856,208121791,624927272,10130,7,61662634.669999994,501774958.1325,208121791,501774958.1325,61709566.74999999,502156861.2979,502729716.046,12.274899370450889,6159237117.688645,6166279474.395917,1.244486175863019,0.014034890727671723,99.92420623170098,99.81008524401358,0.11,NA
2021,Burnham,Incentive,24.054519756838907,407729,1224289,14,1,288373.34,1207044.763,1019322.5,3017611.9075,11077166.81,46037834.6477,47848401.7922,23.150547134482856,69859366.69815548,29034882.098972436,0.026593105635153155,0.9039726223560507,2.6211469590546352,6.306609613849037,-3.69,43685.25
2021,Burnham,Non-Incentive,24.054519756838907,18736835,56261067,2289,7,10788793.47,44830789.8847,18736835,44830789.8847,11077166.81,46037834.6477,47848401.7922,23.150547134482856,1037857314.3018446,1078383120.99621,1.2220615376577175,0.9039726223560507,97.35188965672081,93.69339038615097,3.66,NA
2021,Burr Ridge,Incentive,7.217679492785308,1004519,3016270,4,1,218106.44,3016269.396,2511297.5,7540673.49,31665218.470000003,438514893.861,443039297.955,7.147270821383496,53895235.608657055,21770465.76422513,0.006878375266670176,0.07040867140181195,0.6875198345734049,1.70203264694725,-1.01,376694.625
2021,Burr Ridge,Non-Incentive,7.217679492785308,151150119,453850659,2283,5,31447112.03,435498624.465,151150119,435498624.465,31665218.470000003,438514893.861,443039297.955,7.147270821383496,3112626611.391343,3143289490.9372406,1.0349720507870848,0.07040867140181195,99.26631309729412,98.29796735305274,0.97,NA
2021,Calumet City,Incentive,25.770212494273935,7281112,21862995,141,2,5702874.96,22222405.355,18202780,55556013.3875,92759713.83999999,359745056.80251,393078664.83501,23.59825707633732,1311025086.0546627,572676108.132241,0.060773580030043815,2.1719554179366156,6.1737588919263215,14.133561131031868,-7.96,77458.63829787234
2021,Calumet City,Non-Incentive,25.770212494273935,148493184,445880497,17323,8,87056838.88,337522651.44751,148493184,337522651.44751,92759713.83999999,359745056.80251,393078664.83501,23.59825707633732,7964946297.945337,8698030449.433088,1.2394346734409083,2.1719554179366156,93.76948342505892,85.86643886896815,7.9,NA
2021,Calumet Park,Incentive,20.62638097982709,1426526,4283427,48,2,871480.55,4225155.3864,3566315,10562888.466,15016289.420000002,72802721.91239999,79140454.992,18.974226799072536,200422641.4071914,87149664.69885494,0.05883608315021575,1.652154180754554,5.8036750798623675,13.347015084848529,-7.54,44578.9375
2021,Calumet Park,Non-Incentive,20.62638097982709,31839316,95603869,3422,6,14144808.870000001,68577566.526,31839316,68577566.526,15016289.420000002,72802721.91239999,79140454.992,18.974226799072536,1301206300.5928087,1414507013.8347132,1.3131908600208042,1.652154180754554,94.19817201650027,86.65298491515146,7.55,NA
2021,Chicago,Incentive,6.7305353348858254,403267039,1210889931,640,5,45924091.6,674978892.218,1008167597.5,1687447230.545,6536952734.820001,96397769453.4938,97410237791.8208,6.710745074650548,11324028191.112568,4542969284.37534,0.012561389520368336,0.0197902602352773,0.6949674364595867,1.7323099386650809,-1.04,945157.12265625
2021,Chicago,Non-Incentive,6.7305353348858254,40115624578,120455187803,934201,9,6491028643.22,95722790561.2758,40115624578,95722790561.2758,6536952734.820001,96397769453.4938,97410237791.8208,6.710745074650548,642371245290.8876,644265624226.5421,1.249564056159126,0.0197902602352773,98.5574854771047,98.26769006133493,0.29,NA
2021,Chicago Heights,Incentive,20.88720060551014,9164617,27518594,113,2,5808978.59,26012266.200999998,22911542.5,65030665.5025,74443698.7,354769945.6929,393788344.9944,18.904495180287434,1229371902.5628955,543323422.3442181,0.07756743301987863,1.9827054252227079,7.298447441921879,16.514116359493777,-9.22,121654.20796460177
2021,Chicago Heights,Non-Incentive,20.88720060551014,137797916,413658628,16402,8,68634720.11,328757679.4919,137797916,328757679.4919,74443698.7,354769945.6929,393788344.9944,18.904495180287434,6214997967.437105,6866827602.149323,1.165991181107759,1.9827054252227079,92.24189181977498,83.48588364050623,8.76,NA
2021,Chicago Ridge,Incentive,12.4867558381985,1374011,4125744,21,3,509454.03,4060721.4952000002,3435027.5,10151803.738,40095738.88,320617061.87851,326708144.12131,12.272647499448944,124589508.76006214,50705237.837486744,0.012868136136695525,0.21410833874955593,1.2646041513099244,3.107300482301578,-1.84,98143.64285714286
2021,Chicago Ridge,Non-Incentive,12.4867558381985,124859643,374915959,4775,8,39586284.85,316556340.38331,124859643,316556340.38331,40095738.88,320617061.87851,326708144.12131,12.272647499448944,3884984379.2399383,3952761731.400048,1.169357478367964,0.21410833874955593,98.58308742557452,96.89269951769843,1.69,NA
2021,Cicero,Incentive,14.376,10985842,32987187,25,1,1872679.46,13026429.19,27464605,32566072.974999998,107449932.6,747425797.148,766965440.933,14.009748922883544,456242505.7840531,187267946.03544,0.044134397188150716,0.36625107711645555,1.742839120547201,4.246093922482862,-2.5,659150.52
2021,Cicero,Non-Incentive,14.376,349410362,1049174457,18134,7,105577253.14,734399367.958,349410362,734399367.958,107449932.6,747425797.148,766965440.933,14.009748922883544,10288750754.215944,10557725313.764206,1.4037172131379483,0.36625107711645555,98.25716087758818,95.75390607751712,2.5,NA
2021,Country Club Hills,Incentive,24.768208597285067,3377865,10142715,10,1,1305289.62,5463017.176,8444662.5,13657542.94,48239067.65,196098647.22079998,204293172.98479998,23.612667494076824,322491020.2282964,135309148.98571917,0.05172251386609348,1.1555411032082432,2.804970236312583,6.685266443541979,-3.88,506679.75
2021,Country Club Hills,Non-Incentive,24.768208597285067,99891910,299843002,6620,8,46933778.03,190635630.04479998,99891910,190635630.04479998,48239067.65,196098647.22079998,204293172.98479998,23.612667494076824,4501415744.771704,4721703051.02447,1.5290416647412546,1.1555411032082432,97.88130826414242,93.31473355645802,4.57,NA
2021,Countryside,Incentive,7.879009246088193,2919805,8767300,15,2,696428.39,8767299.242,7299512.5,21918248.105,26921653.27,338847065.08599997,351998013.949,7.648240104530989,167636024.17772135,69077631.79094002,0.025873914527708375,0.23076914155720463,2.5658762891770954,6.226810162677701,-3.66,291980.5
2021,Countryside,Non-Incentive,7.879009246088193,121526510,364907627,2797,7,26225224.88,330079765.844,121526510,330079765.844,26921653.27,338847065.08599997,351998013.949,7.648240104530989,2524529302.8222785,2600701527.031502,1.0769095105114332,0.23076914155720463,96.60259349412169,93.77318983732229,2.83,NA
2021,Crestwood,Incentive,10.848149992147007,2561774,7692241,35,2,796464.05,7770949.619,6404435,19427374.0475,37948292.809999995,350687271.54851,362343695.97701,10.473010357659911,203463089.62160084,84300427.04832964,0.021934759610845882,0.37513963448709653,2.2214550591354953,5.361587427405562,-3.14,109790.31428571428
2021,Crestwood,Non-Incentive,10.848149992147007,137281641,412211532,6332,7,37151828.76,342916321.92951,137281641,342916321.92951,37948292.809999995,350687271.54851,362343695.97701,10.473010357659911,3591366191.378399,3720007695.0466948,1.1754391032780311,0.37513963448709653,98.02832801127781,94.63841257259445,3.39,NA
2021,Deer Park,Non-Incentive,10.550727272727272,213918,642330,22,3,60652.899999999994,562329.87206,213918,562329.87206,60652.899999999994,562329.87206,562329.87206,10.785999999930361,6065290,5932989.117412679,1.1422654778180876,-0.235272727203089,97.81872123859996,100.00000000000001,-2.18,NA
2021,Deerfield,Non-Incentive,8.824126582278481,60140188,180582942,79,5,15897800.65,179449720.28399998,60140188,179449720.28399998,15897800.65,179449720.28399998,179449720.28399998,8.85919500171964,1589780065,1583487046.9404821,1.0063149817910364,-0.03506841944115813,99.60415794624284,100,-0.4,NA
2021,Des Plaines,Incentive,10.076131966456687,27311002,82006747,57,5,8340356.100000001,82059233.44667901,68277505,205148083.61669752,221086974.35,2189470419.455979,2312559269.6259975,9.560272778900739,1961271639.444366,826839665.2750142,0.03745506048918274,0.5158591875559484,3.739884123458376,8.87104111497542,-5.13,718710.5789473684
2021,Des Plaines,Non-Incentive,10.076131966456687,804185722,2414728426,24866,8,212746618.25,2107411186.0093,804185722,2107411186.0093,221086974.35,2189470419.455979,2312559269.6259975,9.560272778900739,20147425795.555634,21234553217.816708,1.1028824160136363,0.5158591875559484,96.04615233550827,91.12895888502459,4.92,NA
2021,Dixmoor,Incentive,17.747,503933,1513160,14,1,257431.19,1450561.729,1259832.5,3626404.3225000002,5814239.16,32761814.167,34937656.7605,16.64175476866409,60349731.42706844,25743119.004563,0.046186697485274215,1.1052452313359105,4.4275989164097265,10.379643796260428,-5.95,53992.82142857143
2021,Dixmoor,Non-Incentive,17.747,14838108,44554340,2437,6,5556807.97,31311252.438,14838108,31311252.438,5814239.16,32761814.167,34937656.7605,16.64175476866409,521074184.5729316,555680797.017186,1.3599472780380477,1.1052452313359105,95.57240108733092,89.62035620373958,5.95,NA
2021,Dolton,Incentive,25.20729016493586,1351599,4058445,36,2,970698.4299999999,3808404.256,3378997.5,9521010.64,54957926.150000006,217620773.3054,223333379.68940002,24.608021526577225,234293234.7838908,95999551.14636867,0.018649161742957995,0.5992686383586339,1.7467826366728478,4.2631382076612585,-2.52,56316.625
2021,Dolton,Non-Incentive,25.20729016493586,100569589,301980273,9786,8,53987227.720000006,213812369.0494,100569589,213812369.0494,54957926.150000006,217620773.3054,223333379.68940002,24.608021526577225,5261499380.216109,5389630427.4805765,1.3876445176316572,0.5992686383586339,98.06830069916268,95.73686179233873,2.33,NA
2021,East Dundee,Non-Incentive,8.951,1612361,4841436,2,2,115283.10999999999,1287935.5376,1612361,1287935.5376,115283.10999999999,1287935.5376,1287935.5376,8.951000002284585,11528310.999999998,11528310.9970576,3.7590670174547407,-2.284584965650538e-9,99.99999997447676,100,-0,NA
2021,East Hazelcrest,Incentive,21.274,346147,1039376,7,1,221116.84,1039375.952,865367.5,2598439.88,4368216.03,20533120.3815,22092184.309499998,19.772676023355448,51378109.9134066,22111684.002848003,0.05061948601521182,1.501323976644553,5.061948367706531,11.761806092132902,-6.7,74174.35714285714
2021,East Hazelcrest,Non-Incentive,21.274,8344078,25054773,770,5,4147099.19,19493744.4295,8344078,19493744.4295,4368216.03,20533120.3815,22092184.309499998,19.772676023355448,385443493.08659345,414709918.993183,1.2202126386291454,1.501323976644553,94.93805163138487,88.2381939078671,6.7,NA
2021,Elgin,Incentive,11.48003128090999,1709865,5134213,6,2,603748.74,5137274.7729,4274662.5,12843186.93225,51284180.59,446097267.5779,453803179.73725003,11.300974272523456,145140525.0985667,58976075.09152177,0.011509178318612846,0.17905700838653438,1.149985715147053,2.83012272846703,-1.68,427466.25
2021,Elgin,Non-Incentive,11.48003128090999,172234321,517153302,8082,6,50680431.85,440959992.805,172234321,440959992.805,51284180.59,446097267.5779,453803179.73725003,11.300974272523456,4983277533.901434,5062234511.031244,1.1592837248430172,0.17905700838653438,98.70947439917444,97.16987727153298,1.54,NA
2021,Elk Grove Village,Incentive,9.664524564959116,72689605,218265074,247,2,15664539.23,169600189.0935,181724012.5,424000472.73375,195805552.93,2071990165.9004998,2326390449.54075,8.416710658722561,3568689298.161558,1639105193.7158418,0.10534078664661067,1.247813906236555,8.371086361896069,18.2256797356373,-9.85,441434.8481781377
2021,Elk Grove Village,Non-Incentive,9.664524564959116,784076717,2354347297,14062,8,180141013.70000002,1902389976.807,784076717,1902389976.807,195805552.93,2071990165.9004998,2326390449.54075,8.416710658722561,16011865994.838442,18385694662.983253,1.1362733934486537,1.247813906236555,93.89771836325853,81.7743202643627,12.12,NA
2021,Elmwood Park,Non-Incentive,12.509463666197844,191953956,576380157,8532,7,60171959.599999994,481029335.67355,191953956,481029335.67355,60171959.599999994,481029335.67355,481029335.67355,12.509000000123823,6017195960,6017418996.983561,1.1982224663968513,4.636660740207077e-4,100.00370665979709,100.00000000000001,0,NA
2021,Evanston,Incentive,8.883770613189355,1599260,4802098,15,3,421284.68999999994,4696506.069,3998150,11741265.1725,286739428.03,3220695482.476,3227740241.5795,8.883596775733215,104304665.42944969,41722682.60044766,0.0014910127412319815,1.738374561401912e-4,0.14550730915206558,0.36376115466944736,-0.22,159926
2021,Evanston,Non-Incentive,8.883770613189355,1162993761,3492121457,25915,8,286318143.34,3215998976.407,1162993761,3215998976.407,286739428.03,3220695482.476,3227740241.5795,8.883596775733215,28569638137.570545,28570197198.651554,1.084275578365246,1.738374561401912e-4,99.63818856352887,99.63623884533054,0,NA
2021,Evergreen Park,Incentive,12.735583897010692,4550621,13664151,5,2,2439986.9499999997,13664149.473000001,11376552.5,34160373.682500005,57980172.830000006,449728761.923841,470224986.133341,12.33030454352731,421207810.8259206,174020921.99468595,0.030383093448477165,0.4052793534833814,3.0013867413766024,7.264687051915443,-4.26,1365186.3
2021,Evergreen Park,Non-Incentive,12.735583897010692,176833355,530977525,9161,8,55540185.88,436064612.450841,176833355,436064612.450841,57980172.830000006,449728761.923841,470224986.133341,12.33030454352731,5376809472.174081,5553537456.3851385,1.1806617009074416,0.4052793534833814,95.7833891366332,92.73531294808457,3.05,NA
2021,Flossmoor,Incentive,17.926620146185474,813010,2441224,4,1,426924.57,2408737.136,2032525,6021842.84,41964925.75,234227536.68570003,237840642.38970003,17.644135723969665,106250212.37737495,43180515.6690827,0.010422446628364515,0.28248442221580916,1.0289668073363076,2.5318813384859844,-1.5,304878.75
2021,Flossmoor,Non-Incentive,17.926620146185474,90981453,273189996,4374,6,41538001.18,231818799.54970002,90981453,231818799.54970002,41964925.75,234227536.68570003,237840642.38970003,17.644135723969665,4090242362.622625,4155727562.2721844,1.1663444865006716,0.28248442221580916,99.0285932359164,97.46811866151401,1.56,NA
2021,Ford Heights,Incentive,27.719192884697815,775968,2329998,11,1,500292.3,2214279.512,1939920,5535698.78,3653245.3699999996,13907801.2318,17229220.4998,21.203776282521936,117377718.49854963,61378040.89376255,0.16753172993819404,6.515416602175879,16.800963164913984,32.12971115010258,-15.33,105813.81818181818
2021,Ford Heights,Non-Incentive,27.719192884697815,5530908,16434308,2322,6,3152953.07,11693521.7198,5530908,11693521.7198,3653245.3699999996,13907801.2318,17229220.4998,21.203776282521936,247946818.50145033,324134984.05253947,1.1816611214160277,6.515416602175879,88.7252158626672,67.87028884989742,20.85,NA
2021,Forest Park,Incentive,11.334132220795892,948125,2846935,4,1,322785.45,2846934.645,2370312.5,7117336.6125,45152753.08,398496086.45,402766488.4175,11.210652916385516,79789990.45182054,32267533.690394614,0.007144198140970225,0.12347930441037569,0.7146304818495602,1.7671124130670737,-1.05,355546.875
2021,Forest Park,Non-Incentive,11.334132220795892,155037928,465532371,6228,7,44829967.629999995,395649151.805,155037928,395649151.805,45152753.08,398496086.45,402766488.4175,11.210652916385516,4435485317.54818,4484339799.603616,1.1682231942280596,0.12347930441037569,99.31486994067508,98.23288758693293,1.08,NA
2021,Forestview,Incentive,13.010892045454543,2745381,8243556,9,1,1115833.61,8609236.755,6863452.5,21523091.887500003,9139937.28,72049196.2952,84963051.42770001,10.757543575018257,231535598.84890324,112013850.0130644,0.1144156551896082,2.2533484704362863,12.255428738900974,25.33229624622799,-13.08,457563.5
2021,Forestview,Non-Incentive,13.010892045454543,22917212,68813510,519,5,8024103.67,63439959.5402,22917212,63439959.5402,9139937.28,72049196.2952,84963051.42770001,10.757543575018257,682458129.1510967,825410464.9455463,0.955090598346958,2.2533484704362863,90.30811040155697,74.66770375377202,15.64,NA
2021,Frankfort,Non-Incentive,8.411,31486,31486,1,1,2647.31,31474.37879,31486,31474.37879,2647.31,31474.37879,31474.37879,8.410999999914534,264731,264731.00000268995,1.000369227620902,8.546585661406425e-11,100.0000000010161,100,0,NA
2021,Franklin Park,Incentive,12.989024737540726,48962143,147018626,100,2,16998870.48,131398926.94982,122405357.5,328497317.37455,105413878,812862172.6368201,1009960563.06155,10.437425168409845,3428666168.120245,1706743912.6375186,0.18086538031790866,2.5515995691308806,16.190884397949183,32.525756884878525,-16.33,734432.145
2021,Franklin Park,Non-Incentive,12.989024737540726,258734654,776902576,8187,7,88415007.52,681463245.687,258734654,681463245.687,105413878,812862172.6368201,1009960563.06155,10.437425168409845,7112721631.879756,8851542955.953238,0.9557617541480965,2.5515995691308806,83.96942721292578,67.47424311512148,16.5,NA
2021,Glencoe,Non-Incentive,9.533992433795712,311355591,934907470,3965,5,85958759.89,901549830.095,311355591,901549830.095,85958759.89,901549830.095,901549830.095,9.534554499438169,8595875989,8595369258.81554,1.0370003285359002,-5.62065642457199e-4,99.99410496166874,100,-0.01,NA
2021,Glenview,Incentive,8.356378586723768,19116506,57401133,10,3,4804734.25,57340127.949,47791265,143350319.8725,256929623.09,3072926554.37,3158936746.2935,8.133420949041327,1165928494.7027667,479155817.35302466,0.018679630633660935,0.22295763768244115,1.8649302154823189,4.537929416937466,-2.67,2867475.9
2021,Glenview,Non-Incentive,8.356378586723768,1083182989,3252473533,18670,8,252124888.84,3015586426.421,1083182989,3015586426.421,256929623.09,3072926554.37,3158936746.2935,8.133420949041327,24527033814.297234,25199381840.159294,1.0584286592774783,0.22295763768244115,98.0789273618799,95.46207058306253,2.62,NA
2021,Glenwood,Incentive,18.555715476190475,674404,2025035,12,2,239836.5,1356489.3646,1686010,3391223.4115,18917354.580000002,102031806.9126,104066540.9595,18.17813334197602,61646111.36667782,25170630.695996,0.019847095344833365,0.3775821342144532,1.3305576416380729,3.25870676610629,-1.93,84300.5
2021,Glenwood,Non-Incentive,18.555715476190475,51361324,154098736,4188,6,18677518.080000002,100675317.548,51361324,100675317.548,18917354.580000002,102031806.9126,104066540.9595,18.17813334197602,1830089346.6333222,1868102547.895814,1.5103009606798428,0.3775821342144532,98.75072859663096,96.7412932338937,2.01,NA
2021,Golf,Non-Incentive,9.401,14240077,42758673,217,4,3844800.88,40897786.195972994,14240077,40897786.195972994,3844800.88,40897786.195972994,40897786.195972994,9.400999999307,384480087.99999994,384480088.0283421,1.0455009177051797,6.929994356141833e-10,100.00000000737155,99.99999999999999,0,NA
2021,Hanover Park,Incentive,12.147540250772304,285415,857016,2,1,56684.42,476119.6086,713537.5,1190299.0215,33846815.99,277381431.31960005,278095610.7325,12.170927797403186,14487043.447996164,5783682.1096504545,0.0030896660815501473,-0.023387546630882383,0.17087817392806567,0.4280179102305027,-0.26,214061.25
2021,Hanover Park,Non-Incentive,12.147540250772304,115260811,346090401,5501,6,33790131.57,276905311.711,115260811,276905311.711,33846815.99,277381431.31960005,278095610.7325,12.170927797403186,3370194555.5520043,3363718419.662024,1.247705729087659,-0.023387546630882383,99.38064545438573,99.5719820897695,-0.19,NA
2021,Harvey,Incentive,26.927314647263525,6409889,19246982,135,2,5336980.51,19371894.441,16024722.5,48429736.1025,54729654.12,202229364.3028,231287205.9643,23.66307029038507,1145996249.538257,521633096.9263822,0.0951740221621886,3.264244356878457,9.53108703706864,20.939219660068574,-11.41,71220.98888888888
2021,Harvey,Non-Incentive,26.927314647263525,78760735,236494676,15670,7,49392673.61,182857469.86180001,78760735,182857469.86180001,54729654.12,202229364.3028,231287205.9643,23.66307029038507,4326969162.461743,4923860626.571197,1.169437864848817,3.264244356878457,89.96696043017486,79.06078033993144,10.91,NA
2021,Harwood Heights,Incentive,8.993298644067798,300000,900810,1,1,79244.24,900809.8215,750000,2252024.55375,24535395.08,273479318.287,274830533.01925,8.927463339119408,20104866.64239987,8101251.746258904,0.0032938871050375166,0.06583530494838996,0.33018631735270615,0.8194229836872825,-0.49,450000
2021,Harwood Heights,Non-Incentive,8.993298644067798,102709529,308405840,2949,6,24456150.84,272578508.4655,102709529,272578508.4655,24535395.08,273479318.287,274830533.01925,8.927463339119408,2433434641.3576,2451379930.5848036,1.1277117477539809,0.06583530494838996,99.91198114364352,99.18057701631272,0.73,NA
2021,Hazelcrest,Incentive,25.03964877061936,1057060,3174033,28,2,744125.27,3138979.0201000003,2642650,7847447.550250001,33129544.96,131429143.39609998,136137611.92624998,24.335335761543487,190970271.0064357,78598932.16164693,0.024150145987287822,0.7043130090758716,2.3724724337912226,5.76434935152323,-3.39,56628.21428571428
2021,Hazelcrest,Non-Incentive,25.03964877061936,61599751,184940973,6398,7,32385419.69,128290164.37599999,61599751,128290164.37599999,33129544.96,131429143.39609998,136137611.92624998,24.335335761543487,3121984224.9935646,3212340656.700063,1.4071534533450205,0.7043130090758716,96.9630177709529,94.23565064847678,2.73,NA
2021,Hickory Hills,Incentive,11.997387346553351,102913,309017,1,1,38138.86,309016.853,257282.5,772542.1325000001,36842047.48,305930166.758,306393692.0375,12.024414482883948,9289366.806671051,3707394.882053937,0.0010100899930030169,-0.027027136330596946,0.10062944748297516,0.2521403516379989,-0.15,154369.5
2021,Hickory Hills,Non-Incentive,11.997387346553351,120559882,362005123,5294,6,36803908.62,305621149.90500003,120559882,305621149.90500003,36842047.48,305930166.758,306393692.0375,12.024414482883948,3674915381.1933284,3666655316.7093325,1.1832933209439165,-0.027027136330596946,99.52365754644353,99.747859648362,-0.22,NA
2021,Hillside,Incentive,13.785786378555798,4522546,13579849,19,1,1709969.05,13435425.65,11306365,33588564.125,32604671.36,236998200.494,257151338.96899998,12.679176196679476,425875322.7343422,185217907.91586918,0.05729937599397003,1.1066101818763219,5.680716909267727,13.06178854042411,-7.38,357043.1052631579
2021,Hillside,Non-Incentive,13.785786378555798,97639442,293181963,3637,7,30894702.31,223562774.84399998,97639442,223562774.84399998,32604671.36,236998200.494,257151338.96899998,12.679176196679476,2834591813.265658,3081988656.196552,1.2370640890474711,1.1066101818763219,94.5259843955241,86.9382114595759,7.59,NA
2021,Hinsdale,Non-Incentive,7.489295900178253,71538147,214807606,1122,4,15644671.81,208478720.31320003,71538147,208478720.31320003,15644671.81,208478720.31320003,208478720.31320003,7.504205602613459,1564467181,1561358825.3160577,1.0303574661111312,-0.014909702435206285,99.80131537933858,100,-0.2,NA
2021,Hodgkins,Incentive,10.365630241423125,17772862,53366574,58,1,5549458.68,53208369.93,44432155,133020924.825,22775069.009999998,219671924.902,299484479.797,7.604757690761691,1011591901.0951514,551538288.4432368,0.24293761719349383,2.7608725506614338,24.216755971236324,44.416633848660794,-20.2,459642.9827586207
2021,Hodgkins,Non-Incentive,10.365630241423125,63603698,190982826,729,6,17225610.33,166463554.972,63603698,166463554.972,22775069.009999998,219671924.902,299484479.797,7.604757690761691,1265914999.9048486,1725499659.512564,0.8694002480526413,2.7608725506614338,75.76265339766644,55.58336615133921,20.18,NA
2021,Hoffman Estates,Incentive,11.144199824954873,2818891,8464284,11,3,837140.41,8269723.1111,7047227.5,20674307.77775,177316159.14,1615768745.8801,1628173330.54675,10.89049647315229,225153475.93845132,92159446.84714589,0.00523854915598677,0.2537033518025833,0.5197464646997084,1.2697854331520986,-0.75,384394.2272727273
2021,Hoffman Estates,Non-Incentive,11.144199824954873,612314739,1838395044,18270,7,176479018.73,1607499022.769,612314739,1607499022.769,177316159.14,1615768745.8801,1628173330.54675,10.89049647315229,17506462438.061546,17914290328.15742,1.1377835155479732,0.2537033518025833,101.03021865036672,98.73021456684789,2.3,NA
2021,Homer Glen,Non-Incentive,8.717,63637,191082,3,1,16656.62,191082.0236,63637,191082.0236,16656.62,191082.0236,191082.0236,8.71700000145906,1665661.9999999998,1665661.9997212,0.99999987649283,-1.4590586516760595e-9,99.99999998326192,99.99999999999999,-0,NA
2021,Hometown,Non-Incentive,12.562,21515598,64604867,1702,4,5811465.68,46262264.60915,21515598,46262264.60915,5811465.68,46262264.60915,46262264.60915,12.561999999564605,581146568,581146568.0201423,1.396491666497928,4.353939431211984e-10,100.00000000346597,100,0,NA
2021,Homewood,Incentive,16.342899910132555,4428609,13297783,50,2,2146642,12887105.275,11071522.5,32217763.1875,62854932.64,382261313.29187,401591971.20437,15.651441549366321,504254437.38048226,210612671.64066628,0.0347871535455294,0.6914583607662337,3.350773961479601,8.022511777533618,-4.67,132858.27
2021,Homewood,Non-Incentive,16.342899910132555,152412323,457648563,8852,7,60708290.64,369374208.01687,152412323,369374208.01687,62854932.64,382261313.29187,401591971.20437,15.651441549366321,5781238826.619518,6036645711.004189,1.1972139138510445,0.6914583607662337,96.04092244564035,91.97748822246639,4.06,NA
2021,Indian Head Park,Non-Incentive,8.315145414847162,59648967,179107950,2290,7,12849067.31,154840300.9356,59648967,154840300.9356,12849067.31,154840300.9356,154840300.9356,8.298270690744838,1284906731,1287519618.3582091,1.1567269562107942,0.01687472410232438,100.2033522974991,100,0.2,NA
2021,Inverness,Non-Incentive,9.68176256394824,159557199,479084349,3323,4,42636144.8,438510836.088,159557199,438510836.088,42636144.8,438510836.088,438510836.088,9.722939843485147,4263614479.9999995,4245557796.722441,1.0925256791233724,-0.04117727953690675,99.57649352768033,100,-0.42,NA
2021,Justice,Non-Incentive,11.36357444413172,74665092,224196869,3553,7,20218646.12,177640209.482,74665092,177640209.482,20218646.12,177640209.482,177640209.482,11.381795922757412,2021864612,2018627744.7198603,1.262084016078114,-0.018221478625692455,99.83990682358608,100,-0.16,NA
2021,Kenilworth,Non-Incentive,9.837305816135084,101609688,305103427,1066,5,29078701.830000002,295591415.9285,101609688,295591415.9285,29078701.830000002,295591415.9285,295591415.9285,9.837464913742213,2907870183,2907823155.1130376,1.032179591689499,-1.5909760712951027e-4,99.99838273774265,100,-0,NA
2021,La Grange,Incentive,9.268452916073969,247805,744084,4,1,69891.81,744083.9987,619512.5,1860209.99675,71548863.53,771164541.0157,772280667.01375,9.264619274578594,17234137.390653834,6896507.507554994,9.648835759745485e-4,0.0038336414953743514,0.09638877778489564,0.240872273022585,-0.14,92926.875
2021,La Grange,Non-Incentive,9.268452916073969,276729959,830937029,7026,7,71478971.72,770420457.017,276729959,770420457.017,71548863.53,771164541.0157,772280667.01375,9.264619274578594,7137652215.609347,7140605731.442253,1.0775093832835905,0.0038336414953743514,99.8004074299271,99.75912772697743,0.04,NA
2021,La Grange Park,Non-Incentive,10.130904162436549,156511637,469957471,4925,7,40669683.11,401890915.9817,156511637,401890915.9817,40669683.11,401890915.9817,401890915.9817,10.119582576445167,4066968310.9999995,4071518353.5644417,1.1693657465534737,0.011321585991382221,100.11187799403638,99.99999999999999,0.11,NA
2021,Lansing,Incentive,20.62785994613313,4389231,13179545,51,2,1571160.25,7515143.806,10973077.5,18787859.515,76739825.71,371200068.9105,382472784.6195,20.064127121186935,376962001.64396155,155021333.90521786,0.035505233171650406,0.563732824946193,2.0200897313872446,4.9122082068377635,-2.89,129095.0294117647
2021,Lansing,Non-Incentive,20.62785994613313,165582776,497176774,12944,7,75168665.46,363684925.1045,165582776,363684925.1045,76739825.71,371200068.9105,382472784.6195,20.064127121186935,7297020569.356038,7502041699.575542,1.3393768364840315,0.563732824946193,97.7594310407451,95.08779179316224,2.67,NA
2021,Lemont,Incentive,7.838208343528261,647525,1944323,4,1,91966.6,1173342.689,1618812.5,2933356.7225,56597990.02,722098326.7649001,723858340.7984,7.81893180336551,22935716.168171268,9196904.454737686,0.002692601447659953,0.0192765401627506,0.16249524853246167,0.4052390581373382,-0.24,242821.875
2021,Lemont,Non-Incentive,7.838208343528261,267872365,804264055,8170,7,56506023.42,720924984.0759001,267872365,720924984.0759001,56597990.02,722098326.7649001,723858340.7984,7.81893180336551,5636863285.831829,5650760225.241698,1.113787451361664,0.0192765401627506,99.84029862623906,99.59476094186266,0.25,NA
2021,Lincolnwood,Incentive,9.662,1493007,4483053,4,2,427628.55,4425880.2528,3732517.5,11064700.632,66684776.78,690175706.600543,696814526.979743,9.569946405830109,105888592.04479453,42762855.002553605,0.0064955241935148005,0.0920535941698919,0.6412686233266207,1.5878975256096604,-0.95,559877.625
2021,Lincolnwood,Non-Incentive,9.662,251390673,754850794,5836,6,66257148.230000004,685749826.347743,251390673,685749826.347743,66684776.78,690175706.600543,696814526.979743,9.569946405830109,6562589085.955205,6625714822.171894,1.0937081482018742,0.0920535941698919,99.35873136429346,98.41210247439032,0.95,NA
2021,Lynwood,Incentive,14.297035195530729,1330589,3995361,21,2,493148.74,3849737.977,3326472.5,9624344.942499999,21086681.029999997,150598583.627,156373190.5925,13.484844141187052,129782791.51063435,55039839.35074027,0.026529871023857978,0.8121910543436766,2.61017081220298,6.154728253630456,-3.54,95042.07142857143
2021,Lynwood,Non-Incentive,14.297035195530729,60105318,180205032,3559,6,20593532.29,146748845.65,60105318,146748845.65,21086681.029999997,150598583.627,156373190.5925,13.484844141187052,1978885311.4893656,2098073411.1615565,1.196591811556002,0.8121910543436766,99.49756475078415,93.84527174636955,5.65,NA
2021,Lyons,Incentive,11.513348591549295,412272,1237930,15,1,141978.19,1237929.985,1030680,3094824.9625000004,22610760.57,196290023.68912002,198146918.66662002,11.411108849006304,35315384.515709355,14252719.449236391,0.006306637376337614,0.10223974254299151,0.6303511730669921,1.5618839714116417,-0.93,41227.2
2021,Lyons,Non-Incentive,11.513348591549295,80338058,241231029,4245,7,22468782.38,195052093.70412,80338058,195052093.70412,22610760.57,196290023.68912002,198146918.66662002,11.411108849006304,2225760672.4842906,2245702748.327071,1.2289520601518527,0.10223974254299151,99.32008883003581,98.43811602858835,0.88,NA
2021,Markham,Incentive,26.36818094078776,4375110,13137141,49,2,2798423.88,10159503.635,10937775,25398759.0875,31891599.53,118979675.84992,134218931.30242,23.76088024284916,603496872.9950643,267887630.11627096,0.11041500076509775,2.607300697938598,8.399943372682598,18.92338051051227,-10.52,133931.9387755102
2021,Markham,Non-Incentive,26.36818094078776,52955053,159004609,11452,7,29093175.650000002,108820172.21492,52955053,108820172.21492,31891599.53,118979675.84992,134218931.30242,23.76088024284916,2585663080.0049357,2869389990.970695,1.336401430447391,2.607300697938598,89.97322283165816,81.07661948948773,8.9,NA
2021,Matteson,Incentive,18.12660381549719,10455079,31393466,26,2,5723673.74,31472486.22,26137697.5,78681215.55,82090659.27,452060060.05567,499268789.38567,16.44217724304562,1293690491.771377,570489288.7986348,0.06944534316111442,1.6844265724515708,6.949503072234673,15.759289829995991,-8.81,603177.6346153846
2021,Matteson,Non-Incentive,18.12660381549719,168827195,506684402,7627,8,76366985.53,420587573.83567,168827195,420587573.83567,82090659.27,452060060.05567,499268789.38567,16.44217724304562,6915375435.228622,7623824320.640362,1.1208342580355433,1.6844265724515708,92.87078930095139,84.24071017000401,8.63,NA
2021,Maywood,Incentive,18.856485674025365,1563863,4695811,17,2,807852.35,4291152.396,3909657.5,10727880.989999998,47801940.050000004,253525544.03599998,259962272.63,18.388029757700924,197264594.88119403,80916053.68023361,0.01852204288863771,0.46845591632444084,1.692735767535728,4.12670687998978,-2.43,137987.91176470587
2021,Maywood,Non-Incentive,18.856485674025365,118542288,355946922,8499,7,46994087.7,249234391.64,118542288,249234391.64,47801940.050000004,253525544.03599998,259962272.63,18.388029757700924,4582929410.118806,4699684735.434087,1.4039883963308109,0.46845591632444084,98.3157740149939,95.8732931200102,2.44,NA
2021,Mc Cook,Incentive,13.22969784172662,28051854,84231300,45,1,4378517.47,34067644.17,70129635,85169110.42500001,14222399.239999998,110129559.578,161231025.833,8.82113052777527,751287839.9934306,450704638.5485595,0.7648382534422343,4.40856731395135,31.689775469174606,52.824268768975344,-21.13,935061.8
2021,Mc Cook,Non-Incentive,13.22969784172662,27198056,81667598,372,5,9843881.77,76061915.40799999,27198056,76061915.40799999,14222399.239999998,110129559.578,161231025.833,8.82113052777527,670952084.006569,1006276158.1108103,0.7415592899212348,4.40856731395135,70.75291173662836,47.17573123102464,23.58,NA
2021,Melrose Park,Incentive,10.868178667421134,29546017,88717830,91,2,9043374.16,72700237.018,73865042.5,181750592.54500002,79217249.88,698849789.91516,807900145.4421599,9.80532684972408,1782123965.03475,790119165.0754879,0.1269483532516627,1.0628518176970534,9.97407971461238,22.496665407273667,-12.52,487022.2582417582
2021,Melrose Park,Non-Incentive,10.868178667421134,238960616,717527108,6978,8,70173875.72,626149552.8971599,238960616,626149552.8971599,79217249.88,698849789.91516,807900145.4421599,9.80532684972408,6139601022.965251,6805105213.412194,1.026725797666917,1.0628518176970534,85.90433552945495,77.50333459272635,8.4,NA
2021,Merrionette Park,Non-Incentive,11.158,18568676,55756160,674,6,5572823.8,49944647.7826,18568676,49944647.7826,5572823.8,49944647.7826,49944647.7826,11.158000000835909,557282380,557282379.9582508,1.1163590589865897,-8.359091197007729e-10,99.99999999250842,100,-0,NA
2021,Midlothian,Incentive,15.03320399113082,1301440,3907835,22,1,492806.52,3276995.635,3253600,8192489.087499999,30988553.84,206141194.775594,211056688.228094,14.682573719961875,120286824.97720192,49263743.85900027,0.01895707941468993,0.35063027116894574,1.5897400089516496,3.8816533871914922,-2.29,88734.54545454546
2021,Midlothian,Non-Incentive,15.03320399113082,87309697,262164748,6292,7,30495747.32,202864199.140594,87309697,202864199.140594,30988553.84,206141194.775594,211056688.228094,14.682573719961875,2978568559.022798,3049698888.177935,1.2717727200785531,0.35063027116894574,98.41372088301154,96.11834661280851,2.3,NA
2021,Morton Grove,Non-Incentive,10.666815567765568,354849898,1065507698,10920,8,92225884.28,871742577.2689,354849898,871742577.2689,92225884.28,871742577.2689,871742577.2689,10.579486041502797,9222588428.000002,9298717294.29598,1.2222733244694215,0.08732952626277068,100.82546095264158,100.00000000000001,0.83,NA
2021,Mt Prospect,Incentive,10.361974141497724,26246435,78810171,46,2,8079262.66,78768477.359,65616087.5,196921193.39749998,190531575.48,1849640876.342,1967793592.3805,9.682498012889052,1906689063.7670343,816196925.559107,0.042608363606161964,0.6794761286086715,4.283788256633519,10.007207776262673,-5.72,855862.0108695652
2021,Mt Prospect,Non-Incentive,10.361974141497724,668417805,2007058026,19290,8,182452312.82,1770872398.983,668417805,1770872398.983,190531575.48,1849640876.342,1967793592.3805,9.682498012889052,17146468484.232967,18349734006.153885,1.08510687218879,0.6794761286086715,96.30809990378759,89.99279222373734,6.32,NA
2021,Niles,Incentive,9.304686902286903,10524059,31600591,20,2,2646924.6,31886758.823,26310147.5,79716897.0575,124183334.83,1360539460.666,1408369598.9004998,8.817524528145785,702905695.1121789,296696307.17674947,0.023226515594432773,0.48716237414111774,2.38917973641882,5.660225633934032,-3.27,789304.425
2021,Niles,Non-Incentive,9.304686902286903,510237415,1532090064,12005,6,121536410.23,1328652701.843,510237415,1328652701.843,124183334.83,1360539460.666,1408369598.9004998,8.817524528145785,11715427787.887821,12362697392.526667,1.1260901343133585,0.48716237414111774,99.55198424531362,94.33977436606597,5.21,NA
2021,Norridge,Non-Incentive,8.628542181069959,197407649,592755963,5832,6,44264197.37,510935997.093,197407649,510935997.093,44264197.37,510935997.093,510935997.093,8.663354631860686,4426419737,4408632802.743988,1.16013740737102,-0.03481245079072792,99.59816431082365,100,-0.4,NA
2021,North Lake,Incentive,13.581068273092368,49265085,147928268,26,2,20033241.4,148079430.25559998,123162712.5,370198575.63899994,56252418.699999996,415884577.17059994,638003722.5539999,8.816942082220978,3264019400.3297644,2011076852.141923,0.35569548889358876,4.764126190871391,35.75094011276573,58.02451655878336,-22.27,2842216.4423076925
2021,North Lake,Non-Incentive,13.581068273092368,102292296,307153007,4207,6,36219177.3,267805146.915,102292296,267805146.915,56252418.699999996,415884577.17059994,638003722.5539999,8.816942082220978,2361222469.6702347,3637079984.138147,0.738553492629285,4.764126190871391,64.65641954944326,41.97548344121663,22.68,NA
2021,North Riverside,Non-Incentive,9.98606468023256,96141104,288682904,2752,7,26167676.75,262274246.59199002,96141104,262274246.59199002,26167676.75,262274246.59199002,262274246.59199002,9.977219300035985,2616767675,2619087590.4268765,1.1006910047447125,0.008845380196575547,100.0886557660063,100,0.09,NA
2021,Northbrook,Incentive,8.483042790575572,6131463,18410943,8,1,1548709.46,18222523.1,15328657.5,45556307.75,224429595.28,2650549892.58,2677883677.23,8.380856763433044,381800889.9236247,154582443.20955184,0.006946084301804673,0.10218602714252789,0.6887792272525094,1.7012056250749243,-1.01,1149649.3125
2021,Northbrook,Non-Incentive,8.483042790575572,936298499,2811423547,15229,6,222880885.82,2632327369.48,936298499,2632327369.48,224429595.28,2650549892.58,2677883677.23,8.380856763433044,22061158638.076374,22330145714.102074,1.0606944449038114,0.10218602714252789,99.49733093909839,98.29879437492507,1.2,NA
2021,Northfield,Non-Incentive,8.154834152334152,197749544,593782600,3256,7,46112951.14,565962614.187,197749544,565962614.187,46112951.14,565962614.187,565962614.187,8.14770268991015,4611295114,4615331255.116465,1.0491551652275886,0.007131462424002422,100.08752727849082,100,0.09,NA
2021,Oak Brook,Non-Incentive,6.4740625,321393,965046,16,3,56975.29,887624.05128,321393,887624.05128,56975.29,887624.05128,887624.05128,6.418853783630431,5697529,5746533.584489925,1.087223806755071,0.05520871636956848,100.86010241439622,100,0.86,NA
2021,Oak Forest,Incentive,14.337595646983194,3281959,9854737,54,2,1466302.5499999998,9543573.617,8204897.5,23858934.0425,68137329.34,474115537.386,488430897.8115,13.950249594221253,332838084.9449373,136831899.54776287,0.020785517923190926,0.38734605276194145,2.008178202362207,4.884812600800671,-2.88,91165.52777777778
2021,Oak Forest,Non-Incentive,14.337595646983194,194603966,584261219,10835,8,66671026.79,464571963.769,194603966,464571963.769,68137329.34,474115537.386,488430897.8115,13.950249594221253,6480894849.055063,6660844965.444849,1.2323182282134855,0.38734605276194145,97.75617902791211,95.11518739919933,2.64,NA
2021,Oak Lawn,Incentive,12.064968040811731,1980926,5948127,5,2,730665.3200000001,6010899.9702,4952315,15027249.925500002,147203490.04999998,1220869119.0956001,1229885469.0509,11.968877895890307,179859319.46933624,72521316.0369792,0.004872043126462462,0.09609014492142443,0.4926603031785876,1.221841407484593,-0.73,594277.8
2021,Oak Lawn,Non-Incentive,12.064968040811731,497563529,1494033929,26654,8,146472824.73,1214858219.1254,497563529,1214858219.1254,147203490.04999998,1220869119.0956001,1229885469.0509,11.968877895890307,14540489685.530664,14657225587.865406,1.2237461867384736,0.09609014492142443,99.57118260502416,98.77815859251542,0.79,NA
2021,Oak Park,Incentive,12.467523777697805,543113,1630805,5,1,205176.18,1630841.587,1357782.5,4077103.9675000003,234665830.60000002,1880975710.2361999,1883421972.6167,12.459546188365376,50798865.19783398,20332556.263580922,8.669994998474567e-4,0.007977589332428536,0.08664472459238776,0.21647320816989013,-0.13,162933.9
2021,Oak Park,Non-Incentive,12.467523777697805,686550252,2061504537,19446,8,234460654.42000002,1879344868.6492,686550252,1879344868.6492,234665830.60000002,1880975710.2361999,1883421972.6167,12.459546188365376,23415784194.80217,23430776836.378258,1.0959761605539982,0.007977589332428536,99.84741611707936,99.78352679183011,0.06,NA
2021,Olympia Fields,Incentive,18.40913855932203,254479,764124,2,1,143418.4,764123.8212,636197.5,1910309.553,23807287.83,129207302.9977,130353488.72950001,18.263636870819113,34889199.98684878,14066861.300949413,0.0059139381619443135,0.14550168850291811,0.5908636633200823,1.4654840247230623,-0.87,190859.25
2021,Olympia Fields,Non-Incentive,18.40913855932203,54198518,162706346,2358,5,23663869.43,128443179.17650001,54198518,128443179.17650001,23807287.83,129207302.9977,130353488.72950001,18.263636870819113,2345839583.013151,2364528282.460015,1.2592658636555265,0.14550168850291811,99.3195150722053,98.53451597527695,0.78,NA
2021,Orland Hills,Incentive,10.952004776378637,652608,1959586,2,1,189981.85,1959585.869,1631520,4898964.672499999,15912484.11,148805031.43199998,151744410.23549998,10.486372503148283,51372368.43559883,21461393.79701208,0.013168815470433066,0.4656322732303533,1.3487142327152388,3.2284317194267933,-1.88,489456
2021,Orland Hills,Non-Incentive,10.952004776378637,56781701,170497831,2301,7,15722502.26,146845445.563,56781701,146845445.563,15912484.11,148805031.43199998,151744410.23549998,10.486372503148283,1539876042.5644011,1608252021.195425,1.1457800140172885,0.4656322732303533,101.06857044304851,96.7715682805732,4.3,NA
2021,Orland Park,Incentive,9.904173880742912,4419818,13271388,27,4,1451305.3900000001,12985333.5633,11049545,32463333.90825,228659583.51,2299210045.9063,2318688046.25125,9.861593235005738,320140194.0553306,128609001.51037015,0.005772151188896141,0.04258064573717313,0.5624474580779847,1.4000733716954832,-0.84,245545.44444444444
2021,Orland Park,Non-Incentive,9.904173880742912,869038978,2608786404,25548,8,227208278.12,2286224712.343,869038978,2286224712.343,228659583.51,2299210045.9063,2318688046.25125,9.861593235005738,22545818156.944668,22643167081.496517,1.1346446613891996,0.04258064573717313,99.02566397575137,98.59992662830452,0.43,NA
2021,Palatine,Incentive,10.841407772580066,5124387,15386998,14,2,1613756.88,14833772.001,12810967.5,37084430.0025,205823269.43,1899085632.3557398,1921336290.35724,10.71250621054634,397267186.7163523,160818971.06832197,0.008102319209752034,0.12890156203372527,0.7813449446881715,1.9301373834772453,-1.15,549041.4642857143
2021,Palatine,Non-Incentive,10.841407772580066,746234705,2240691940,27776,8,204209512.55,1884251860.35474,746234705,1884251860.35474,205823269.43,1899085632.3557398,1921336290.35724,10.71250621054634,20185059756.283646,20427942764.348328,1.1798793597424626,0.12890156203372527,99.24991873329377,98.06986261652274,1.18,NA
2021,Palos Heights,Incentive,11.000102902833303,1512310,4541013,1,1,50617.75,370121.0149,3780775,925302.53725,47565953.1,433220513.63460004,433775695.15695,10.965564376028388,10146464.539517282,4071369.2504010983,0.010481989788300096,0.03453852680491565,0.0855941904883453,0.2133135967692253,-0.13,2268465
2021,Palos Heights,Non-Incentive,11.000102902833303,169307086,508378433,5752,6,47515335.35,432850392.6197,169307086,432850392.6197,47565953.1,433220513.63460004,433775695.15695,10.965564376028388,4746448845.460484,4761398860.348497,1.1734865201438542,0.03453852680491565,100.10098715647301,99.78668640323079,0.31,NA
2021,Palos Hills,Incentive,10.900929498377838,253200,760284,4,1,73458.65,760284.1027,633000,1900710.2567500002,40531891.69,370782740.77261,371923166.92666,10.89792067133923,20713789.597262323,8287803.402270156,0.002050483791170473,0.00300882703860772,0.20447610651034373,0.5110491697670458,-0.31,94950
2021,Palos Hills,Non-Incentive,10.900929498377838,149982675,450353058,8010,7,40458433.04,370022456.66991,149982675,370022456.66991,40531891.69,370782740.77261,371923166.92666,10.89792067133923,4032475379.402737,4033588712.9752574,1.214600919831347,0.00300882703860772,99.51641891835071,99.48895083023295,0.03,NA
2021,Palos Park,Non-Incentive,9.259554942890905,89391720,268291000,2539,5,22482523.04,244321510.9087,89391720,244321510.9087,22482523.04,244321510.9087,244321510.9087,9.20202357802275,2248252304,2262308453.989227,1.098106339479282,0.057531364868154355,100.62520340640678,100,0.63,NA
2021,Park Forest,Incentive,41.82463749600766,685706,2058968,23,2,789364.61,1796337.5509000001,1714265,4490843.877250001,37786877.97,89518886.8709,92213393.19725001,40.97764615295263,184024211.33010438,75131166.88685872,0.023000375361786483,0.8469913430550307,1.9882872288763136,4.870055988118575,-2.88,44719.95652173913
2021,Park Forest,Non-Incentive,41.82463749600766,48693981,146213336,6239,6,36997513.36,87722549.32000001,48693981,87722549.32000001,37786877.97,89518886.8709,92213393.19725001,40.97764615295263,3594663585.6698956,3668963825.5346537,1.6333238840521118,0.8469913430550307,97.09624141077602,95.12994401188143,1.97,NA
2021,Park Ridge,Incentive,10.119869918213835,438861,1317768,1,1,49474.61,488445.1575,1097152.5,1221112.8937499998,167681272.18,1657309992.9637,1658042660.69995,10.113206140860852,12349366.415756863,4943001.456081469,0.00079512463304676575,0.006663777352983402,0.029478554115305904,0.0736478573617944,-0.04,658291.5
2021,Park Ridge,Non-Incentive,10.119869918213835,629069766,1888907826,16750,7,167631797.57,1656821547.8062,629069766,1656821547.8062,167681272.18,1657309992.9637,1658042660.69995,10.113206140860852,16755777851.584244,16766818541.492449,1.139743218842326,0.006663777352983402,99.99219545217818,99.92635214263821,0.07,NA
2021,Phoenix,Incentive,29.94986577181208,215108,645905,9,1,156812.4,529338.4543,537770,1323346.13575,1611281.7999999998,5385127.64702,6179135.328469999,26.076169469474387,34507798.10259105,15853615.654143482,0.11994237506281365,3.873696302337695,9.8391328283752,21.41636435202772,-11.58,35851.333333333336
2021,Phoenix,Non-Incentive,29.94986577181208,4391823,13187365,2077,6,1454469.4,4855789.19272,4391823,4855789.19272,1611281.7999999998,5385127.64702,6179135.328469999,26.076169469474387,126620381.89740893,145430234.53817973,2.448849101524561,3.873696302337695,90.25747981400879,78.58363564797229,11.67,NA
2021,Posen,Incentive,13.961203305269722,1487697,4467105,29,2,233405.17,1658055.9908,3719242.5,4145139.977,7632636.52,54416632.504700005,56903716.4909,13.413247834560341,55599789.82044475,23148456.779079225,0.08209080191822184,0.5479554707093808,3.0328257763123805,7.284480228392266,-4.25,76949.8448275862
2021,Posen,Non-Incentive,13.961203305269722,27348899,82120597,3178,6,7399231.35,52758576.513900004,27348899,52758576.513900004,7632636.52,54416632.504700005,56903716.4909,13.413247834560341,707663862.1795553,736573212.8071862,1.5091083960939182,0.5479554707093808,96.50311669855154,92.71551977160775,3.79,NA
2021,Prospect Heights,Incentive,11.707147517274626,2281063,6849347,4,2,788542.9299999999,6700389.21,5702657.5,16750973.025,47307965.51,408148966.53,418199550.34499997,11.312294685867688,189491943.13382047,78442444.90462519,0.01678148803911416,0.39485283140693817,1.658123406047634,4.005497617388883,-2.35,855398.625
2021,Prospect Heights,Non-Incentive,11.707147517274626,156596441,470212132,6219,6,46519422.58,401448577.32,156596441,401448577.32,47307965.51,408148966.53,418199550.34499997,11.312294685867688,4541304607.866179,4699817715.285269,1.1520600823705338,0.39485283140693817,99.34516660395842,95.99450238261112,3.35,NA
2021,Richton Park,Incentive,18.72908266043349,564567,1695226,6,2,164587.79,879734.3419700001,1411417.5,2199335.854925,27056970.3,144229368.90976998,145548970.422725,18.58959924032243,40884772.13792766,16476617.209978195,0.011753681048556308,0.13948342011106263,0.6089601691279601,1.5110624613402357,-0.9,141141.75
2021,Richton Park,Non-Incentive,18.72908266043349,66998942,200904829,4700,8,26892382.51,143349634.5678,66998942,143349634.5678,27056970.3,144229368.90976998,145548970.422725,18.58959924032243,2664812257.8620725,2684807155.16326,1.3929536717704578,0.13948342011106263,99.22793000823377,98.48893753865977,0.74,NA
2021,River Forest,Incentive,10.357,815915,2449948,2,1,149129.52,1439891.088,2039787.5,3599727.7199999997,61661342.480000004,595359104.7569001,597518941.3889,10.319562813635931,37147616.318526454,14912951.998416,0.004115076061531594,0.0374371863640679,0.24185253513176508,0.6024457922007678,-0.36,611936.25
2021,River Forest,Non-Incentive,10.357,215719311,647740407,4690,6,61512212.96,593919213.6689,215719311,593919213.6689,61661342.480000004,595359104.7569001,597518941.3889,10.319562813635931,6128986631.681474,6151221295.968797,1.0879827012379168,0.0374371863640679,99.7581474643365,99.39755420779923,0.36,NA
2021,River Grove,Incentive,12.85440361125863,3352782,10067399,6,1,1381379.32,10363453.94,8381955,25908634.849999998,27917026.990000002,217501469.6982,233046650.60819998,11.979158214521755,310363635.99042207,133216019.75144848,0.04628657918481788,0.8752453967368758,4.771855534587083,11.117359885835825,-6.35,838195.5
2021,River Grove,Non-Incentive,12.85440361125863,85765593,257528394,3760,6,26535647.67,207138015.7582,85765593,207138015.7582,27917026.990000002,217501469.6982,233046650.60819998,11.979158214521755,2481339063.009578,2662635657.791153,1.1840305923327343,0.8752453967368758,95.37676267408132,88.88264011416418,6.49,NA
2021,Riverdale,Incentive,31.023814231499053,1520427,4565384,26,2,1378465.12,4532729.693,3801067.5,11331824.2325,29466293.34,95532566.178,102331660.7175,28.794894105496414,326298678.7969357,140622563.95723173,0.0477887717523844,2.228920126002638,4.772319420520359,11.073624871370933,-6.3,87716.94230769231
2021,Riverdale,Non-Incentive,31.023814231499053,39561789,118792097,5244,7,28087828.22,90999836.485,39561789,90999836.485,29466293.34,95532566.178,102331660.7175,28.794894105496414,2620330655.203064,2823162022.20743,1.2434722707925792,2.228920126002638,95.80987977117009,88.92637512862906,6.88,NA
2021,Riverside,Non-Incentive,12.255880486515071,119721326,359487235,3782,5,39140544.669999994,319360878.34260005,119721326,319360878.34260005,39140544.669999994,319360878.34260005,319360878.34260005,12.255898365864113,3914054466.9999995,3914048757.0353856,1.125645811301764,-1.787934904129429e-5,99.99985411637314,100,-0,NA
2021,Robbins,Incentive,14.993915721895917,147102,441704,6,1,65102.76,441704.0505,367755,1104260.12625,6690817.32,44558201.0088,45220757.08455,14.795898501854065,16338520.747639555,6622873.307217058,0.009912967534590677,0.19801722004185152,0.9898451848954467,2.4419319742598433,-1.45,36775.5
2021,Robbins,Non-Incentive,14.993915721895917,18886425,56710461,7315,7,6625714.5600000005,44116496.9583,18886425,44116496.9583,6690817.32,44558201.0088,45220757.08455,14.795898501854065,652743211.2523605,661479037.3380278,1.2727277968156747,0.19801722004185152,98.86371211492407,97.55806802574016,1.31,NA
2021,Rolling Meadows,Incentive,11.12151901635928,5343439,16044743,23,2,1777730.04,15922880.671999998,13358597.5,39807201.67999999,96495893.87,866408188.146,890292509.1539999,10.838673006661056,431457242.31972855,177086620.1888676,0.0185186880958889,0.2828460096982237,1.8351725973691693,4.471249760129597,-2.64,348485.152173913
2021,Rolling Meadows,Non-Incentive,11.12151901635928,329207341,988510766,9574,7,94718163.83,850485307.474,329207341,850485307.474,96495893.87,866408188.146,890292509.1539999,10.838673006661056,9218132144.680271,9458688520.206259,1.1409296213085007,0.2828460096982237,98.02166849657951,95.52875023987039,2.49,NA
2021,Roselle,Non-Incentive,10.48582422646478,38944190,116937721,1519,5,10575003.08,100842832.685,38944190,100842832.685,10575003.08,100842832.685,100842832.685,10.486618432301329,1057500307.9999999,1057420218.0337074,1.1596036910751522,-7.94205836548656e-4,99.99242648293463,99.99999999999999,-0.01,NA
2021,Rosemont,Non-Incentive,10.645729672650477,287796410,864166281,1894,5,64649664.22,603872836.301,287796410,603872836.301,64649664.22,603872836.301,603872836.301,10.705840755482404,6464966422,6428666971.91716,1.4310401611925743,-0.06011108283192712,99.43852067105385,100,-0.56,NA
2021,Sauk Village,Incentive,17.202081745374205,11683104,35080858,27,2,504639.4,3047840.0066,29207760,7619600.0165,11855618.38,69435576.02360001,74007336.0335,16.01951781460349,122062318.20447479,52429192.940355055,0.5052288755849969,1.1825639307707156,4.422307741349131,10.29573610520304,-5.87,649061.3333333334
2021,Sauk Village,Non-Incentive,17.202081745374205,31921965,95769894,3594,6,11350978.98,66387736.017000005,31921965,66387736.017000005,11855618.38,69435576.02360001,74007336.0335,16.01951781460349,1063499519.7955253,1142007261.8547573,1.3792626126907823,1.1825639307707156,96.32625015842972,89.70426389479697,6.62,NA
2021,Schaumburg,Incentive,10.139514004437048,22598541,67856639,80,2,5538877.5600000005,54868309.3662,56496352.5,137170773.4155,369684365.69,3653124975.9242,3735427439.9735003,9.896708519457215,1357539161.881714,556337991.2183694,0.018574956905993346,0.2428054849798329,1.5048999710333661,3.6721573533355287,-2.17,423722.64375
2021,Schaumburg,Non-Incentive,10.139514004437048,1355620339,4070499608,28768,7,364145488.13,3598256666.558,1355620339,3598256666.558,369684365.69,3653124975.9242,3735427439.9735003,9.896708519457215,35610897407.11828,36484573862.12381,1.114251397044036,0.2428054849798329,98.69114641628656,96.32784264666445,2.36,NA
2021,Schiller Park,Incentive,12.906407066052228,7901943,23727165,25,2,2267774.39,17951836.156799998,19754857.5,44879590.392,46866444.839999996,365297920.5548,392225674.79,11.948846761521303,536259348.3138517,231693705.0227354,0.06495291559274174,0.9575603045309258,4.943701315807666,11.442287763550613,-6.5,474116.58
2021,Schiller Park,Non-Incentive,12.906407066052228,130622135,392219100,5183,6,44598670.449999996,347346084.398,130622135,347346084.398,46866444.839999996,365297920.5548,392225674.79,11.948846761521303,4150385135.686147,4482989958.039921,1.073696503402793,0.9575603045309258,95.65457702935764,88.55771223644938,7.1,NA
2021,Skokie,Incentive,10.178082901554404,7872238,23637972,26,2,2354867.89,21752509.2231,19680595,54381273.05775,261876689.1,2536979463.5997,2569608227.43435,10.191308009683379,554216303.6902266,221398842.18953857,0.009317368287428022,-0.013225108128974483,0.8454316531586948,2.116325456820611,-1.27,454167.57692307694
2021,Skokie,Non-Incentive,10.178082901554404,977118124,2933992401,27766,8,259521821.21,2515226954.3766,977118124,2515226954.3766,261876689.1,2536979463.5997,2569608227.43435,10.191308009683379,25633452606.309772,25600188457.86923,1.1564904025028968,-0.013225108128974483,97.75665236127055,97.88367454317938,-0.13,NA
2021,South Barrington,Non-Incentive,8.503980613893376,155638201,467244523,2476,5,38588220.69,452977315.919,155638201,452977315.919,38588220.69,452977315.919,452977315.919,8.518797594027914,3858822069,3852110313.1086316,1.0314965155640403,-0.014816980134538582,99.82606723576899,100,-0.17,NA
2021,South Chicago Heights,Incentive,13.863642558528428,2310387,6937398,54,2,906059.99,6730186.697,5775967.5,16825466.7425,9113780.8,66631235.129,76726515.1745,11.878267609668475,199857396.6249919,93304902.71937107,0.10411630501174106,1.9853749488599526,10.237782185782992,21.929142362628678,-11.69,64177.416666666664
2021,South Chicago Heights,Non-Incentive,13.863642558528428,26023711,78141400,2338,6,8207720.8100000005,59901048.432000004,26023711,59901048.432000004,9113780.8,66631235.129,76726515.1745,11.878267609668475,711520683.3750082,830446724.3423477,1.1727442819980147,1.9853749488599526,91.11989223422486,78.07085763737133,13.05,NA
2021,South Holland,Incentive,19.475852995297483,13958262,41912469,137,2,7573845.5600000005,38532490.14,34895655,96331225.35,76544154.96000001,390642020.5401,448440755.7501,17.068955927515056,1644273439.942671,750453113.5093898,0.1072912456833292,2.4068970677824275,9.804185752675133,21.48137164492737,-11.68,152827.68613138687
2021,South Holland,Non-Incentive,19.475852995297483,152929852,459188275,9645,6,68970309.4,352109530.4001,152929852,352109530.4001,76544154.96000001,390642020.5401,448440755.7501,17.068955927515056,6010142056.057329,6857633452.3155775,1.1754707657029018,2.4068970677824275,89.59055666496285,78.51862835507262,11.07,NA
2021,Steger,Incentive,12.627239364719228,306569,920538,59,2,111825.45000000001,887644.4673,766422.5,2219111.16825,6572488.64,52064750.0293,53396216.73025,12.30890321912368,27314824.602465738,11208499.15936579,0.017680638041706862,0.31833614559554846,1.7053660756674645,4.155933330371757,-2.45,7794.127118644068
2021,Steger,Non-Incentive,12.627239364719228,22588714,67811201,3467,6,6460663.1899999995,51177105.562,22588714,51177105.562,6572488.64,52064750.0293,53396216.73025,12.30890321912368,629934039.3975341,646225561.9248778,1.3024397689768705,0.31833614559554846,98.32281154385956,95.84406666962823,2.48,NA
2021,Stickney,Non-Incentive,12.689706021251476,54225161,162821895,2541,6,15989321.030000001,127870038.32970001,54225161,127870038.32970001,15989321.030000001,127870038.32970001,127870038.32970001,12.50435304380933,1598932103,1622633195.3300512,1.2733389082138238,0.18535297744214674,101.482307615538,99.99999999999999,1.48,NA
2021,Stone Park,Non-Incentive,16.349259651778954,20591720,61830759,1321,6,8556694.92,52308558.0225,20591720,52308558.0225,8556694.92,52308558.0225,52308558.0225,16.35811661319248,855669492,855206197.1199976,1.1820390646862053,-0.008856961413524544,99.94585586089794,100,-0.05,NA
2021,Streamwood,Incentive,12.15308592209911,12392930,37212249,34,3,3997394.61,32798946.003,30982325,81997365.0075,96395215.38,793089162.559,842287581.5634999,11.444454066515615,938415077.4036485,398608408.9287482,0.04692063737188148,0.7086318555834961,4.135147241047102,9.735079419702714,-5.6,546746.9117647059
2021,Streamwood,Non-Incentive,12.15308592209911,299730653,899991166,14677,6,92397820.77,760290216.556,299730653,760290216.556,96395215.38,793089162.559,842287581.5634999,11.444454066515615,8701106460.596352,9239872327.536407,1.1347919105287827,0.7086318555834961,95.85405552663445,90.26492058029729,5.59,NA
2021,Summit,Incentive,13.95276037521319,1573831,4725742,17,2,577361.6599999999,4129025.6743,3934577.5,10322564.18575,22524739.66,162046705.1203,168240243.63175002,13.388437376079246,138203004.16147232,57611305.81661096,0.029162839173383442,0.5643229991339442,2.5576901969223895,6.135609389834444,-3.58,138867.4411764706
2021,Summit,Non-Incentive,13.95276037521319,66102741,198486679,3501,6,21947378,157917679.446,66102741,157917679.446,22524739.66,162046705.1203,168240243.63175002,13.388437376079246,2114270961.8385277,2203387540.3197675,1.2248732786800431,0.5643229991339442,97.82077722445771,93.86439061016556,3.96,NA
2021,Thornton,Incentive,20.353800133244505,714985,2146887,8,2,432380.29,2083391.5100000002,1787462.5,5208478.775,10569592.889999999,51880185.841869995,55005273.106869996,19.215599328930317,100084041.2536378,42404934.39383847,0.04138163665303125,1.138200804314188,4.011974239230938,9.469053566701547,-5.46,134059.6875
2021,Thornton,Non-Incentive,20.353800133244505,20154785,60518762,1493,7,10137212.6,49796794.33187,20154785,49796794.33187,10569592.889999999,51880185.841869995,55005273.106869996,19.215599328930317,956875247.7463621,1013553999.1071647,1.1665101236233086,1.138200804314188,95.89338110326828,90.53094643329845,5.36,NA
2021,Tinley Park,Incentive,12.864784283587108,6034063,18118480,20,3,2760622.56,20811506.3467,15085157.5,52028765.86675,150710182.95000002,1166079972.3083,1197297231.82835,12.587532898564865,654913802.0194443,267735539.76679954,0.015537939446926418,0.2772513850222431,1.7764926996049375,4.3455179285179435,-2.57,452554.725
2021,Tinley Park,Non-Incentive,12.864784283587108,472899221,1419828536,20799,7,147949560.39000002,1145268465.9616,472899221,1145268465.9616,150710182.95000002,1166079972.3083,1197297231.82835,12.587532898564865,14416104492.980556,14733631761.390709,1.2176081998813468,0.2772513850222431,97.76135542399795,95.65448207148205,2.11,NA
2021,University Park,Non-Incentive,20.70725,995216,2960898,4,2,619608.36,2950903.8101000004,995216,2950903.8101000004,619608.36,2950903.8101000004,2950903.8101000004,20.997240163480715,61960835.99999999,61105102.92169323,1.0033868233406296,-0.2899901634807165,98.6189129560699,99.99999999999999,-1.38,NA
2021,Westchester,Incentive,9.68692680115274,47893,143808,1,1,10311.72,104847.1784,119732.5,262117.946,54069539.59,554152735.7484001,554310006.516,9.754386345980441,2556799.7134988387,1015646.9424682027,2.595096815786408e-4,-0.06745954482770067,0.0187840871250186,0.04728724773479875,-0.03,71839.5
2021,Westchester,Non-Incentive,9.68692680115274,222005054,666614629,8674,5,54059227.870000005,554047888.57,222005054,554047888.57,54069539.59,554152735.7484001,554310006.516,9.754386345980441,5404397159.286501,5367021340.910821,1.2029438564436874,-0.06745954482770067,99.26145814460449,99.95271275226519,-0.69,NA
2021,Western Springs,Non-Incentive,8.037145855194124,282003960,846773216,5718,6,62892452.71,783263528.3818,282003960,783263528.3818,62892452.71,783263528.3818,783263528.3818,8.029539284170935,6289245271,6295203220.658509,1.0810834225224417,0.007606571023188735,100.0947323470748,100,0.09,NA
2021,Wheeling,Incentive,12.164830287206266,12906262,38753635,91,2,4642346.47,37461921.2976,32265655,93654803.244,129663803.61,1059245290.3486,1115438172.295,11.624472501529901,1088687684.9460714,455717914.81798196,0.03658608195203407,0.540357785676365,3.5146116505164424,8.39623437409412,-4.88,212740.58241758242
2021,Wheeling,Non-Incentive,12.164830287206266,420222896,1261673224,13697,6,125021457.14,1021783369.051,420222896,1021783369.051,129663803.61,1059245290.3486,1115438172.295,11.624472501529901,11877692676.053928,12429821274.795263,1.191105814201714,0.540357785676365,95.86192081933223,91.60376562590588,4.26,NA
2021,Willow Springs,Incentive,11.165558099101707,407881,1224745,6,1,97795.87,1224744.771,1019702.5,3061861.9274999998,18254021.46,164094004.0553,165931121.2118,11.000963126561388,33683430.163049676,13674958.897171516,0.0074636791700643645,0.16459497254031952,0.7491477386031031,1.8452607956476936,-1.1,101970.25
2021,Willow Springs,Non-Incentive,11.165558099101707,77095144,231493594,3445,6,18156225.59,162869259.2843,77095144,162869259.2843,18254021.46,164094004.0553,165931121.2118,11.000963126561388,1791718715.8369503,1818526177.0965118,1.4107376764478623,0.16459497254031952,99.62331758409753,98.1547392043523,1.47,NA
2021,Wilmette,Non-Incentive,8.615768833481745,675016197,2026871158,11230,7,165407871.01,1920277457.5049999,675016197,1920277457.5049999,165407871.01,1920277457.5049999,1920277457.5049999,8.613748516577028,16540787100.999998,16544666670.009144,1.055509530707868,0.0020203169047174896,100.02345456105236,100,0.02,NA
2021,Winnetka,Non-Incentive,8.662896207974981,468793613,1407646595,5116,5,118036507.47999999,1361680668.468,468793613,1361680668.468,118036507.47999999,1361680668.468,1361680668.468,8.668442624863033,11803650747.999998,11796098299.344275,1.0337567592728738,-0.005546416888051908,99.93601599355179,100,-0.06,NA
2021,Worth,Non-Incentive,13.252432369942197,70903537,212902086,4325,8,22944632.65,173363848.71425,70903537,173363848.71425,22944632.65,173363848.71425,173363848.71425,13.234958049309862,2294463265,2297492680.4784884,1.2280650641929367,0.017474320632334894,100.13203155285593,100,0.13,NA
2021,NA,Incentive,9.89365086042065,2966707,8908133,18,2,846101.49,9059405.36292,7416767.5,22648513.4073,232948670.06000003,2365522749.00972,2379111857.0541,9.791413101040373,221760950.89532575,89630593.6637529,0.0037658200512885437,0.10223775938027657,0.3847654233899123,0.9519734576643314,-0.57,247225.58333333334
2021,NA,Non-Incentive,9.89365086042065,959330363,2879272836,41822,7,232102568.57000002,2356463343.6468,959330363,2356463343.6468,232948670.06000003,2365522749.00972,2379111857.0541,9.791413101040373,23073106055.10468,23314025587.420883,1.217182475715083,0.10223775938027657,100.08224378965522,99.04802654233568,1.03,NA
